gps_week,gps_tow_ms,time_valid,rx_timer_us,fix,num_sv,flags,flags2,carr_soln,gnss_fix_ok,diff_soln,lat_deg,lon_deg,hmsl_m,h_acc_m,v_acc_m,vel_n_m_s,vel_e_m_s,vel_d_m_s,ground_speed_m_s,s_acc_m_s,pdop
2437,269175700,1,525138010,3,29,1,234,0,1,0,30.5391436,114.3666003,44.029,0.371,0.716,0.022,-0.011,-0.009,0.024,0.099,1.28
2437,269176700,1,526138139,3,28,1,234,0,1,0,30.5391435,114.3666001,44.054,0.37,0.715,-0.004,-0.003,-0.006,0.005,0.083,1.28
2437,269177700,1,527139946,3,28,1,234,0,1,0,30.5391433,114.3665999,44.092,0.371,0.715,-0.009,-0.014,0.005,0.017,0.072,1.28
2437,269178700,1,528139261,3,29,1,234,0,1,0,30.5391431,114.3665998,44.101,0.37,0.715,-0.001,0.0,0.015,0.001,0.094,1.28
2437,269179700,1,529142471,3,30,1,234,0,1,0,30.539143,114.3665996,44.12,0.37,0.713,0.013,-0.001,0.005,0.014,0.086,1.28
2437,269180700,1,530134950,3,28,1,234,0,1,0,30.5391429,114.3665995,44.149,0.37,0.713,-0.001,0.015,0.008,0.015,0.094,1.28
2437,269181700,1,531143419,3,29,1,234,0,1,0,30.5391428,114.3665991,44.213,0.37,0.713,0.01,-0.019,-0.007,0.022,0.101,1.28
2437,269182700,1,532138397,3,31,1,234,0,1,0,30.5391426,114.3665989,44.253,0.369,0.713,-0.001,-0.013,-0.014,0.013,0.1,1.34
2437,269183700,1,533139369,3,30,1,234,0,1,0,30.5391425,114.3665987,44.288,0.37,0.714,-0.015,-0.006,0.006,0.016,0.082,1.34
2437,269184700,1,534139785,3,29,1,234,0,1,0,30.5391424,114.3665985,44.327,0.37,0.715,-0.01,0.015,0.004,0.018,0.105,1.34
2437,269185700,1,535138684,3,30,1,234,0,1,0,30.5391422,114.3665984,44.363,0.37,0.715,0.02,0.001,0.005,0.02,0.085,1.34
2437,269186700,1,536139880,3,28,1,234,0,1,0,30.539142,114.3665981,44.413,0.37,0.716,-0.017,-0.008,0.012,0.019,0.081,1.34
2437,269187700,1,537141375,3,30,1,234,0,1,0,30.5391418,114.3665979,44.484,0.371,0.717,0.002,-0.022,-0.003,0.022,0.092,1.34
2437,269188700,1,538141023,3,30,1,234,0,1,0,30.5391417,114.3665976,44.55,0.371,0.717,-0.006,-0.007,-0.005,0.009,0.078,1.34
2437,269189700,1,539135952,3,28,1,234,0,1,0,30.5391416,114.3665974,44.62,0.371,0.718,0.027,-0.006,-0.006,0.028,0.093,1.34
2437,269190700,1,540140941,3,28,1,234,0,1,0,30.5391415,114.3665972,44.685,0.372,0.718,0.005,0.035,0.002,0.035,0.085,1.36
2437,269191700,1,541139884,3,28,1,234,0,1,0,30.5391414,114.366597,44.753,0.372,0.718,-0.011,0.014,-0.001,0.018,0.1,1.36
2437,269192700,1,542140279,3,28,1,234,0,1,0,30.5391414,114.3665966,44.83,0.372,0.718,0.009,-0.021,-0.006,0.023,0.101,1.36
2437,269193700,1,543141093,3,28,1,234,0,1,0,30.5391413,114.3665964,44.894,0.372,0.718,-0.025,0.012,0.0,0.028,0.098,1.36
2437,269194700,1,544140366,3,29,1,234,0,1,0,30.5391413,114.3665962,44.943,0.373,0.718,-0.003,0.021,0.013,0.021,0.1,1.36
2437,269195700,1,545141552,3,29,1,234,0,1,0,30.5391412,114.366596,45.006,0.373,0.718,-0.003,0.008,0.011,0.008,0.105,1.36
2437,269196700,1,546140431,3,28,1,234,0,1,0,30.5391412,114.3665957,45.081,0.373,0.719,-0.01,0.004,0.004,0.01,0.098,1.36
2437,269197700,1,547141354,3,29,1,234,0,1,0,30.5391412,114.3665954,45.16,0.374,0.719,0.012,-0.014,-0.005,0.018,0.104,1.36
2437,269198700,1,548134650,3,30,1,234,0,1,0,30.5391411,114.3665952,45.227,0.374,0.719,-0.003,0.015,0.005,0.016,0.098,1.34
2437,269199700,1,549141490,3,29,1,234,0,1,0,30.5391411,114.366595,45.295,0.374,0.719,0.008,-0.004,-0.002,0.009,0.097,1.36
2437,269200700,1,550141855,3,29,1,234,0,1,0,30.5391412,114.3665947,45.378,0.374,0.719,-0.003,0.007,-0.004,0.007,0.095,1.34
2437,269201700,1,551141890,3,29,1,234,0,1,0,30.5391413,114.3665944,45.466,0.374,0.719,-0.008,-0.006,-0.008,0.01,0.086,1.34
2437,269202700,1,552143067,3,30,1,234,0,1,0,30.5391413,114.3665942,45.542,0.374,0.719,0.023,0.006,-0.014,0.023,0.084,1.34
2437,269203700,1,553142772,3,30,1,234,0,1,0,30.5391413,114.3665941,45.614,0.374,0.718,0.004,0.001,-0.007,0.004,0.088,1.34
2437,269204700,1,554141181,3,27,1,234,0,1,0,30.5391412,114.366594,45.67,0.374,0.718,-0.01,-0.007,0.008,0.013,0.077,1.34
2437,269205700,1,555141890,3,28,1,234,0,1,0,30.5391412,114.3665938,45.718,0.374,0.718,0.021,-0.033,0.002,0.039,0.096,1.37
2437,269206700,1,556142124,3,29,1,234,0,1,0,30.5391412,114.3665938,45.753,0.373,0.718,-0.001,0.01,0.0,0.01,0.098,1.37
2437,269207700,1,557137301,3,27,1,234,0,1,0,30.5391412,114.3665938,45.813,0.373,0.717,-0.002,-0.008,-0.011,0.008,0.088,1.34
2437,269208700,1,558141391,3,29,1,234,0,1,0,30.5391412,114.3665938,45.864,0.373,0.717,0.011,-0.01,-0.004,0.015,0.099,1.34
2437,269209700,1,559142562,3,28,1,234,0,1,0,30.5391411,114.3665939,45.895,0.372,0.716,-0.014,0.013,0.006,0.019,0.099,1.34
2437,269210700,1,560141122,3,29,1,234,0,1,0,30.539141,114.366594,45.92,0.372,0.716,0.003,0.008,0.003,0.009,0.074,1.34
2437,269211700,1,561141499,3,29,1,234,0,1,0,30.5391409,114.366594,45.949,0.372,0.715,0.012,-0.002,0.002,0.013,0.087,1.23
2437,269212700,1,562142527,3,29,1,234,0,1,0,30.5391409,114.366594,45.946,0.371,0.715,0.014,-0.01,0.003,0.017,0.095,1.23
2437,269213700,1,563141813,3,29,1,234,0,1,0,30.5391409,114.3665941,45.939,0.371,0.715,0.017,-0.015,-0.005,0.023,0.098,1.23
2437,269214700,1,564140831,3,29,1,234,0,1,0,30.539141,114.3665943,45.921,0.371,0.716,0.011,-0.008,-0.003,0.013,0.101,1.23
2437,269215700,1,565140629,3,28,1,234,0,1,0,30.5391409,114.3665945,45.866,0.37,0.716,0.007,-0.001,-0.004,0.007,0.092,1.23
2437,269216700,1,566136442,3,28,1,234,0,1,0,30.5391409,114.3665947,45.802,0.37,0.717,-0.002,0.004,-0.003,0.005,0.096,1.23
2437,269217700,1,567142111,3,28,1,234,0,1,0,30.5391409,114.3665949,45.728,0.37,0.717,0.018,-0.001,0.001,0.018,0.09,1.23
2437,269218700,1,568139870,3,29,1,234,0,1,0,30.5391409,114.3665952,45.639,0.37,0.719,0.01,0.016,0.006,0.019,0.084,1.37
2437,269219700,1,569140218,3,29,1,234,0,1,0,30.5391409,114.3665955,45.537,0.37,0.72,-0.007,0.007,0.004,0.01,0.106,1.37
2437,269220700,1,570140042,3,29,1,234,0,1,0,30.539141,114.3665958,45.44,0.37,0.722,-0.001,0.003,0.002,0.003,0.097,1.37
2437,269221700,1,571138722,3,28,1,234,0,1,0,30.539141,114.366596,45.344,0.37,0.723,0.023,0.013,-0.002,0.027,0.078,1.37
2437,269222700,1,572142094,3,28,1,234,0,1,0,30.539141,114.3665962,45.246,0.37,0.725,0.006,-0.009,0.016,0.011,0.095,1.37
2437,269223700,1,573141177,3,27,1,234,0,1,0,30.539141,114.3665964,45.175,0.37,0.726,0.007,0.01,-0.002,0.012,0.076,1.37
2437,269224700,1,574139168,3,28,1,234,0,1,0,30.539141,114.3665966,45.088,0.37,0.727,0.015,-0.013,0.013,0.02,0.098,1.37
2437,269225700,1,575136363,3,26,1,234,0,1,0,30.539141,114.3665968,45.017,0.37,0.728,0.018,0.011,0.012,0.021,0.087,1.53
2437,269226700,1,576140597,3,26,1,234,0,1,0,30.539141,114.366597,44.946,0.37,0.729,-0.02,0.008,0.008,0.022,0.101,1.53
2437,269227700,1,577138471,3,27,1,234,0,1,0,30.539141,114.3665972,44.863,0.37,0.73,-0.001,-0.01,0.005,0.01,0.077,1.53
2437,269228700,1,578138333,3,26,1,234,0,1,0,30.539141,114.3665974,44.79,0.369,0.73,-0.011,0.005,0.01,0.012,0.103,1.53
2437,269229700,1,579139730,3,28,1,234,0,1,0,30.539141,114.3665976,44.724,0.369,0.731,0.009,-0.013,0.001,0.016,0.099,1.4
2437,269230700,1,580137708,3,28,1,234,0,1,0,30.539141,114.3665977,44.697,0.37,0.731,-0.007,0.001,0.0,0.007,0.091,1.28
2437,269231700,1,581137692,3,28,1,234,0,1,0,30.5391409,114.3665977,44.665,0.369,0.73,0.003,0.01,-0.001,0.011,0.082,1.28
2437,269232700,1,582138590,3,27,1,234,0,1,0,30.5391409,114.3665978,44.641,0.369,0.73,-0.002,-0.01,-0.003,0.01,0.088,1.28
2437,269233700,1,583138110,3,27,1,234,0,1,0,30.5391409,114.3665978,44.619,0.369,0.729,0.018,-0.01,-0.006,0.021,0.102,1.28
2437,269234700,1,584135944,3,26,1,234,0,1,0,30.5391409,114.3665978,44.622,0.369,0.728,0.017,-0.016,-0.003,0.023,0.101,1.28
2437,269235700,1,585139357,3,28,1,234,0,1,0,30.5391409,114.3665977,44.63,0.369,0.727,0.026,-0.005,0.003,0.027,0.095,1.28
2437,269236700,1,586139047,3,27,1,234,0,1,0,30.5391408,114.3665977,44.642,0.37,0.726,0.008,-0.01,0.005,0.013,0.095,1.28
2437,269237700,1,587140525,3,27,1,234,0,1,0,30.5391408,114.3665977,44.67,0.37,0.725,-0.027,0.005,-0.004,0.028,0.094,1.28
2437,269238700,1,588139207,3,27,1,234,0,1,0,30.5391408,114.3665977,44.695,0.37,0.724,-0.008,0.021,-0.003,0.022,0.093,1.28
2437,269239700,1,589139601,3,27,1,234,0,1,0,30.5391408,114.3665976,44.746,0.37,0.723,-0.008,0.037,-0.005,0.038,0.091,1.28
2437,269240700,1,590140493,3,27,1,234,0,1,0,30.5391408,114.3665975,44.791,0.37,0.721,0.001,0.009,-0.003,0.009,0.078,1.28
2437,269241700,1,591140716,3,28,1,234,0,1,0,30.5391408,114.3665973,44.855,0.37,0.721,-0.011,0.018,-0.006,0.022,0.097,1.28
2437,269242700,1,592142640,3,28,1,234,0,1,0,30.5391409,114.3665971,44.918,0.371,0.72,0.021,0.011,-0.002,0.024,0.083,1.28
2437,269243700,1,593137771,3,27,1,234,0,1,0,30.5391409,114.366597,44.986,0.371,0.719,0.01,0.02,0.0,0.022,0.078,1.28
2437,269244700,1,594144590,3,27,1,234,0,1,0,30.539141,114.3665968,45.054,0.371,0.718,0.014,-0.004,-0.002,0.015,0.101,1.28
2437,269245700,1,595140503,3,27,1,234,0,1,0,30.539141,114.3665966,45.113,0.372,0.718,-0.026,0.015,-0.003,0.03,0.102,1.28
2437,269246700,1,596141766,3,28,1,234,0,1,0,30.539141,114.3665963,45.179,0.372,0.718,-0.016,0.013,-0.008,0.021,0.099,1.28
2437,269247700,1,597143710,3,27,1,234,0,1,0,30.5391411,114.3665961,45.232,0.373,0.717,-0.017,0.021,0.006,0.027,0.103,1.28
2437,269248700,1,598139756,3,28,1,234,0,1,0,30.5391411,114.3665959,45.299,0.373,0.717,-0.012,0.012,-0.005,0.017,0.1,1.28
2437,269249700,1,599139268,3,28,1,234,0,1,0,30.5391412,114.3665956,45.344,0.374,0.716,0.012,0.007,0.0,0.013,0.085,1.28
2437,269250700,1,600140104,3,28,1,234,0,1,0,30.5391412,114.3665954,45.389,0.375,0.716,-0.008,-0.015,0.0,0.018,0.079,1.28
2437,269251700,1,601140466,3,29,1,234,0,1,0,30.5391412,114.3665953,45.425,0.375,0.715,-0.009,0.004,-0.005,0.009,0.099,1.28
2437,269252700,1,602137105,3,29,1,234,0,1,0,30.5391413,114.3665951,45.446,0.376,0.715,0.002,0.005,0.008,0.005,0.091,1.28
2437,269253700,1,603141079,3,28,1,234,0,1,0,30.5391413,114.366595,45.473,0.377,0.715,-0.004,0.018,0.006,0.018,0.097,1.28
2437,269254700,1,604141222,3,29,1,234,0,1,0,30.5391414,114.3665948,45.492,0.377,0.715,0.007,-0.031,-0.004,0.032,0.093,1.28
2437,269255700,1,605144557,3,28,1,234,0,1,0,30.5391415,114.3665947,45.471,0.378,0.716,-0.018,0.008,0.001,0.02,0.104,1.28
2437,269256700,1,606143619,3,30,1,234,0,1,0,30.5391415,114.3665945,45.467,0.378,0.716,-0.006,0.01,0.004,0.012,0.103,1.22
2437,269257700,1,607143812,3,28,1,234,0,1,0,30.5391417,114.3665943,45.431,0.379,0.717,-0.004,0.02,0.002,0.02,0.095,1.22
2437,269258700,1,608142949,3,30,1,234,0,1,0,30.5391417,114.3665941,45.392,0.379,0.717,0.011,0.008,0.002,0.014,0.084,1.19
2437,269259700,1,609143948,3,30,1,234,0,1,0,30.5391418,114.3665938,45.366,0.38,0.717,-0.028,0.02,0.0,0.034,0.104,1.22
2437,269260700,1,610141876,3,29,1,234,0,1,0,30.5391419,114.3665936,45.354,0.38,0.717,0.013,0.012,-0.004,0.018,0.08,1.19
2437,269261700,1,611137566,3,30,1,234,0,1,0,30.5391419,114.3665934,45.35,0.38,0.717,-0.011,0.023,0.005,0.025,0.101,1.19
2437,269262700,1,612143295,3,30,1,234,0,1,0,30.5391419,114.3665933,45.342,0.38,0.717,-0.014,0.015,0.003,0.021,0.102,1.29
2437,269263700,1,613142921,3,30,1,234,0,1,0,30.5391419,114.3665931,45.334,0.381,0.717,-0.005,-0.013,0.0,0.014,0.081,1.29
2437,269264700,1,614144048,3,30,1,234,0,1,0,30.5391419,114.366593,45.34,0.381,0.717,-0.001,0.014,-0.016,0.014,0.088,1.19
2437,269265700,1,615146179,3,30,1,234,0,1,0,30.5391419,114.3665929,45.305,0.381,0.717,0.004,0.022,0.0,0.022,0.083,1.29
2437,269266700,1,616144376,3,30,1,234,0,1,0,30.5391419,114.3665928,45.268,0.382,0.717,0.013,-0.004,0.009,0.013,0.095,1.29
2437,269267700,1,617141657,3,29,1,234,0,1,0,30.5391418,114.3665928,45.23,0.382,0.717,0.015,0.008,0.008,0.017,0.09,1.29
2437,269268700,1,618145170,3,29,1,234,0,1,0,30.5391418,114.3665927,45.209,0.382,0.717,0.016,-0.009,0.002,0.019,0.1,1.29
2437,269269700,1,619141305,3,29,1,234,0,1,0,30.5391418,114.3665927,45.166,0.383,0.717,0.008,0.008,0.006,0.011,0.089,1.33
2437,269270700,1,620136564,3,29,1,234,0,1,0,30.5391418,114.3665926,45.115,0.383,0.717,-0.032,0.02,0.005,0.038,0.101,1.3
2437,269271700,1,621143724,3,30,1,234,0,1,0,30.5391418,114.3665925,45.099,0.383,0.717,0.015,-0.013,-0.004,0.02,0.099,1.26
2437,269272700,1,622143460,3,28,1,234,0,1,0,30.5391418,114.3665923,45.102,0.383,0.717,0.006,-0.013,0.0,0.014,0.093,1.2
2437,269273700,1,623142343,3,30,1,234,0,1,0,30.5391417,114.3665922,45.115,0.384,0.717,-0.015,-0.005,0.006,0.016,0.087,1.18
2437,269274700,1,624144135,3,30,1,234,0,1,0,30.5391417,114.366592,45.149,0.384,0.716,0.011,-0.002,-0.002,0.012,0.097,1.18
2437,269275700,1,625145008,3,30,1,234,0,1,0,30.5391417,114.3665918,45.177,0.384,0.716,-0.004,-0.011,0.002,0.012,0.077,1.18
2437,269276700,1,626145002,3,29,1,234,0,1,0,30.5391417,114.3665916,45.216,0.384,0.716,0.019,-0.003,-0.008,0.02,0.098,1.18
2437,269277700,1,627146310,3,30,1,234,0,1,0,30.5391417,114.3665915,45.254,0.384,0.716,0.014,-0.008,0.0,0.017,0.098,1.18
2437,269278700,1,628147773,3,30,1,234,0,1,0,30.5391417,114.3665914,45.295,0.384,0.716,0.004,-0.006,0.001,0.007,0.098,1.18
2437,269279700,1,629141145,3,30,1,234,0,1,0,30.5391417,114.3665913,45.337,0.384,0.715,0.0,-0.005,0.0,0.005,0.098,1.18
2437,269280700,1,630147894,3,31,1,234,0,1,0,30.5391418,114.3665912,45.39,0.384,0.714,0.004,-0.01,-0.001,0.01,0.092,1.18
2437,269281700,1,631143358,3,29,1,234,0,1,0,30.5391418,114.3665911,45.426,0.384,0.713,0.003,-0.001,0.008,0.003,0.094,1.18
2437,269282700,1,632148273,3,30,1,234,0,1,0,30.5391417,114.3665911,45.46,0.384,0.712,0.01,-0.01,-0.002,0.014,0.099,1.18
2437,269283700,1,633148138,3,30,1,234,0,1,0,30.5391417,114.366591,45.486,0.384,0.712,0.002,-0.011,0.003,0.011,0.086,1.18
2437,269284700,1,634146602,3,31,1,234,0,1,0,30.5391417,114.3665911,45.486,0.383,0.712,0.028,0.008,0.007,0.029,0.089,1.22
2437,269285700,1,635151677,3,31,1,234,0,1,0,30.5391417,114.3665912,45.483,0.383,0.712,-0.023,0.007,-0.003,0.024,0.097,1.26
2437,269286700,1,636148347,3,29,1,234,0,1,0,30.5391417,114.3665913,45.481,0.383,0.713,0.024,0.012,0.001,0.027,0.086,1.26
2437,269287700,1,637149022,3,30,1,234,0,1,0,30.5391418,114.3665913,45.491,0.383,0.713,-0.004,0.007,-0.004,0.008,0.096,1.22
2437,269288700,1,638142932,3,31,1,234,0,1,0,30.5391419,114.3665913,45.498,0.383,0.713,0.02,0.009,0.007,0.022,0.088,1.22
2437,269289700,1,639148952,3,31,1,234,0,1,0,30.539142,114.3665913,45.505,0.383,0.714,-0.009,0.017,-0.001,0.019,0.093,1.22
2437,269290700,1,640148603,3,30,1,234,0,1,0,30.5391422,114.3665912,45.507,0.383,0.714,0.024,-0.014,0.001,0.028,0.1,1.22
2437,269291700,1,641150327,3,31,1,234,0,1,0,30.5391424,114.3665911,45.485,0.383,0.715,0.014,-0.008,0.004,0.016,0.098,1.22
2437,269292700,1,642147212,3,31,1,234,0,1,0,30.5391426,114.366591,45.471,0.383,0.715,0.0,-0.013,0.008,0.013,0.085,1.22
2437,269293700,1,643146902,3,31,1,234,0,1,0,30.5391427,114.3665909,45.471,0.383,0.716,-0.014,0.011,0.002,0.018,0.101,1.22
2437,269294700,1,644149250,3,31,1,234,0,1,0,30.5391428,114.3665909,45.468,0.383,0.716,0.021,0.003,0.003,0.021,0.091,1.22
2437,269295700,1,645150212,3,31,1,234,0,1,0,30.5391429,114.3665908,45.49,0.383,0.716,-0.003,-0.004,0.002,0.005,0.087,1.22
2437,269296700,1,646148626,3,31,1,234,0,1,0,30.5391431,114.3665907,45.519,0.383,0.716,0.004,0.015,0.006,0.016,0.087,1.22
2437,269297700,1,647144722,3,30,1,234,0,1,0,30.5391432,114.3665906,45.553,0.383,0.716,0.004,-0.013,-0.006,0.013,0.096,1.22
2437,269298700,1,648151604,3,31,1,234,0,1,0,30.5391434,114.3665905,45.577,0.382,0.715,-0.009,0.009,0.004,0.013,0.1,1.22
2437,269299700,1,649149373,3,30,1,234,0,1,0,30.5391435,114.3665904,45.621,0.382,0.715,-0.004,-0.005,0.009,0.006,0.09,1.22
2437,269300700,1,650147899,3,31,1,234,0,1,0,30.5391436,114.3665904,45.663,0.382,0.714,0.007,0.007,0.012,0.01,0.094,1.22
2437,269301700,1,651149933,3,31,1,234,0,1,0,30.5391437,114.3665903,45.719,0.382,0.714,-0.008,-0.002,0.006,0.008,0.093,1.22
2437,269302700,1,652149502,3,31,1,234,0,1,0,30.5391439,114.3665902,45.743,0.382,0.714,0.009,-0.003,0.005,0.009,0.094,1.22
2437,269303700,1,653147172,3,31,1,234,0,1,0,30.5391441,114.36659,45.803,0.382,0.714,0.0,0.002,-0.009,0.002,0.096,1.14
2437,269304700,1,654151043,3,30,1,234,0,1,0,30.5391443,114.3665898,45.853,0.381,0.713,-0.011,0.018,0.001,0.021,0.093,1.14
2437,269305700,1,655147238,3,30,1,234,0,1,0,30.5391444,114.3665896,45.896,0.381,0.713,-0.01,0.015,-0.002,0.018,0.093,1.14
2437,269306700,1,656145312,3,30,1,234,0,1,0,30.5391446,114.3665895,45.956,0.381,0.712,-0.012,0.031,0.006,0.033,0.091,1.14
2437,269307700,1,657151327,3,31,1,234,0,1,0,30.5391447,114.3665893,46.021,0.381,0.711,0.004,0.008,-0.004,0.009,0.081,1.14
2437,269308700,1,658148400,3,30,1,234,0,1,0,30.5391448,114.3665892,46.053,0.381,0.711,-0.02,-0.004,0.013,0.02,0.09,1.14
2437,269309700,1,659148570,3,30,1,234,0,1,0,30.5391449,114.3665891,46.087,0.38,0.71,-0.006,-0.012,0.001,0.013,0.076,1.14
2437,269310700,1,660150255,3,30,1,234,0,1,0,30.539145,114.366589,46.117,0.38,0.71,0.011,-0.016,0.003,0.02,0.091,1.14
2437,269311700,1,661148479,3,30,1,234,0,1,0,30.5391452,114.3665889,46.161,0.38,0.709,0.021,-0.006,0.0,0.022,0.093,1.14
2437,269312700,1,662154404,3,30,1,234,0,1,0,30.5391452,114.3665888,46.206,0.38,0.709,0.003,-0.008,-0.005,0.009,0.098,1.14
2437,269313700,1,663152809,3,30,1,234,0,1,0,30.5391452,114.3665887,46.263,0.38,0.708,-0.007,-0.007,0.001,0.01,0.079,1.14
2437,269314700,1,664152698,3,30,1,234,0,1,0,30.5391453,114.3665885,46.344,0.379,0.707,-0.002,0.001,-0.005,0.002,0.089,1.14
2437,269315700,1,665143866,3,29,1,234,0,1,0,30.5391454,114.3665884,46.403,0.379,0.707,0.012,-0.014,-0.001,0.019,0.094,1.22
2437,269316700,1,666149689,3,30,1,234,0,1,0,30.5391454,114.3665884,46.408,0.379,0.708,0.005,0.016,0.008,0.016,0.088,1.14
2437,269317700,1,667150642,3,30,1,234,0,1,0,30.5391454,114.3665884,46.431,0.379,0.709,-0.008,0.008,0.009,0.011,0.102,1.14
2437,269318700,1,668155402,3,29,1,234,0,1,0,30.5391454,114.3665883,46.458,0.379,0.709,-0.013,0.014,0.005,0.019,0.097,1.22
2437,269319700,1,669155016,3,30,1,234,0,1,0,30.5391455,114.3665883,46.458,0.379,0.71,0.017,-0.005,-0.007,0.017,0.096,1.14
2437,269320700,1,670152049,3,30,1,234,0,1,0,30.5391456,114.3665882,46.472,0.379,0.711,0.009,-0.001,0.005,0.009,0.09,1.14
2437,269321700,1,671153185,3,30,1,234,0,1,0,30.5391456,114.3665882,46.5,0.379,0.711,0.018,-0.004,-0.009,0.018,0.097,1.14
2437,269322700,1,672155294,3,29,1,234,0,1,0,30.5391456,114.3665883,46.477,0.378,0.712,0.002,0.011,0.007,0.011,0.092,1.22
2437,269323700,1,673154139,3,30,1,234,0,1,0,30.5391455,114.3665884,46.454,0.378,0.712,0.011,-0.014,-0.005,0.018,0.096,1.14
2437,269324700,1,674147228,3,30,1,234,0,1,0,30.5391454,114.3665884,46.461,0.378,0.713,-0.02,-0.013,0.0,0.024,0.08,1.14
2437,269325700,1,675152374,3,29,1,234,0,1,0,30.5391454,114.3665884,46.427,0.378,0.713,-0.009,-0.003,0.004,0.01,0.086,1.22
2437,269326700,1,676152462,3,30,1,234,0,1,0,30.5391453,114.3665886,46.403,0.377,0.713,0.015,0.008,-0.003,0.017,0.082,1.14
2437,269327700,1,677155428,3,30,1,234,0,1,0,30.5391451,114.3665888,46.402,0.377,0.714,-0.005,0.004,-0.004,0.007,0.092,1.14
2437,269328700,1,678154728,3,29,1,234,0,1,0,30.5391449,114.3665891,46.358,0.376,0.714,-0.009,-0.009,-0.002,0.013,0.079,1.22
2437,269329700,1,679151009,3,30,1,234,0,1,0,30.5391448,114.3665894,46.312,0.375,0.714,0.002,0.007,0.007,0.007,0.087,1.14
2437,269330700,1,680153724,3,30,1,234,0,1,0,30.5391446,114.3665896,46.295,0.375,0.714,0.017,0.01,0.007,0.02,0.084,1.14
2437,269331700,1,681153814,3,29,1,234,0,1,0,30.5391444,114.3665898,46.268,0.374,0.714,-0.009,0.016,0.004,0.019,0.095,1.22
2437,269332700,1,682152109,3,30,1,234,0,1,0,30.5391443,114.36659,46.228,0.374,0.713,0.01,-0.011,-0.006,0.015,0.099,1.14
2437,269333700,1,683147050,3,30,1,234,0,1,0,30.5391441,114.3665902,46.214,0.373,0.713,0.004,-0.009,-0.004,0.01,0.097,1.14
2437,269334700,1,684153025,3,29,1,234,0,1,0,30.5391439,114.3665905,46.173,0.373,0.713,-0.022,0.019,0.008,0.029,0.097,1.22
2437,269335700,1,685152229,3,30,1,234,0,1,0,30.5391438,114.3665906,46.135,0.373,0.713,-0.004,-0.004,0.007,0.006,0.088,1.14
2437,269336700,1,686152384,3,30,1,234,0,1,0,30.5391437,114.3665907,46.122,0.372,0.712,-0.022,0.0,0.013,0.022,0.093,1.14
2437,269337700,1,687151367,3,29,1,234,0,1,0,30.5391436,114.3665909,46.08,0.372,0.712,0.002,-0.014,0.005,0.015,0.083,1.22
2437,269338700,1,688152073,3,30,3,234,0,1,1,30.5391435,114.3665911,46.062,0.371,0.712,0.009,0.017,0.006,0.019,0.081,1.14
2437,269339700,1,689152173,3,30,3,234,0,1,1,30.5391434,114.3665911,46.065,0.371,0.712,-0.001,-0.002,-0.001,0.002,0.086,1.14
2437,269340700,1,690156561,3,29,1,234,0,1,0,30.5391433,114.3665913,46.023,0.371,0.711,-0.014,0.005,0.003,0.014,0.094,1.23
2437,269341700,1,691152389,3,30,3,234,0,1,1,30.5391433,114.3665913,45.997,0.37,0.711,0.014,-0.001,0.0,0.014,0.09,1.14
2437,269342700,1,692147524,3,30,3,234,0,1,1,30.5391432,114.3665913,45.994,0.37,0.71,-0.019,0.006,0.001,0.02,0.092,1.23
2437,269343700,1,693156511,3,30,3,234,0,1,1,30.5391432,114.3665914,45.95,0.37,0.71,0.002,0.004,0.0,0.005,0.081,1.23
2437,269344700,1,694155690,3,29,3,234,0,1,1,30.5391432,114.3665914,45.91,0.37,0.71,0.008,-0.013,0.0,0.015,0.09,1.23
2437,269345700,1,695155916,3,30,3,234,0,1,1,30.5391432,114.3665914,45.87,0.369,0.71,0.006,0.002,0.003,0.006,0.086,1.23
2437,269346700,1,696155957,3,30,3,234,0,1,1,30.5391431,114.3665915,45.829,0.369,0.709,-0.026,0.006,0.002,0.027,0.092,1.23
2437,269347700,1,697156844,3,29,3,234,0,1,1,30.5391431,114.3665915,45.782,0.369,0.709,-0.009,0.009,0.009,0.012,0.1,1.23
2437,269348700,1,698157187,3,29,3,234,0,1,1,30.539143,114.3665916,45.738,0.369,0.708,-0.004,0.005,0.013,0.006,0.099,1.23
2437,269349700,1,699156780,3,30,3,234,0,1,1,30.5391429,114.3665916,45.704,0.369,0.707,0.008,-0.012,0.0,0.014,0.092,1.23
2437,269350700,1,700156308,3,29,3,234,0,1,1,30.5391428,114.3665916,45.667,0.369,0.706,0.0,0.002,-0.002,0.002,0.086,1.23
2437,269351700,1,701149148,3,30,3,234,0,1,1,30.5391427,114.3665917,45.614,0.369,0.705,0.006,0.002,0.005,0.006,0.088,1.23
2437,269352700,1,702157033,3,29,3,234,0,1,1,30.5391427,114.3665918,45.6,0.369,0.705,-0.003,-0.002,0.007,0.003,0.091,1.23
2437,269353700,1,703157312,3,30,3,234,0,1,1,30.5391427,114.3665919,45.594,0.369,0.703,-0.009,0.002,-0.003,0.01,0.091,1.23
2437,269354700,1,704155331,3,29,3,234,0,1,1,30.5391425,114.3665922,45.561,0.368,0.701,-0.005,-0.013,-0.003,0.014,0.079,1.23
2437,269355700,1,705152734,3,30,3,234,0,1,1,30.5391424,114.3665923,45.557,0.367,0.699,0.023,-0.001,0.003,0.023,0.09,1.23
2437,269356700,1,706153664,3,30,3,234,0,1,1,30.5391423,114.3665925,45.555,0.366,0.696,-0.017,-0.006,0.001,0.018,0.083,1.23
2437,269357700,1,707153687,3,30,3,234,0,1,1,30.5391422,114.3665924,45.521,0.365,0.694,0.004,-0.019,0.008,0.019,0.083,1.23
2437,269358700,1,708152993,3,30,3,234,0,1,1,30.5391421,114.3665924,45.501,0.363,0.691,-0.009,0.003,0.008,0.009,0.098,1.23
2437,269359700,1,709151724,3,30,3,234,0,1,1,30.539142,114.3665924,45.534,0.362,0.688,0.007,0.0,-0.002,0.007,0.09,1.23
2437,269360700,1,710145886,3,30,3,234,0,1,1,30.5391418,114.3665924,45.559,0.361,0.685,0.018,-0.013,-0.009,0.023,0.099,1.23
2437,269361700,1,711152148,3,30,3,234,0,1,1,30.5391417,114.3665925,45.613,0.36,0.682,-0.002,0.032,0.0,0.032,0.084,1.14
2437,269362700,1,712150142,3,30,3,234,0,1,1,30.5391416,114.3665925,45.66,0.36,0.68,-0.003,0.0,-0.001,0.003,0.089,1.23
2437,269363700,1,713156792,3,29,3,234,0,1,1,30.5391415,114.3665926,45.682,0.359,0.678,-0.026,0.023,-0.008,0.035,0.096,1.23
2437,269364700,1,714156318,3,29,3,234,0,1,1,30.5391414,114.3665926,45.679,0.358,0.676,0.023,-0.005,0.01,0.024,0.091,1.27
2437,269365700,1,715150472,3,30,3,234,0,1,1,30.5391413,114.3665926,45.731,0.358,0.673,-0.003,0.003,0.001,0.004,0.098,1.18
2437,269366700,1,716150483,3,29,3,234,0,1,1,30.5391412,114.3665925,45.798,0.358,0.671,0.019,-0.001,0.009,0.019,0.092,1.18
2437,269367700,1,717152227,3,30,3,234,0,1,1,30.5391412,114.3665925,45.85,0.357,0.67,0.035,-0.016,-0.005,0.038,0.1,1.18
2437,269368700,1,718152387,3,30,3,234,0,1,1,30.539141,114.3665925,45.918,0.357,0.668,-0.001,-0.011,0.0,0.012,0.081,1.12
2437,269369700,1,719148225,3,29,3,234,0,1,1,30.5391409,114.3665923,46.03,0.357,0.666,-0.005,0.003,0.002,0.006,0.098,1.17
2437,269371100,1,720587922,3,30,3,234,0,1,1,30.539141,114.366592,46.11,0.365,0.678,0.005,-0.014,-0.007,0.015,0.11,1.18
2437,269372900,1,722384828,3,29,3,234,0,1,1,30.5391409,114.366592,46.256,0.375,0.696,0.003,0.012,0.0,0.013,0.083,1.25
2437,269374700,1,724187940,3,29,3,234,0,1,1,30.5391409,114.3665919,46.407,0.385,0.714,0.006,0.008,-0.004,0.01,0.084,1.27
2437,269376400,1,725882919,3,29,3,234,0,1,1,30.5391408,114.3665919,46.538,0.393,0.726,0.034,-0.026,-0.009,0.042,0.109,1.25
2437,269377900,1,727387933,3,30,3,234,0,1,1,30.5391407,114.3665923,46.637,0.397,0.733,0.021,-0.014,0.014,0.025,0.097,1.18
2437,269379700,1,729187815,3,28,3,234,0,1,1,30.5391403,114.3665927,46.7,0.404,0.745,-0.011,-0.001,0.01,0.011,0.104,1.39
2437,269381500,1,730986536,3,30,3,234,0,1,1,30.5391398,114.3665933,46.725,0.409,0.755,-0.002,-0.003,-0.014,0.004,0.107,1.18
2437,269383200,1,732681515,3,30,3,234,0,1,1,30.5391393,114.3665939,46.798,0.412,0.761,-0.005,0.004,0.022,0.006,0.119,1.21
2437,269385100,1,734594803,3,30,3,234,0,1,1,30.5391389,114.3665942,46.912,0.417,0.77,-0.022,0.023,0.006,0.032,0.106,1.14
2437,269386900,1,736387968,3,30,3,234,0,1,1,30.5391386,114.3665942,47.097,0.42,0.775,0.003,-0.023,0.002,0.023,0.083,1.14
2437,269388700,1,738189690,3,30,3,234,0,1,1,30.5391385,114.3665946,47.189,0.423,0.778,0.004,-0.001,0.023,0.005,0.11,1.14
2437,269390500,1,739987276,3,30,3,234,0,1,1,30.5391383,114.3665945,47.382,0.425,0.783,-0.008,-0.007,-0.016,0.011,0.11,1.19
2437,269392300,1,741785167,3,30,3,234,0,1,1,30.5391382,114.3665945,47.504,0.428,0.788,-0.016,0.022,0.011,0.028,0.105,1.2
2437,269393600,1,743083080,3,30,3,234,0,1,1,30.5391381,114.3665944,47.678,0.425,0.782,-0.005,-0.029,-0.008,0.029,0.086,1.2
2437,269395200,1,744691107,3,30,3,234,0,1,1,30.539138,114.3665941,47.875,0.427,0.784,0.001,0.012,0.009,0.012,0.107,1.14
2437,269397100,1,746612271,3,30,3,234,0,1,1,30.539138,114.366594,48.104,0.431,0.791,-0.022,-0.004,-0.001,0.022,0.084,1.14
2437,269399000,1,748496602,3,30,3,234,0,1,1,30.5391379,114.3665936,48.34,0.434,0.795,0.011,0.006,0.014,0.012,0.11,1.14
2437,269401000,1,750509469,3,30,3,234,0,1,1,30.5391381,114.3665932,48.567,0.438,0.804,0.003,-0.006,-0.002,0.006,0.103,1.13
2437,269402900,1,752385074,3,30,3,234,0,1,1,30.5391382,114.3665929,48.77,0.441,0.811,-0.009,0.015,0.001,0.018,0.1,1.21
2437,269404800,1,754349177,3,30,3,234,0,1,1,30.5391383,114.3665926,48.953,0.445,0.818,-0.006,0.006,-0.017,0.008,0.114,1.21
2437,269406700,1,756190121,3,30,3,234,0,1,1,30.5391383,114.3665923,49.123,0.45,0.826,-0.007,-0.023,-0.002,0.024,0.078,1.22
2437,269408500,1,757989839,3,30,3,234,0,1,1,30.5391387,114.3665919,49.316,0.452,0.829,0.0,-0.003,-0.012,0.003,0.103,1.21
2437,269410500,1,759991301,3,29,3,234,0,1,1,30.5391387,114.3665917,49.43,0.459,0.84,-0.003,0.016,0.011,0.016,0.118,1.28
2437,269412500,1,761984409,3,29,3,234,0,1,1,30.5391388,114.3665914,49.551,0.466,0.852,-0.002,0.002,0.026,0.003,0.131,1.41
2437,269413900,1,763384719,3,30,3,234,0,1,1,30.5391389,114.366591,49.672,0.466,0.85,-0.014,0.007,0.005,0.016,0.103,1.28
2437,269415200,1,764655432,3,30,3,234,0,1,1,30.539139,114.3665908,49.735,0.465,0.844,0.003,-0.016,0.003,0.017,0.086,1.41
2437,269416200,1,765657532,3,30,3,234,0,1,1,30.5391397,114.3665895,49.402,0.454,0.819,0.013,-0.014,-0.003,0.02,0.101,1.41
2437,269417200,1,766657418,3,30,3,234,0,1,1,30.5391406,114.3665879,48.996,0.442,0.79,-0.002,0.029,0.004,0.029,0.089,1.33
2437,269418200,1,767656200,3,29,3,234,0,1,1,30.5391414,114.3665864,48.664,0.431,0.764,0.01,-0.01,0.014,0.014,0.091,1.34
2437,269419200,1,768652200,3,30,3,234,0,1,1,30.5391421,114.3665851,48.392,0.422,0.742,0.011,0.003,0.013,0.011,0.091,1.45
2437,269420200,1,769657994,3,28,3,234,0,1,1,30.5391428,114.3665838,48.219,0.413,0.723,0.005,-0.003,0.0,0.006,0.098,1.45
2437,269421200,1,770655427,3,30,3,234,0,1,1,30.5391433,114.3665827,48.092,0.405,0.705,-0.006,0.012,0.002,0.013,0.097,1.45
2437,269422200,1,771656418,3,28,3,234,0,1,1,30.5391437,114.3665817,47.977,0.398,0.689,0.011,-0.022,-0.008,0.025,0.099,1.35
2437,269423200,1,772656343,3,29,3,234,0,1,1,30.539144,114.366581,47.867,0.391,0.675,-0.025,-0.003,0.017,0.025,0.093,1.45
2437,269424200,1,773655630,3,29,3,234,0,1,1,30.5391444,114.3665804,47.772,0.386,0.663,0.001,0.001,0.014,0.002,0.091,1.45
2437,269425200,1,774658269,3,29,3,234,0,1,1,30.5391447,114.3665798,47.705,0.381,0.652,0.012,-0.005,0.009,0.013,0.096,1.32
2437,269426200,1,775659332,3,30,3,234,0,1,1,30.539145,114.3665792,47.653,0.377,0.642,0.0,0.0,0.004,0.001,0.095,1.41
2437,269427200,1,776660443,3,29,3,234,0,1,1,30.5391453,114.3665787,47.585,0.374,0.634,-0.006,-0.002,0.019,0.006,0.096,1.41
2437,269428200,1,777653735,3,29,3,234,0,1,1,30.5391456,114.3665782,47.526,0.371,0.627,-0.027,0.02,0.008,0.033,0.107,1.41
2437,269429200,1,778659676,3,30,3,234,0,1,1,30.5391459,114.3665778,47.444,0.368,0.62,0.004,0.0,0.011,0.004,0.095,1.38
2437,269430200,1,779658471,3,28,3,234,0,1,1,30.5391461,114.3665774,47.38,0.365,0.614,0.005,-0.001,-0.001,0.005,0.096,1.38
2437,269431200,1,780658376,3,30,3,234,0,1,1,30.5391463,114.366577,47.326,0.362,0.608,0.028,-0.01,-0.001,0.029,0.1,1.26
2437,269432200,1,781658583,3,29,3,234,0,1,1,30.5391464,114.3665768,47.27,0.36,0.602,-0.021,-0.025,0.001,0.033,0.078,1.38
2437,269433200,1,782656798,3,30,3,234,0,1,1,30.5391467,114.3665768,47.215,0.358,0.598,0.033,0.1,-0.02,0.105,0.087,1.19
2437,269434200,1,783660160,3,29,3,234,0,1,1,30.5391469,114.3665769,47.19,0.356,0.597,0.021,0.005,-0.03,0.021,0.102,1.2
2437,269435200,1,784662096,3,28,3,234,0,1,1,30.5391468,114.3665765,47.094,0.354,0.594,-0.028,-0.019,0.01,0.034,0.092,1.21
2437,269436200,1,785660112,3,28,3,234,0,1,1,30.5391466,114.3665764,47.009,0.354,0.595,-0.106,0.095,0.008,0.142,0.104,1.31
2437,269437200,1,786657392,3,28,3,234,0,1,1,30.5391437,114.3665775,46.947,0.351,0.59,-0.413,-0.007,-0.003,0.413,0.073,1.21
2437,269438200,1,787664262,3,28,3,234,0,1,1,30.5391388,114.3665788,46.863,0.347,0.581,-0.556,0.165,-0.001,0.579,0.106,1.31
2437,269439200,1,788665266,3,30,3,234,0,1,1,30.5391326,114.3665797,46.641,0.342,0.572,-0.692,0.097,0.0,0.699,0.1,1.12
2437,269440200,1,789662509,3,30,3,234,0,1,1,30.5391279,114.3665797,46.429,0.34,0.565,-0.454,-0.043,0.035,0.456,0.107,1.12
2437,269441200,1,790662823,3,30,3,234,0,1,1,30.5391232,114.3665809,45.976,0.332,0.531,-0.351,-0.206,-0.003,0.407,0.094,1.12
2437,269442200,1,791662261,3,30,3,234,0,1,1,30.5391195,114.3665801,45.604,0.327,0.508,-0.412,-0.123,-0.013,0.43,0.116,1.12
2437,269443200,1,792662531,3,30,3,234,0,1,1,30.5391163,114.3665794,45.392,0.323,0.485,-0.054,-0.252,-0.039,0.258,0.064,1.12
2437,269444200,1,793663732,3,31,3,234,0,1,1,30.5391146,114.3665788,45.3,0.32,0.47,-0.207,-0.037,-0.028,0.21,0.109,1.09
2437,269445200,1,794662073,3,31,3,234,0,1,1,30.5391126,114.3665792,45.206,0.317,0.455,0.018,-0.011,-0.018,0.021,0.097,1.09
2437,269446200,1,795670928,3,31,3,234,0,1,1,30.539113,114.3665841,45.18,0.315,0.442,0.373,1.001,-0.067,1.068,0.076,1.09
2437,269447200,1,796664468,3,31,3,234,0,1,1,30.5391097,114.3665975,44.972,0.315,0.439,-0.75,1.071,0.083,1.308,0.108,1.09
2437,269448200,1,797669627,3,30,3,234,0,1,1,30.5391018,114.3666078,44.658,0.314,0.44,-0.516,0.761,0.223,0.92,0.128,1.12
2437,269449200,1,798667149,3,30,3,234,0,1,1,30.5390954,114.3666227,44.242,0.318,0.437,-0.828,1.641,0.303,1.838,0.107,1.12
2437,269450200,1,799662189,3,30,3,234,0,1,1,30.5390948,114.3666447,43.968,0.321,0.433,0.346,2.168,0.209,2.196,0.073,1.12
2437,269451200,1,800662172,3,30,3,234,0,1,1,30.5391001,114.3666696,43.735,0.326,0.428,0.81,2.455,0.167,2.585,0.087,1.12
2437,269452200,1,801661486,3,29,3,234,0,1,1,30.5391122,114.3666966,43.608,0.333,0.429,1.648,2.514,0.149,3.006,0.112,1.18
2437,269453200,1,802660639,3,29,3,234,0,1,1,30.5391293,114.3667236,43.407,0.337,0.428,2.254,2.489,0.153,3.358,0.102,1.18
2437,269454200,1,803660502,3,29,3,234,0,1,1,30.5391503,114.3667522,43.046,0.336,0.427,2.366,2.796,0.289,3.663,0.102,1.18
2437,269455200,1,804656560,3,29,3,234,0,1,1,30.5391715,114.3667854,42.635,0.34,0.43,2.367,3.253,0.346,4.023,0.103,1.19
2437,269456200,1,805658774,3,28,3,234,0,1,1,30.5391923,114.366819,42.291,0.341,0.435,2.122,3.141,0.328,3.791,0.091,1.35
2437,269457200,1,806663750,3,28,3,234,0,1,1,30.5392076,114.3668494,41.909,0.344,0.439,1.475,2.852,0.392,3.21,0.13,1.26
2437,269458300,1,807765551,3,28,3,234,0,1,1,30.5392243,114.3668822,41.917,0.345,0.45,1.693,2.854,0.039,3.318,0.096,1.38
2437,269459300,1,808760815,3,29,3,234,0,1,1,30.5392435,114.3669118,41.732,0.346,0.461,2.446,2.891,0.162,3.787,0.103,1.18
2437,269460300,1,809760472,3,30,3,234,0,1,1,30.5392697,114.3669377,41.565,0.349,0.479,3.227,2.201,0.23,3.906,0.113,1.12
2437,269461300,1,810764126,3,29,3,234,0,1,1,30.539302,114.3669593,41.179,0.351,0.489,3.826,1.892,0.323,4.269,0.129,1.18
2437,269462300,1,811759044,3,29,3,234,0,1,1,30.5393403,114.3669776,40.792,0.356,0.499,4.614,1.673,0.419,4.908,0.111,1.18
2437,269463300,1,812754378,3,28,3,234,0,1,1,30.5393832,114.3669909,40.428,0.359,0.51,5.024,1.013,0.396,5.125,0.103,1.19
2437,269464300,1,813761294,3,28,3,234,0,1,1,30.5394308,114.3669996,40.143,0.362,0.521,5.456,0.71,0.377,5.502,0.113,1.19
2437,269465300,1,814756309,3,27,3,234,0,1,1,30.5394815,114.3670041,39.833,0.373,0.543,5.802,0.386,0.345,5.814,0.128,1.26
2437,269466300,1,815755386,3,28,3,234,0,1,1,30.5395335,114.367001,39.505,0.387,0.575,5.998,-0.463,0.311,6.015,0.144,1.26
2437,269467300,1,816764619,3,27,3,234,0,1,1,30.5395892,114.366997,38.886,0.396,0.588,6.4,-0.526,0.519,6.421,0.127,1.26
2437,269468300,1,817805722,3,29,3,234,0,1,1,30.5396478,114.3669919,38.433,0.387,0.575,6.572,-0.562,0.474,6.596,0.084,1.38
2437,269469400,1,818864266,3,29,3,234,0,1,1,30.5397136,114.3669863,37.86,0.374,0.566,6.797,-0.562,0.471,6.82,0.083,1.24
2437,269470400,1,819865298,3,28,3,234,0,1,1,30.5397757,114.3669809,37.229,0.362,0.559,7.137,-0.575,0.519,7.16,0.091,1.24
2437,269471400,1,820851531,3,27,3,234,0,1,1,30.5398411,114.3669726,36.68,0.356,0.562,7.477,-0.957,0.538,7.538,0.094,1.32
2437,269472400,1,821857790,3,26,3,234,0,1,1,30.5399063,114.3669573,35.992,0.358,0.577,7.236,-2.007,0.64,7.51,0.112,1.32
2437,269473500,1,822961098,3,27,3,234,0,1,1,30.5399754,114.3669273,35.04,0.362,0.596,6.95,-3.086,0.74,7.605,0.095,1.24
2437,269474600,1,824062715,3,26,3,234,0,1,1,30.5400464,114.3668896,34.348,0.367,0.613,7.435,-3.068,0.678,8.043,0.112,1.31
2437,269475600,1,825061688,3,28,3,234,0,1,1,30.5401156,114.3668549,33.427,0.366,0.62,7.906,-3.42,0.838,8.614,0.096,1.19
2437,269476600,1,826062673,3,30,3,234,0,1,1,30.5401893,114.3668203,32.439,0.368,0.631,8.581,-3.22,0.929,9.165,0.109,1.18
2437,269477600,1,827059373,3,28,3,234,0,1,1,30.540268,114.3667841,31.511,0.372,0.635,9.082,-3.379,0.889,9.69,0.135,1.27
2437,269478600,1,828058207,3,27,3,234,0,1,1,30.5403497,114.3667481,30.839,0.381,0.648,9.138,-3.514,0.712,9.791,0.146,1.42
2437,269479600,1,829057423,3,28,3,234,0,1,1,30.5404349,114.3667146,30.362,0.39,0.676,9.627,-3.136,0.558,10.125,0.146,1.32
2437,269480600,1,830057157,3,26,3,234,0,1,1,30.5405247,114.3666935,29.366,0.4,0.704,10.134,-1.58,0.8,10.257,0.121,1.6
2437,269481600,1,831056024,3,26,3,234,0,1,1,30.5406158,114.3666807,28.924,0.421,0.735,10.139,-1.03,0.589,10.191,0.168,1.6
2437,269482600,1,832058593,3,29,3,234,0,1,1,30.5407071,114.3666703,28.576,0.429,0.744,10.158,-0.886,0.494,10.197,0.136,1.36
2437,269483600,1,833057372,3,26,3,234,0,1,1,30.5407973,114.3666598,28.147,0.418,0.74,10.092,-1.039,0.451,10.145,0.135,1.4
2437,269484600,1,834060386,3,26,3,234,0,1,1,30.5408868,114.3666498,27.76,0.431,0.767,10.215,-0.818,0.457,10.248,0.146,1.41
2437,269485600,1,835061943,3,26,3,234,0,1,1,30.5409762,114.3666432,27.616,0.444,0.793,9.876,-0.507,0.388,9.889,0.23,1.55
2437,269486600,1,836060727,3,28,3,234,0,1,1,30.5410664,114.3666344,26.819,0.462,0.813,10.121,-1.051,0.627,10.176,0.19,1.36
2437,269487600,1,837057929,3,28,3,234,0,1,1,30.5411527,114.3666269,26.457,0.482,0.844,9.448,-0.856,0.542,9.487,0.214,1.36
2437,269488600,1,838063129,3,28,3,234,0,1,1,30.5412378,114.3666198,26.478,0.497,0.865,9.461,-0.721,0.406,9.488,0.238,1.27
2437,269489600,1,839061892,3,29,3,234,0,1,1,30.541324,114.366611,26.625,0.507,0.875,9.561,-1.163,0.283,9.631,0.208,1.27
2437,269490600,1,840063076,3,28,3,234,0,1,1,30.5414051,114.3665988,26.269,0.503,0.84,8.309,-1.49,0.251,8.442,0.165,1.27
2437,269491700,1,841162362,3,28,3,234,0,1,1,30.5414802,114.3665734,25.985,0.509,0.843,6.637,-2.714,0.242,7.17,0.173,1.3
2437,269492700,1,842163229,3,27,3,234,0,1,1,30.5415241,114.3665361,26.022,0.506,0.842,4.098,-3.762,0.222,5.563,0.153,1.36
2437,269493700,1,843158158,3,27,3,234,0,1,1,30.5415529,114.3664911,25.853,0.508,0.848,2.605,-4.663,0.267,5.342,0.162,1.42
2437,269494700,1,844157539,3,27,3,234,0,1,1,30.5415679,114.3664454,25.371,0.505,0.851,1.507,-4.76,0.37,4.993,0.156,1.41
2437,269495700,1,845158398,3,28,3,234,0,1,1,30.541574,114.3663941,25.395,0.496,0.849,0.34,-4.799,0.202,4.811,0.105,1.24
2437,269496700,1,846165523,3,28,3,234,0,1,1,30.5415751,114.3663432,25.205,0.476,0.83,0.5,-4.835,0.128,4.861,0.094,1.24
2437,269497700,1,847162510,3,27,3,234,0,1,1,30.541579,114.3662926,25.159,0.465,0.823,0.705,-4.841,0.149,4.892,0.128,1.24
2437,269498700,1,848163836,3,28,3,234,0,1,1,30.5415888,114.3662428,25.175,0.46,0.82,1.354,-4.78,0.174,4.968,0.14,1.3
2437,269499700,1,849166426,3,29,3,234,0,1,1,30.5416006,114.366196,25.075,0.458,0.823,1.464,-4.483,0.161,4.716,0.121,1.26
2437,269500700,1,850165794,3,29,3,234,0,1,1,30.5416145,114.366149,24.87,0.451,0.823,1.577,-4.533,0.203,4.8,0.105,1.18
2437,269501700,1,851163840,3,29,3,234,0,1,1,30.5416294,114.3661026,24.886,0.441,0.818,1.726,-4.345,0.103,4.675,0.1,1.18
2437,269502800,1,852372043,3,29,3,234,0,1,1,30.5416561,114.3660576,24.826,0.432,0.819,3.376,-3.143,0.108,4.613,0.098,1.18
2437,269503800,1,853370944,3,29,3,234,0,1,1,30.5416913,114.3660277,24.726,0.422,0.819,4.489,-2.38,0.093,5.081,0.106,1.2
2437,269504800,1,854372075,3,30,3,234,0,1,1,30.5417369,114.3660064,24.943,0.411,0.808,5.457,-1.762,0.048,5.734,0.105,1.18
2437,269505800,1,855365500,3,29,3,234,0,1,1,30.5417915,114.3659915,24.908,0.404,0.8,6.376,-1.428,0.117,6.534,0.116,1.2
2437,269506800,1,856350653,3,31,3,234,0,1,1,30.5418493,114.3659766,25.015,0.392,0.79,6.662,-1.41,0.14,6.809,0.129,1.28
2437,269507800,1,857345251,3,28,3,234,0,1,1,30.5419078,114.3659621,24.875,0.381,0.787,6.623,-1.178,0.194,6.727,0.126,1.28
2437,269508800,1,858359127,3,29,3,234,0,1,1,30.5419676,114.3659487,24.24,0.385,0.812,6.869,-0.829,0.441,6.919,0.163,1.35
2437,269509800,1,859362044,3,29,3,234,0,1,1,30.5420286,114.3659358,23.96,0.394,0.819,6.784,-1.386,0.311,6.924,0.141,1.29
2437,269510800,1,860353016,3,29,3,234,0,1,1,30.5420887,114.3659203,23.696,0.405,0.824,6.962,-1.349,0.329,7.092,0.131,1.31
2437,269511800,1,861367672,3,30,3,234,0,1,1,30.5421495,114.3659081,23.279,0.406,0.824,6.856,-0.689,0.306,6.891,0.115,1.25
2437,269512800,1,862361209,3,29,3,234,0,1,1,30.5422086,114.3658934,22.797,0.41,0.834,6.516,-1.594,0.439,6.708,0.14,1.32
2437,269513800,1,863359486,3,29,3,234,0,1,1,30.5422651,114.3658711,22.501,0.41,0.841,6.019,-2.39,0.443,6.476,0.162,1.21
2437,269514800,1,864354113,3,29,3,234,0,1,1,30.5423215,114.3658447,22.198,0.414,0.835,6.393,-2.472,0.307,6.855,0.219,1.19
2437,269515800,1,865374612,3,30,3,234,0,1,1,30.5423783,114.3658171,22.357,0.423,0.825,6.28,-2.47,0.112,6.749,0.259,1.19
2437,269516800,1,866363649,3,30,3,234,0,1,1,30.5424385,114.3657847,22.551,0.419,0.819,6.462,-3.191,0.158,7.207,0.126,1.19
2437,269517800,1,867376797,3,30,3,234,0,1,1,30.5424993,114.3657482,22.88,0.406,0.805,6.449,-3.524,0.114,7.349,0.109,1.19
2437,269518800,1,868369461,3,29,3,234,0,1,1,30.5425607,114.3657133,23.125,0.396,0.786,6.643,-3.068,-0.003,7.318,0.097,1.19
2437,269519800,1,869366351,3,28,3,234,0,1,1,30.5426204,114.3656808,23.379,0.394,0.775,6.494,-2.944,-0.117,7.13,0.146,1.21
2437,269520800,1,870374936,3,28,3,234,0,1,1,30.54268,114.3656513,22.977,0.395,0.776,6.813,-2.616,0.188,7.298,0.127,1.18
2437,269521800,1,871359023,3,29,3,234,0,1,1,30.542728,114.3656268,23.017,0.398,0.774,4.223,-1.847,0.027,4.61,0.116,1.19
2437,269522800,1,872362057,3,30,3,234,0,1,1,30.5427643,114.3656108,23.17,0.399,0.776,4.132,-1.667,-0.01,4.456,0.122,1.12
2437,269523800,1,873364281,3,30,3,234,0,1,1,30.5428053,114.3655905,23.499,0.402,0.783,4.733,-1.998,-0.151,5.138,0.159,1.19
2437,269524800,1,874361407,3,30,3,234,0,1,1,30.5428516,114.3655665,24.216,0.406,0.8,5.379,-1.987,-0.374,5.734,0.126,1.19
2437,269525800,1,875369381,3,30,3,234,0,1,1,30.5429045,114.365542,24.109,0.404,0.818,6.171,-1.91,0.025,6.46,0.141,1.19
2437,269526800,1,876364109,3,29,3,234,0,1,1,30.542961,114.3655127,23.911,0.405,0.841,6.082,-2.882,-0.014,6.731,0.118,1.26
2437,269527800,1,877367080,3,30,3,234,0,1,1,30.5430174,114.3654792,23.709,0.402,0.846,6.215,-3.084,0.121,6.938,0.138,1.27
2437,269528800,1,878363323,3,27,3,234,0,1,1,30.5430725,114.3654429,23.871,0.403,0.852,5.805,-3.487,0.026,6.772,0.157,1.41
2437,269529900,1,879363922,3,28,3,234,0,1,1,30.5431333,114.3654048,24.53,0.403,0.845,5.865,-3.296,-0.006,6.727,0.17,1.38
2437,269531000,1,880471663,3,29,3,234,0,1,1,30.5431932,114.3653657,25.073,0.401,0.833,5.835,-3.351,-0.246,6.729,0.153,1.18
2437,269532000,1,881474865,3,28,3,234,0,1,1,30.5432492,114.3653339,25.226,0.407,0.838,6.161,-2.772,-0.113,6.756,0.174,1.2
2437,269533100,1,882565069,3,26,3,234,0,1,1,30.5433136,114.3653106,25.042,0.413,0.86,6.365,-1.724,0.309,6.594,0.137,1.21
2437,269534100,1,883561235,3,29,3,234,0,1,1,30.543372,114.3653005,24.222,0.421,0.879,6.457,-0.071,0.78,6.458,0.124,1.21
2437,269535100,1,884562112,3,29,3,234,0,1,1,30.5434306,114.3652851,24.481,0.428,0.889,6.392,-1.65,0.309,6.602,0.132,1.24
2437,269536100,1,885569346,3,28,3,234,0,1,1,30.5434881,114.3652669,25.376,0.432,0.892,6.205,-1.527,-0.187,6.39,0.127,1.24
2437,269537100,1,886571037,3,27,3,234,0,1,1,30.5435393,114.3652506,25.875,0.429,0.887,4.916,-1.377,-0.284,5.105,0.107,1.25
2437,269538100,1,887568621,3,29,3,234,0,1,1,30.5435758,114.3652358,26.52,0.42,0.865,3.076,-1.14,-0.358,3.28,0.109,1.18
2437,269539100,1,888570912,3,29,3,234,0,1,1,30.5435988,114.3652217,26.91,0.41,0.842,2.328,-1.567,-0.156,2.807,0.101,1.18
2437,269540100,1,889567341,3,30,3,234,0,1,1,30.5436197,114.3651954,27.517,0.396,0.817,1.786,-3.005,-0.156,3.496,0.087,1.18
2437,269541100,1,890579042,3,30,3,234,0,1,1,30.5436315,114.3651558,27.772,0.389,0.803,0.698,-4.213,-0.176,4.27,0.095,1.15
2437,269542100,1,891566784,3,29,3,234,0,1,1,30.5436326,114.3651074,27.838,0.384,0.802,-0.366,-5.035,-0.104,5.048,0.121,1.24
2437,269543100,1,892562572,3,29,3,234,0,1,1,30.5436254,114.3650517,28.209,0.382,0.806,-1.099,-5.399,-0.109,5.509,0.112,1.24
2437,269544100,1,893571507,3,29,3,234,0,1,1,30.5436144,114.3649935,28.742,0.379,0.804,-1.381,-5.642,-0.23,5.808,0.098,1.24
2437,269545100,1,894565990,3,29,3,234,0,1,1,30.5435995,114.3649342,29.311,0.377,0.8,-1.831,-5.623,-0.339,5.913,0.109,1.24
2437,269546100,1,895560963,3,27,3,234,0,1,1,30.5435836,114.364872,29.769,0.378,0.799,-1.805,-6.077,-0.319,6.339,0.114,1.38
2437,269547100,1,896564825,3,27,3,234,0,1,1,30.5435712,114.3648073,30.114,0.376,0.79,-1.016,-6.35,-0.33,6.431,0.104,1.34
2437,269548100,1,897561122,3,28,3,234,0,1,1,30.5435672,114.364742,30.414,0.377,0.785,-0.137,-6.253,-0.288,6.255,0.12,1.31
2437,269549100,1,898563912,3,29,3,234,0,1,1,30.5435695,114.3646755,30.697,0.375,0.784,0.669,-6.563,-0.218,6.597,0.102,1.19
2437,269550100,1,899561849,3,29,3,234,0,1,1,30.5435827,114.3646067,31.067,0.374,0.784,1.942,-6.515,-0.214,6.798,0.113,1.19
2437,269551100,1,900565443,3,30,3,234,0,1,1,30.5436026,114.3645373,31.209,0.37,0.781,2.364,-6.564,-0.064,6.977,0.09,1.13
2437,269552100,1,901563373,3,29,3,234,0,1,1,30.543624,114.3644675,31.404,0.366,0.782,2.483,-6.485,-0.123,6.944,0.096,1.2
2437,269553100,1,902563201,3,29,3,234,0,1,1,30.5436474,114.3644013,31.677,0.36,0.78,2.56,-6.295,-0.188,6.796,0.093,1.2
2437,269554100,1,903563597,3,28,3,234,0,1,1,30.5436701,114.3643364,31.925,0.357,0.782,2.454,-6.279,-0.261,6.742,0.129,1.25
2437,269555100,1,904560305,3,28,3,234,0,1,1,30.5436919,114.364272,32.115,0.357,0.789,2.508,-6.2,-0.29,6.688,0.119,1.21
2437,269556100,1,905565634,3,27,3,234,0,1,1,30.5437109,114.3642049,32.161,0.356,0.788,1.993,-6.598,-0.26,6.892,0.122,1.21
2437,269557100,1,906562761,3,29,3,234,0,1,1,30.5437271,114.364135,32.566,0.362,0.795,1.466,-6.827,-0.328,6.983,0.144,1.21
2437,269558100,1,907565806,3,29,3,234,0,1,1,30.5437417,114.3640643,33.063,0.366,0.8,1.497,-6.828,-0.362,6.991,0.161,1.19
2437,269559100,1,908564861,3,30,3,234,0,1,1,30.543752,114.3639931,33.275,0.374,0.812,0.974,-6.927,-0.301,6.995,0.167,1.15
2437,269560100,1,909573750,3,30,3,234,0,1,1,30.5437582,114.363921,33.715,0.381,0.822,0.733,-6.86,-0.359,6.899,0.179,1.15
2437,269561100,1,910565183,3,30,3,234,0,1,1,30.5437616,114.3638501,34.211,0.388,0.826,0.29,-6.524,-0.42,6.53,0.166,1.18
2437,269562100,1,911572001,3,29,3,234,0,1,1,30.5437583,114.3637815,34.682,0.394,0.828,-0.788,-6.44,-0.446,6.488,0.191,1.16
2437,269563100,1,912570890,3,30,3,234,0,1,1,30.543749,114.3637126,35.271,0.399,0.832,-1.093,-6.242,-0.461,6.337,0.142,1.15
2437,269564100,1,913568938,3,31,3,234,0,1,1,30.5437336,114.3636434,36.002,0.403,0.85,-1.871,-6.438,-0.554,6.705,0.148,1.09
2437,269565100,1,914567371,3,30,3,234,0,1,1,30.543716,114.3635754,36.664,0.4,0.856,-1.795,-6.518,-0.566,6.761,0.135,1.1
2437,269566100,1,915574259,3,29,3,234,0,1,1,30.5436998,114.3635086,37.064,0.395,0.852,-1.876,-6.343,-0.527,6.615,0.115,1.1
2437,269567100,1,916567883,3,28,3,234,0,1,1,30.5436811,114.3634441,37.231,0.396,0.855,-2.413,-6.023,-0.422,6.488,0.133,1.17
2437,269568100,1,917566580,3,27,3,234,0,1,1,30.5436575,114.3633821,37.677,0.398,0.859,-3.056,-5.673,-0.501,6.444,0.159,1.19
2437,269569100,1,918573471,3,30,3,234,0,1,1,30.5436301,114.3633238,38.348,0.399,0.875,-2.959,-5.509,-0.586,6.253,0.139,1.15
2437,269570100,1,919568146,3,31,3,234,0,1,1,30.5436018,114.3632666,38.913,0.397,0.882,-3.227,-5.262,-0.593,6.172,0.124,1.09
2437,269571100,1,920567897,3,31,3,234,0,1,1,30.5435729,114.3632127,39.234,0.397,0.885,-3.317,-5.1,-0.549,6.084,0.111,1.1
2437,269572100,1,921573174,3,30,3,234,0,1,1,30.5435422,114.3631615,39.648,0.399,0.894,-3.557,-4.919,-0.505,6.07,0.155,1.1
2437,269573100,1,922563712,3,31,3,234,0,1,1,30.543511,114.3631126,39.799,0.403,0.899,-3.362,-4.686,-0.29,5.767,0.176,1.09
2437,269574100,1,923570925,3,31,3,234,0,1,1,30.5434812,114.3630621,40.19,0.408,0.914,-3.184,-4.871,-0.345,5.819,0.177,1.09
2437,269575100,1,924566927,3,31,3,234,0,1,1,30.5434508,114.3630113,40.777,0.416,0.935,-3.349,-4.749,-0.467,5.811,0.167,1.09
2437,269576100,1,925564841,3,30,3,234,0,1,1,30.5434164,114.362964,40.808,0.426,0.963,-3.914,-4.669,-0.262,6.092,0.139,1.12
2437,269577100,1,926591255,3,31,3,234,0,1,1,30.5433803,114.362915,41.022,0.43,0.98,-3.897,-4.762,-0.284,6.153,0.156,1.14
2437,269578100,1,927581282,3,30,3,234,0,1,1,30.5433445,114.3628626,40.749,0.433,0.993,-3.789,-5.081,0.019,6.338,0.146,1.2
2437,269579100,1,928571422,3,30,3,234,0,1,1,30.5433035,114.3628134,40.738,0.427,0.995,-4.567,-4.193,-0.101,6.2,0.134,1.2
2437,269580100,1,929572299,3,28,3,234,0,1,1,30.543257,114.3627709,41.245,0.417,0.988,-4.853,-3.673,-0.399,6.086,0.124,1.22
2437,269581100,1,930574432,3,28,3,234,0,1,1,30.5432156,114.3627272,41.51,0.408,0.987,-3.847,-4.719,-0.343,6.089,0.144,1.25
2437,269582100,1,931563130,3,29,3,234,0,1,1,30.5431814,114.3626765,42.125,0.4,0.977,-3.579,-4.782,-0.467,5.973,0.148,1.32
2437,269583100,1,932570422,3,30,3,234,0,1,1,30.543147,114.3626279,42.511,0.398,0.977,-3.859,-4.422,-0.43,5.868,0.122,1.3
2437,269584100,1,933582201,3,31,3,234,0,1,1,30.5431077,114.3625832,43.163,0.395,0.972,-4.126,-4.023,-0.471,5.762,0.132,1.19
2437,269585100,1,934579410,3,30,3,234,0,1,1,30.543068,114.3625385,44.104,0.391,0.966,-4.796,-3.817,-0.553,6.129,0.108,1.3
2437,269586100,1,935580737,3,30,3,234,0,1,1,30.543027,114.3624943,44.458,0.383,0.95,-4.304,-4.055,-0.334,5.914,0.117,1.36
2437,269587100,1,936570579,3,31,3,234,0,1,1,30.5429856,114.3624498,44.678,0.383,0.938,-4.303,-4.131,-0.311,5.966,0.134,1.14
2437,269588100,1,937575784,3,31,3,234,0,1,1,30.5429488,114.3623987,45.401,0.377,0.928,-3.66,-5.407,-0.43,6.53,0.131,1.19
2437,269589100,1,938577845,3,30,3,234,0,1,1,30.5429173,114.3623423,45.653,0.375,0.923,-3.439,-5.509,-0.335,6.494,0.12,1.31
2437,269590100,1,939573721,3,31,3,234,0,1,1,30.542882,114.3622881,46.073,0.375,0.928,-4.16,-5.015,-0.355,6.516,0.126,1.19
2437,269591100,1,940574630,3,31,3,234,0,1,1,30.5428443,114.3622358,46.474,0.374,0.906,-3.977,-4.983,-0.454,6.376,0.092,1.15
2437,269592100,1,941576037,3,29,3,234,0,1,1,30.542808,114.362183,46.607,0.373,0.887,-4.382,-4.876,-0.305,6.556,0.11,1.32
2437,269593100,1,942577473,3,30,3,234,0,1,1,30.5427707,114.3621314,47.142,0.374,0.874,-4.183,-4.925,-0.368,6.462,0.105,1.24
2437,269594100,1,943584035,3,31,3,234,0,1,1,30.5427312,114.3620808,47.736,0.365,0.852,-4.381,-4.842,-0.445,6.529,0.095,1.15
2437,269595100,1,944579239,3,31,3,234,0,1,1,30.5426897,114.3620315,48.126,0.357,0.83,-4.774,-4.691,-0.252,6.693,0.121,1.1
2437,269596100,1,945579658,3,31,3,234,0,1,1,30.542645,114.361982,48.874,0.35,0.813,-4.942,-5.149,-0.347,7.137,0.119,1.15
2437,269597100,1,946576678,3,31,3,234,0,1,1,30.5426,114.3619337,48.935,0.349,0.813,-4.936,-4.743,-0.078,6.845,0.169,1.15
2437,269598100,1,947576275,3,30,3,234,0,1,1,30.542555,114.3618849,49.054,0.358,0.837,-4.767,-4.557,-0.084,6.594,0.125,1.17
2437,269599100,1,948575483,3,30,3,234,0,1,1,30.5425098,114.3618378,49.087,0.365,0.839,-5.091,-4.314,-0.01,6.673,0.119,1.13
2437,269600100,1,949576655,3,31,3,234,0,1,1,30.5424604,114.3617919,49.158,0.376,0.851,-5.552,-4.301,0.02,7.023,0.112,1.11
2437,269601100,1,950578908,3,29,3,234,0,1,1,30.5424081,114.3617498,49.083,0.374,0.857,-5.769,-3.674,0.022,6.839,0.101,1.21
2437,269602100,1,951576911,3,29,3,234,0,1,1,30.542357,114.3617097,48.85,0.368,0.844,-5.498,-3.795,0.066,6.681,0.091,1.2
2437,269603100,1,952578062,3,29,3,234,0,1,1,30.5423071,114.36167,48.863,0.359,0.824,-5.387,-3.794,0.078,6.589,0.099,1.2
2437,269604100,1,953580000,3,30,3,234,0,1,1,30.5422581,114.3616312,48.694,0.352,0.812,-5.185,-3.609,0.151,6.318,0.098,1.28
2437,269605100,1,954579040,3,30,3,234,0,1,1,30.5422149,114.3615929,48.517,0.343,0.787,-4.33,-3.669,0.204,5.676,0.086,1.17
2437,269606100,1,955579888,3,28,3,234,0,1,1,30.5421827,114.3615502,48.276,0.332,0.758,-3.09,-4.214,0.205,5.225,0.104,1.29
2437,269607100,1,956583233,3,30,3,234,0,1,1,30.5421616,114.3615025,48.355,0.322,0.742,-1.829,-4.562,0.151,4.915,0.112,1.16
2437,269608100,1,957580303,3,26,3,234,0,1,1,30.5421461,114.3614534,48.324,0.32,0.74,-1.718,-4.708,0.155,5.012,0.119,1.39
2437,269609100,1,958567986,3,30,3,234,0,1,1,30.5421336,114.3614053,48.21,0.326,0.749,-1.034,-4.695,0.287,4.807,0.139,1.18
2437,269610100,1,959580147,3,29,3,234,0,1,1,30.5421226,114.3613585,48.04,0.332,0.756,-0.825,-4.795,0.381,4.865,0.126,1.32
2437,269611200,1,960679608,3,31,3,234,0,1,1,30.5421162,114.3613052,48.096,0.335,0.757,-0.712,-4.63,0.211,4.685,0.116,1.14
2437,269612200,1,961679744,3,31,3,234,0,1,1,30.5421104,114.3612594,48.027,0.337,0.759,-0.454,-4.394,0.23,4.418,0.118,1.17
2437,269613200,1,962682617,3,31,3,234,0,1,1,30.542103,114.3612142,48.211,0.338,0.761,-0.743,-4.232,0.072,4.296,0.102,1.14
2437,269614200,1,963678948,3,31,3,234,0,1,1,30.5420967,114.361172,47.914,0.337,0.762,-0.521,-4.143,0.235,4.176,0.119,1.14
2437,269615200,1,964680017,3,31,3,234,0,1,1,30.542093,114.3611288,48.021,0.332,0.753,-0.437,-4.0,0.207,4.024,0.106,1.14
2437,269616200,1,965676739,3,31,3,234,0,1,1,30.5420882,114.3610813,48.195,0.33,0.751,-0.658,-4.832,0.05,4.877,0.125,1.14
2437,269617200,1,966673930,3,31,3,234,0,1,1,30.5420824,114.3610243,48.36,0.329,0.751,-0.63,-5.816,0.046,5.85,0.117,1.14
2437,269618200,1,967675841,3,30,3,234,0,1,1,30.5420745,114.3609627,48.231,0.33,0.761,-0.91,-5.988,0.147,6.057,0.123,1.15
2437,269619200,1,968676320,3,30,3,234,0,1,1,30.5420662,114.3608962,48.117,0.334,0.771,-1.094,-6.466,0.118,6.558,0.118,1.16
2437,269620200,1,969676991,3,30,3,234,0,1,1,30.5420574,114.3608277,48.131,0.341,0.776,-0.805,-6.695,0.085,6.743,0.145,1.26
2437,269621200,1,970679053,3,30,3,234,0,1,1,30.5420489,114.3607564,48.109,0.345,0.784,-1.045,-6.886,0.061,6.964,0.114,1.24
2437,269622200,1,971680095,3,30,3,234,0,1,1,30.5420407,114.3606868,48.123,0.348,0.787,-0.866,-6.542,0.054,6.599,0.113,1.25
2437,269623200,1,972680125,3,30,3,234,0,1,1,30.5420327,114.3606172,48.138,0.347,0.784,-0.901,-6.619,0.088,6.68,0.105,1.24
2437,269624200,1,973681240,3,30,3,234,0,1,1,30.5420255,114.3605469,48.135,0.347,0.785,-0.622,-6.85,-0.04,6.878,0.114,1.4
2437,269625200,1,974679735,3,28,3,234,0,1,1,30.5420195,114.3604739,48.206,0.349,0.783,-0.702,-7.084,-0.076,7.119,0.113,1.42
2437,269626200,1,975675227,3,27,3,234,0,1,1,30.5420142,114.3603999,48.287,0.349,0.787,-0.713,-7.165,-0.026,7.201,0.115,1.42
2437,269627200,1,976679661,3,28,3,234,0,1,1,30.5420083,114.3603234,48.428,0.345,0.783,-0.558,-7.463,-0.028,7.484,0.1,1.37
2437,269628200,1,977680701,3,29,3,234,0,1,1,30.5420009,114.3602458,48.545,0.343,0.781,-0.8,-7.518,-0.039,7.56,0.109,1.35
2437,269629200,1,978678656,3,29,3,234,0,1,1,30.5419933,114.3601675,48.761,0.339,0.765,-0.685,-7.482,0.015,7.513,0.118,1.2
2437,269630200,1,979679761,3,30,3,234,0,1,1,30.5419854,114.3600898,48.91,0.346,0.776,-0.835,-7.446,-0.016,7.493,0.144,1.19
2437,269631200,1,980678025,3,30,3,234,0,1,1,30.5419777,114.360011,48.966,0.352,0.79,-0.874,-7.614,0.037,7.664,0.145,1.32
2437,269632200,1,981682035,3,29,3,234,0,1,1,30.5419704,114.3599341,49.129,0.364,0.809,-0.73,-7.353,0.008,7.389,0.145,1.35
2437,269633200,1,982681955,3,29,3,234,0,1,1,30.5419608,114.3598603,48.808,0.37,0.821,-1.311,-7.02,0.206,7.142,0.14,1.32
2437,269634300,1,983773320,3,30,3,234,0,1,1,30.5419503,114.359777,48.56,0.376,0.838,-1.113,-7.486,0.202,7.568,0.134,1.19
2437,269635300,1,984779934,3,28,3,234,0,1,1,30.5419379,114.3596969,48.685,0.382,0.849,-1.356,-7.773,0.093,7.891,0.126,1.25
2437,269636300,1,985777998,3,30,3,234,0,1,1,30.5419237,114.3596156,48.589,0.393,0.859,-1.355,-7.963,0.178,8.078,0.158,1.22
2437,269637300,1,986782363,3,29,3,234,0,1,1,30.5419098,114.3595313,48.614,0.396,0.874,-1.446,-8.218,0.104,8.344,0.136,1.21
2437,269638300,1,987778452,3,28,3,234,0,1,1,30.5418983,114.3594461,48.456,0.4,0.893,-1.159,-8.128,0.169,8.21,0.137,1.35
2437,269639300,1,988778496,3,28,3,234,0,1,1,30.5418839,114.3593599,48.461,0.403,0.901,-1.838,-8.104,0.16,8.31,0.152,1.25
2437,269640300,1,989775671,3,27,3,234,0,1,1,30.5418656,114.3592731,48.676,0.413,0.917,-2.14,-8.258,0.09,8.53,0.16,1.24
2437,269641300,1,990780488,3,27,3,234,0,1,1,30.5418467,114.3591874,48.991,0.422,0.944,-1.817,-7.992,-0.031,8.196,0.149,1.28
2437,269642300,1,991779810,3,27,3,234,0,1,1,30.5418311,114.3591025,49.126,0.427,0.959,-1.753,-8.13,-0.001,8.317,0.15,1.37
2437,269643300,1,992772533,3,29,3,234,0,1,1,30.5418148,114.3590174,49.15,0.437,0.977,-1.581,-8.15,0.035,8.302,0.162,1.13
2437,269644300,1,993776456,3,30,3,234,0,1,1,30.5418001,114.3589301,49.165,0.453,1.001,-1.896,-8.239,0.041,8.455,0.234,1.13
2437,269645300,1,994773763,3,29,3,234,0,1,1,30.5417838,114.3588474,49.033,0.474,1.02,-2.033,-7.519,0.119,7.789,0.179,1.21
2437,269646300,1,995778188,3,29,3,234,0,1,1,30.5417658,114.358768,49.11,0.486,1.034,-1.978,-7.508,0.083,7.764,0.186,1.22
2437,269647300,1,996778192,3,28,3,234,0,1,1,30.5417481,114.3586921,49.252,0.49,1.053,-1.958,-7.39,0.04,7.645,0.161,1.22
2437,269648300,1,997777349,3,30,3,234,0,1,1,30.5417272,114.358621,49.295,0.494,1.063,-2.343,-6.676,0.055,7.075,0.171,1.13
2437,269649300,1,998781233,3,28,3,234,0,1,1,30.5417078,114.3585489,49.246,0.488,1.056,-1.994,-7.051,0.113,7.328,0.14,1.17
2437,269650300,1,999776354,3,30,3,234,0,1,1,30.5416911,114.3584748,49.185,0.488,1.059,-1.789,-7.121,0.086,7.342,0.147,1.16
2437,269651300,1,1000774232,3,28,3,234,0,1,1,30.5416761,114.3583998,49.262,0.493,1.068,-1.771,-7.159,0.001,7.375,0.161,1.27
2437,269652300,1,1001770530,3,28,3,234,0,1,1,30.5416613,114.3583255,49.281,0.494,1.071,-1.477,-7.182,0.011,7.332,0.157,1.38
2437,269653300,1,1002779639,3,27,3,234,0,1,1,30.5416502,114.3582489,49.496,0.489,1.062,-1.049,-7.39,-0.013,7.464,0.147,1.3
2437,269654400,1,1003880380,3,26,3,234,0,1,1,30.5416353,114.3581653,49.674,0.492,1.073,-1.915,-7.213,-0.032,7.463,0.147,1.47
2437,269655400,1,1004875796,3,27,3,234,0,1,1,30.5416191,114.3580909,50.273,0.492,1.078,-1.996,-6.722,-0.298,7.012,0.142,1.42
2437,269656400,1,1005879795,3,27,3,234,0,1,1,30.5416038,114.358018,50.238,0.489,1.066,-1.713,-6.919,-0.096,7.128,0.138,1.34
2437,269657400,1,1006880971,3,28,3,234,0,1,1,30.5415878,114.3579465,50.386,0.488,1.065,-1.94,-6.679,-0.057,6.955,0.13,1.38
2437,269658400,1,1007880682,3,29,3,234,0,1,1,30.5415721,114.3578776,50.261,0.488,1.065,-1.792,-6.443,0.087,6.688,0.143,1.37
2437,269659400,1,1008880123,3,28,3,234,0,1,1,30.5415558,114.3578147,50.225,0.484,1.069,-1.703,-5.561,0.147,5.816,0.145,1.37
2437,269660400,1,1009873148,3,28,3,234,0,1,1,30.541539,114.3577625,50.288,0.472,1.031,-1.82,-4.641,0.182,4.985,0.122,1.38
2437,269661400,1,1010882952,3,29,3,234,0,1,1,30.5415223,114.3577186,50.255,0.462,1.016,-2.029,-4.143,0.228,4.613,0.145,1.37
2437,269662400,1,1011882289,3,26,3,234,0,1,1,30.5414982,114.3576753,50.158,0.451,1.004,-2.947,-4.192,0.283,5.124,0.119,1.42
2437,269663400,1,1012884145,3,28,3,234,0,1,1,30.5414689,114.3576271,49.716,0.435,0.986,-3.301,-4.792,0.438,5.819,0.096,1.37
2437,269664400,1,1013885224,3,29,3,234,0,1,1,30.5414368,114.357576,49.211,0.423,0.976,-3.681,-5.006,0.394,6.214,0.111,1.32
2437,269665400,1,1014882201,3,29,3,234,0,1,1,30.5414036,114.3575197,48.441,0.418,0.959,-3.698,-5.655,0.628,6.757,0.116,1.32
2437,269666400,1,1015883474,3,29,3,234,0,1,1,30.5413685,114.3574601,47.758,0.414,0.942,-4.202,-5.975,0.613,7.304,0.144,1.32
2437,269667400,1,1016884221,3,31,3,234,0,1,1,30.5413304,114.3573973,47.001,0.416,0.936,-4.213,-6.172,0.719,7.473,0.19,1.09
2437,269668400,1,1017885502,3,31,3,234,0,1,1,30.5412908,114.3573346,46.406,0.422,0.929,-4.498,-6.0,0.592,7.499,0.175,1.09
2437,269669400,1,1018880275,3,31,3,234,0,1,1,30.541251,114.3572754,45.586,0.424,0.915,-4.292,-5.765,0.678,7.187,0.19,1.09
2437,269670400,1,1019886491,3,29,3,234,0,1,1,30.5412117,114.3572212,44.713,0.423,0.907,-4.263,-5.037,0.661,6.599,0.143,1.13
2437,269671400,1,1020885761,3,31,3,234,0,1,1,30.5411741,114.3571727,43.745,0.429,0.897,-3.95,-4.478,0.767,5.971,0.167,1.14
2437,269672400,1,1021889873,3,31,3,234,0,1,1,30.5411366,114.3571254,43.251,0.431,0.881,-4.284,-4.346,0.583,6.102,0.169,1.14
2437,269673400,1,1022890033,3,30,3,234,0,1,1,30.5410908,114.357085,42.416,0.432,0.873,-5.449,-3.702,0.669,6.588,0.18,1.15
2437,269674400,1,1023889710,3,31,3,234,0,1,1,30.5410344,114.3570552,41.526,0.431,0.871,-6.792,-2.597,0.775,7.272,0.15,1.08
2437,269675400,1,1024890072,3,31,3,234,0,1,1,30.5409772,114.3570415,40.874,0.423,0.867,-6.149,-1.074,0.687,6.242,0.109,1.08
2437,269676400,1,1025888524,3,31,3,234,0,1,1,30.5409191,114.3570332,40.443,0.412,0.855,-6.662,-0.801,0.603,6.71,0.108,1.14
2437,269677400,1,1026884379,3,31,3,234,0,1,1,30.5408587,114.3570274,39.497,0.403,0.849,-6.692,-0.6,0.797,6.719,0.136,1.08
2437,269678400,1,1027880806,3,30,3,234,0,1,1,30.5407967,114.357023,38.844,0.395,0.834,-6.896,-0.375,0.62,6.907,0.125,1.11
2437,269679400,1,1028889335,3,31,3,234,0,1,1,30.5407301,114.3570181,38.112,0.388,0.824,-7.608,-0.473,0.679,7.623,0.107,1.22
2437,269680500,1,1029984228,3,31,3,234,0,1,1,30.5406525,114.3570136,37.673,0.385,0.819,-7.895,-0.634,0.404,7.92,0.138,1.14
2437,269681500,1,1030985345,3,31,3,234,0,1,1,30.5405795,114.3570105,37.217,0.373,0.806,-7.698,-0.247,0.522,7.702,0.137,1.2
2437,269682500,1,1031980750,3,30,3,234,0,1,1,30.5405096,114.3570072,36.783,0.368,0.802,-7.671,-0.273,0.629,7.676,0.132,1.21
2437,269683500,1,1032987724,3,31,3,234,0,1,1,30.5404413,114.3570049,36.413,0.365,0.797,-7.075,-0.297,0.54,7.081,0.113,1.16
2437,269684500,1,1033992449,3,31,3,234,0,1,1,30.5403778,114.3570014,36.265,0.358,0.783,-6.8,-0.379,0.402,6.811,0.118,1.17
2437,269685600,1,1035079784,3,30,3,234,0,1,1,30.5403157,114.3569954,35.811,0.355,0.773,-5.909,-0.629,0.443,5.942,0.153,1.14
2437,269686600,1,1036133613,3,31,3,234,0,1,1,30.5402658,114.3569913,35.493,0.349,0.764,-5.274,-0.341,0.331,5.285,0.117,1.13
2437,269687700,1,1037190016,3,30,3,234,0,1,1,30.5402141,114.3569878,35.282,0.345,0.76,-5.031,-0.524,0.212,5.058,0.098,1.14
2437,269688700,1,1038186695,3,30,3,234,0,1,1,30.5401699,114.3569784,34.988,0.341,0.75,-4.6,-1.072,0.169,4.724,0.104,1.2
2437,269689700,1,1039184915,3,31,3,234,0,1,1,30.5401279,114.3569625,34.679,0.337,0.742,-4.57,-1.738,0.129,4.889,0.106,1.16
2437,269690700,1,1040185833,3,31,3,234,0,1,1,30.5400883,114.3569402,34.504,0.334,0.727,-4.295,-2.368,0.115,4.904,0.104,1.08
2437,269691700,1,1041188356,3,31,3,234,0,1,1,30.540049,114.3569126,34.267,0.33,0.714,-4.198,-2.797,0.05,5.045,0.101,1.08
2437,269692700,1,1042184811,3,30,3,234,0,1,1,30.5400119,114.3568795,34.062,0.327,0.7,-4.156,-3.346,0.084,5.335,0.097,1.11
2437,269693700,1,1043181840,3,29,3,234,0,1,1,30.5399762,114.3568417,33.923,0.32,0.685,-3.842,-3.724,0.023,5.351,0.081,1.18
2437,269694700,1,1044186883,3,31,3,234,0,1,1,30.5399424,114.3567994,33.799,0.313,0.671,-3.726,-4.201,0.0,5.615,0.101,1.04
2437,269695700,1,1045189946,3,31,3,234,0,1,1,30.5399087,114.3567547,33.857,0.313,0.666,-3.707,-4.202,-0.009,5.603,0.104,1.11
2437,269696700,1,1046188243,3,31,3,234,0,1,1,30.5398735,114.3567071,33.953,0.313,0.662,-3.825,-4.648,-0.072,6.019,0.096,1.11
2437,269697700,1,1047197386,3,31,3,234,0,1,1,30.5398379,114.3566571,34.244,0.31,0.663,-4.025,-4.905,-0.165,6.345,0.108,1.11
2437,269698800,1,1048410920,3,31,3,234,0,1,1,30.5397984,114.3565998,34.469,0.311,0.663,-4.025,-5.092,-0.148,6.49,0.108,1.11
2437,269699800,1,1049410289,3,31,3,234,0,1,1,30.5397599,114.3565464,34.852,0.31,0.66,-4.223,-5.367,-0.17,6.829,0.099,1.1
2437,269700800,1,1050409403,3,31,3,234,0,1,1,30.5397214,114.3564877,35.133,0.311,0.664,-4.222,-5.786,-0.141,7.163,0.113,1.1
2437,269701800,1,1051405470,3,31,3,234,0,1,1,30.5396855,114.3564253,35.176,0.313,0.669,-3.832,-6.179,-0.002,7.271,0.108,1.1
2437,269702800,1,1052402981,3,31,3,234,0,1,1,30.539652,114.356358,35.12,0.314,0.674,-3.538,-6.716,0.104,7.591,0.106,1.14
2437,269703800,1,1053406724,3,31,3,234,0,1,1,30.5396212,114.3562846,35.067,0.312,0.671,-3.138,-7.346,0.092,7.988,0.092,1.14
2437,269704800,1,1054409145,3,31,3,234,0,1,1,30.5395957,114.3562055,35.095,0.309,0.66,-2.412,-7.714,0.064,8.082,0.101,1.14
2437,269705800,1,1055392528,3,31,3,234,0,1,1,30.539575,114.3561221,35.184,0.304,0.649,-2.13,-8.109,-0.01,8.384,0.103,1.14
2437,269706800,1,1056401140,3,31,3,234,0,1,1,30.5395575,114.3560358,35.041,0.302,0.643,-1.959,-8.255,0.0,8.485,0.133,1.14
2437,269707800,1,1057398688,3,31,3,234,0,1,1,30.53954,114.3559481,34.953,0.301,0.641,-2.08,-8.457,0.056,8.709,0.11,1.15
2437,269708800,1,1058395693,3,31,3,234,0,1,1,30.5395197,114.3558591,34.848,0.306,0.65,-2.375,-8.507,0.045,8.832,0.117,1.15
2437,269709800,1,1059394103,3,31,3,234,0,1,1,30.5394959,114.3557718,34.819,0.312,0.653,-2.985,-8.233,-0.057,8.757,0.138,1.14
2437,269710800,1,1060394193,3,30,3,234,0,1,1,30.5394655,114.3556877,34.824,0.315,0.652,-3.409,-7.955,-0.124,8.655,0.126,1.16
2437,269711800,1,1061396422,3,29,3,234,0,1,1,30.5394325,114.3556054,34.863,0.319,0.652,-3.884,-7.853,-0.09,8.761,0.11,1.17
2437,269712800,1,1062392660,3,29,3,234,0,1,1,30.539395,114.3555263,34.845,0.323,0.654,-4.237,-7.375,-0.076,8.505,0.143,1.16
2437,269713800,1,1063392664,3,29,3,234,0,1,1,30.5393506,114.3554507,34.755,0.324,0.661,-4.952,-7.086,-0.04,8.644,0.104,1.21
2437,269714800,1,1064393410,3,30,3,234,0,1,1,30.5393021,114.3553799,34.542,0.323,0.656,-5.565,-6.59,0.057,8.626,0.107,1.2
2437,269715800,1,1065394251,3,30,3,234,0,1,1,30.539249,114.355313,34.734,0.321,0.653,-6.041,-6.165,-0.143,8.631,0.104,1.16
2437,269716800,1,1066405510,3,30,3,234,0,1,1,30.5391913,114.3552497,34.998,0.317,0.654,-6.355,-5.695,-0.142,8.534,0.096,1.08
2437,269717800,1,1067402998,3,30,3,234,0,1,1,30.539131,114.3551907,35.076,0.312,0.652,-6.794,-5.411,-0.076,8.686,0.088,1.14
2437,269718800,1,1068400197,3,31,3,234,0,1,1,30.5390682,114.3551365,35.056,0.309,0.647,-7.007,-4.9,-0.096,8.55,0.085,1.14
2437,269719800,1,1069404499,3,30,3,234,0,1,1,30.5390035,114.3550861,34.9,0.305,0.636,-7.177,-4.7,-0.062,8.58,0.08,1.15
2437,269720800,1,1070409820,3,31,3,234,0,1,1,30.538937,114.355039,34.775,0.302,0.627,-7.42,-4.418,0.008,8.636,0.082,1.08
2437,269721800,1,1071407189,3,31,3,234,0,1,1,30.5388682,114.3549963,34.746,0.297,0.615,-7.657,-3.963,-0.045,8.622,0.078,1.08
2437,269722800,1,1072416232,3,31,3,234,0,1,1,30.5387985,114.3549548,34.743,0.289,0.598,-7.753,-3.957,-0.061,8.704,0.076,1.14
2437,269723800,1,1073401776,3,31,3,234,0,1,1,30.5387279,114.3549151,34.747,0.284,0.586,-7.814,-3.706,-0.012,8.649,0.082,1.08
2437,269724800,1,1074411182,3,31,3,234,0,1,1,30.5386569,114.3548772,34.92,0.286,0.585,-7.905,-3.628,-0.163,8.698,0.081,1.1
2437,269725800,1,1075404350,3,31,3,234,0,1,1,30.5385847,114.3548398,34.807,0.29,0.586,-7.974,-3.64,-0.001,8.766,0.081,1.07
2437,269726800,1,1076415015,3,31,3,234,0,1,1,30.5385106,114.3548042,34.697,0.289,0.582,-8.229,-3.366,0.048,8.891,0.078,1.07
2437,269727800,1,1077409009,3,31,3,234,0,1,1,30.5384352,114.3547687,34.557,0.289,0.579,-8.384,-3.306,0.106,9.013,0.082,1.07
2437,269728800,1,1078409384,3,31,3,234,0,1,1,30.5383589,114.3547346,34.467,0.288,0.574,-8.481,-3.33,0.085,9.111,0.078,1.07
2437,269729800,1,1079405568,3,31,3,234,0,1,1,30.5382814,114.3547012,34.173,0.291,0.577,-8.636,-3.0,0.204,9.142,0.081,1.06
2437,269730800,1,1080412291,3,31,3,234,0,1,1,30.5382022,114.3546697,33.904,0.294,0.583,-8.818,-2.97,0.256,9.305,0.08,1.04
2437,269731800,1,1081412530,3,31,3,234,0,1,1,30.5381222,114.3546406,33.611,0.298,0.589,-8.849,-2.661,0.262,9.241,0.077,1.08
2437,269732800,1,1082404248,3,31,3,234,0,1,1,30.538043,114.3546135,33.27,0.298,0.585,-8.61,-2.536,0.3,8.976,0.077,1.04
2437,269733800,1,1083406893,3,31,3,234,0,1,1,30.5379667,114.3545897,33.036,0.299,0.582,-8.096,-2.151,0.265,8.377,0.074,1.04
2437,269734800,1,1084407118,3,31,3,234,0,1,1,30.5378971,114.35457,32.797,0.3,0.576,-7.407,-1.672,0.269,7.594,0.07,1.03
2437,269735800,1,1085411197,3,31,3,234,0,1,1,30.5378316,114.3545515,32.593,0.297,0.569,-7.153,-1.86,0.236,7.391,0.076,1.04
2437,269736800,1,1086410853,3,31,3,234,0,1,1,30.5377658,114.3545304,32.312,0.293,0.562,-7.5,-2.173,0.256,7.808,0.076,1.02
2437,269737800,1,1087414465,3,31,3,234,0,1,1,30.5376969,114.3545088,32.03,0.291,0.555,-7.668,-1.769,0.288,7.869,0.076,1.0
2437,269738800,1,1088407615,3,31,3,234,0,1,1,30.5376257,114.354492,31.84,0.294,0.556,-8.024,-1.676,0.215,8.197,0.078,1.07
2437,269739800,1,1089404472,3,31,3,234,0,1,1,30.5375508,114.3544723,31.556,0.3,0.561,-8.444,-2.037,0.279,8.687,0.082,1.07
2437,269740800,1,1090415925,3,31,3,234,0,1,1,30.5374742,114.3544472,31.282,0.306,0.566,-8.57,-2.512,0.279,8.93,0.083,1.07
2437,269741800,1,1091415840,3,30,3,234,0,1,1,30.5373958,114.3544188,30.886,0.313,0.568,-8.808,-2.781,0.37,9.237,0.078,1.1
2437,269742800,1,1092417924,3,31,3,234,0,1,1,30.5373162,114.3543886,30.555,0.315,0.571,-8.806,-3.013,0.364,9.307,0.078,1.13
2437,269743800,1,1093407846,3,31,3,234,0,1,1,30.5372366,114.3543564,30.179,0.319,0.575,-8.857,-3.232,0.389,9.428,0.078,1.09
2437,269744800,1,1094412329,3,31,3,234,0,1,1,30.5371578,114.3543211,29.777,0.322,0.581,-8.631,-3.563,0.407,9.338,0.079,1.12
2437,269745800,1,1095415138,3,31,3,234,0,1,1,30.5370804,114.3542828,29.439,0.324,0.587,-8.478,-3.897,0.362,9.331,0.08,1.08
2437,269746800,1,1096412082,3,31,3,234,0,1,1,30.537005,114.3542403,29.072,0.325,0.591,-8.263,-4.377,0.366,9.351,0.084,1.13
2437,269747800,1,1097408030,3,31,3,234,0,1,1,30.5369317,114.3541935,28.671,0.325,0.592,-8.004,-4.828,0.436,9.347,0.085,1.13
2437,269748800,1,1098411520,3,31,3,234,0,1,1,30.536861,114.3541419,28.28,0.325,0.595,-7.649,-5.293,0.429,9.301,0.081,1.12
2437,269749900,1,1099423139,3,31,3,234,0,1,1,30.5367881,114.3540788,27.966,0.322,0.593,-7.177,-5.792,0.326,9.223,0.079,1.14
2437,269751000,1,1100497545,3,31,3,234,0,1,1,30.5367201,114.3540095,27.424,0.322,0.595,-6.649,-6.212,0.374,9.1,0.084,1.04
2437,269752000,1,1101502186,3,31,3,234,0,1,1,30.5366611,114.3539443,27.036,0.322,0.597,-6.348,-6.441,0.355,9.043,0.086,1.1
2437,269753100,1,1102589357,3,31,3,234,0,1,1,30.5365991,114.3538708,26.787,0.323,0.606,-6.193,-6.412,0.277,8.914,0.081,1.12
2437,269754100,1,1103590617,3,31,3,234,0,1,1,30.5365452,114.3538025,26.629,0.322,0.609,-5.841,-6.634,0.204,8.839,0.085,1.09
2437,269755100,1,1104591370,3,31,3,234,0,1,1,30.5364934,114.3537332,26.332,0.322,0.613,-5.671,-6.656,0.274,8.745,0.09,1.1
2437,269756100,1,1105594449,3,31,3,234,0,1,1,30.5364435,114.3536654,26.139,0.321,0.616,-5.462,-6.383,0.23,8.401,0.085,1.09
2437,269757100,1,1106589804,3,31,3,234,0,1,1,30.5363959,114.3536016,25.93,0.319,0.62,-5.091,-5.885,0.234,7.781,0.079,1.1
2437,269758100,1,1107594469,3,31,3,234,0,1,1,30.5363521,114.353546,25.719,0.315,0.616,-4.752,-4.83,0.174,6.776,0.078,1.17
2437,269759100,1,1108591350,3,31,3,234,0,1,1,30.536309,114.3535022,25.456,0.312,0.614,-4.921,-3.548,0.235,6.067,0.07,1.16
2437,269760100,1,1109590900,3,31,3,234,0,1,1,30.5362615,114.3534733,25.281,0.306,0.607,-5.527,-2.071,0.155,5.902,0.079,1.12
2437,269761100,1,1110593137,3,31,3,234,0,1,1,30.5362092,114.3534606,25.153,0.301,0.594,-5.947,-0.598,0.164,5.977,0.078,1.1
2437,269762100,1,1111586304,3,30,3,234,0,1,1,30.5361531,114.353464,25.037,0.294,0.576,-6.235,0.994,0.18,6.314,0.077,1.21
2437,269763100,1,1112598131,3,31,3,234,0,1,1,30.5360961,114.3534773,24.761,0.29,0.562,-6.487,1.402,0.078,6.636,0.076,1.07
2437,269764100,1,1113591974,3,31,3,234,0,1,1,30.5360359,114.3534895,24.569,0.288,0.551,-6.975,0.793,0.09,7.02,0.079,1.07
2437,269765100,1,1114597182,3,32,3,234,0,1,1,30.5359723,114.3534934,24.541,0.296,0.553,-7.23,0.074,0.048,7.231,0.087,1.07
2437,269766200,1,1115695503,3,32,3,234,0,1,1,30.5358998,114.353485,24.53,0.312,0.577,-7.386,-1.304,0.021,7.501,0.092,1.13
2437,269767200,1,1116699316,3,32,3,234,0,1,1,30.5358322,114.3534665,24.53,0.322,0.601,-7.541,-2.123,0.014,7.834,0.084,1.1
2437,269768200,1,1117691226,3,31,3,234,0,1,1,30.5357654,114.3534357,24.387,0.326,0.623,-7.393,-3.344,0.05,8.114,0.085,1.12
2437,269769200,1,1118693549,3,31,3,234,0,1,1,30.5357004,114.3533958,24.578,0.324,0.628,-7.085,-4.09,-0.054,8.181,0.082,1.1
2437,269770200,1,1119685472,3,31,3,234,0,1,1,30.5356369,114.3533488,24.502,0.323,0.63,-7.004,-4.577,0.039,8.367,0.08,1.14
2437,269771200,1,1120690883,3,31,3,234,0,1,1,30.5355737,114.3532998,24.52,0.321,0.63,-7.067,-4.68,0.034,8.476,0.082,1.11
2437,269772200,1,1121690842,3,31,3,234,0,1,1,30.5355102,114.3532497,24.552,0.321,0.629,-7.031,-4.851,0.026,8.542,0.08,1.1
2437,269773200,1,1122690472,3,31,3,234,0,1,1,30.5354467,114.3531987,24.702,0.321,0.627,-6.937,-5.016,-0.044,8.56,0.082,1.19
2437,269774200,1,1123690444,3,31,3,234,0,1,1,30.535385,114.3531441,24.853,0.321,0.629,-6.71,-5.319,-0.107,8.562,0.082,1.19
2437,269775200,1,1124686968,3,31,3,234,0,1,1,30.5353253,114.3530867,25.013,0.321,0.632,-6.438,-5.716,-0.129,8.61,0.072,1.14
2437,269776200,1,1125688282,3,30,3,234,0,1,1,30.53527,114.353024,24.942,0.316,0.628,-5.959,-6.291,0.019,8.665,0.076,1.19
2437,269777200,1,1126690078,3,31,3,234,0,1,1,30.5352194,114.3529561,24.96,0.314,0.63,-5.516,-6.559,0.033,8.57,0.087,1.23
2437,269778200,1,1127688442,3,31,3,234,0,1,1,30.5351716,114.352888,24.992,0.313,0.634,-5.224,-6.457,-0.02,8.306,0.088,1.23
2437,269779200,1,1128685963,3,30,3,234,0,1,1,30.5351286,114.3528209,25.027,0.312,0.638,-4.535,-6.263,-0.041,7.733,0.098,1.24
2437,269780200,1,1129690878,3,29,3,234,0,1,1,30.53509,114.3527549,24.95,0.31,0.643,-4.274,-6.311,0.025,7.622,0.091,1.35
2437,269781200,1,1130689215,3,31,3,234,0,1,1,30.5350535,114.3526841,24.813,0.306,0.641,-4.079,-6.946,0.052,8.055,0.103,1.23
2437,269782200,1,1131691583,3,31,3,234,0,1,1,30.5350215,114.3526075,24.582,0.307,0.651,-3.327,-7.485,0.191,8.191,0.1,1.14
2437,269783200,1,1132687443,3,30,3,234,0,1,1,30.5349932,114.3525287,24.259,0.31,0.665,-3.191,-7.587,0.284,8.231,0.096,1.14
2437,269784200,1,1133689255,3,30,3,234,0,1,1,30.5349648,114.3524523,24.127,0.316,0.68,-3.318,-7.209,0.213,7.936,0.112,1.07
2437,269785200,1,1134688824,3,30,3,234,0,1,1,30.5349336,114.3523795,23.933,0.319,0.692,-3.624,-6.911,0.228,7.804,0.108,1.16
2437,269786200,1,1135690011,3,31,3,234,0,1,1,30.5348973,114.3523117,23.611,0.322,0.705,-4.43,-5.995,0.267,7.454,0.108,1.15
2437,269787200,1,1136691006,3,31,3,234,0,1,1,30.5348533,114.3522527,23.422,0.319,0.704,-5.311,-5.122,0.163,7.378,0.094,1.15
2437,269788200,1,1137684804,3,30,3,234,0,1,1,30.5348026,114.3522041,23.462,0.314,0.697,-5.741,-4.172,0.041,7.097,0.085,1.25
2437,269789200,1,1138691480,3,31,3,234,0,1,1,30.5347491,114.3521656,23.405,0.308,0.688,-5.962,-3.235,-0.026,6.783,0.09,1.16
2437,269790200,1,1139690712,3,31,3,234,0,1,1,30.5346934,114.3521346,23.333,0.313,0.694,-6.294,-2.421,0.008,6.743,0.108,1.06
2437,269791200,1,1140691864,3,30,3,234,0,1,1,30.5346358,114.3521157,23.357,0.324,0.71,-6.388,-1.525,-0.047,6.568,0.103,1.1
2437,269792200,1,1141697138,3,30,3,234,0,1,1,30.5345748,114.3521015,23.251,0.336,0.729,-7.145,-1.145,0.075,7.236,0.113,1.15
2437,269793200,1,1142687026,3,29,3,234,0,1,1,30.5345104,114.3520994,23.568,0.352,0.744,-7.186,0.261,-0.124,7.191,0.109,1.12
2437,269794200,1,1143687287,3,31,3,234,0,1,1,30.5344465,114.3521113,23.664,0.367,0.767,-7.079,1.79,-0.131,7.302,0.149,1.07
2437,269795200,1,1144688826,3,30,3,234,0,1,1,30.5343811,114.3521293,23.695,0.375,0.804,-7.505,1.548,-0.05,7.663,0.124,1.14
2437,269796200,1,1145684287,3,29,3,234,0,1,1,30.5343113,114.3521385,23.893,0.38,0.827,-7.785,0.093,-0.128,7.785,0.106,1.17
2437,269797200,1,1146681285,3,31,3,234,0,1,1,30.5342398,114.3521321,24.074,0.39,0.843,-7.913,-1.248,-0.165,8.011,0.136,1.19
2437,269798200,1,1147691462,3,31,3,234,0,1,1,30.5341702,114.3521148,23.803,0.41,0.891,-7.542,-2.035,0.005,7.812,0.144,1.16
2437,269799200,1,1148690454,3,29,3,234,0,1,1,30.5341024,114.3520868,23.088,0.414,0.912,-7.329,-2.662,0.306,7.798,0.148,1.15
2437,269800200,1,1149695785,3,30,3,234,0,1,1,30.5340329,114.3520524,23.016,0.43,0.926,-7.416,-3.523,0.28,8.21,0.16,1.13
2437,269801200,1,1150692514,3,30,3,234,0,1,1,30.5339623,114.3520174,22.898,0.438,0.926,-7.644,-3.164,0.325,8.273,0.217,1.28
2437,269802200,1,1151684966,3,29,3,234,0,1,1,30.5338911,114.3519857,23.231,0.446,0.929,-8.006,-3.237,0.104,8.636,0.124,1.19
2437,269803200,1,1152690594,3,31,3,234,0,1,1,30.5338175,114.3519554,23.42,0.445,0.922,-8.023,-2.829,-0.012,8.508,0.129,1.23
2437,269804200,1,1153691021,3,29,3,234,0,1,1,30.5337446,114.3519276,23.619,0.45,0.937,-8.309,-2.648,-0.04,8.721,0.142,1.13
2437,269805200,1,1154689030,3,28,3,234,0,1,1,30.5336688,114.3519059,23.459,0.459,0.965,-8.474,-1.683,0.088,8.639,0.155,1.19
2437,269806200,1,1155683939,3,30,3,234,0,1,1,30.5335915,114.3518982,23.317,0.476,0.99,-8.498,0.159,0.186,8.5,0.193,1.17
2437,269807200,1,1156693121,3,29,3,234,0,1,1,30.5335144,114.3519027,23.734,0.482,1.013,-8.324,0.655,0.002,8.35,0.151,1.18
2437,269808200,1,1157689177,3,29,3,234,0,1,1,30.5334374,114.3519234,23.993,0.498,1.045,-8.612,2.402,-0.087,8.941,0.143,1.27
2437,269809200,1,1158719519,3,29,3,234,0,1,1,30.5333628,114.3519522,23.588,0.515,1.048,-8.123,3.24,0.106,8.745,0.147,1.15
2437,269810300,1,1159786692,3,28,3,234,0,1,1,30.5332816,114.351991,23.6,0.529,1.079,-8.264,3.35,0.125,8.918,0.188,1.24
2437,269811300,1,1160793741,3,29,3,234,0,1,1,30.5332067,114.3520269,24.036,0.526,1.088,-8.024,3.417,-0.014,8.722,0.171,1.16
2437,269812400,1,1161893688,3,30,3,234,0,1,1,30.5331242,114.3520654,24.519,0.534,1.124,-8.136,3.399,-0.168,8.817,0.158,1.11
2437,269813400,1,1162879886,3,30,3,234,0,1,1,30.5330488,114.3520987,24.659,0.538,1.134,-8.3,3.199,-0.025,8.895,0.2,1.11
2437,269814400,1,1163889939,3,28,3,234,0,1,1,30.5329747,114.3521331,24.866,0.551,1.156,-8.115,3.375,-0.033,8.788,0.194,1.2
2437,269815400,1,1164890005,3,29,3,234,0,1,1,30.5328996,114.3521698,25.224,0.559,1.192,-8.175,3.656,-0.09,8.955,0.208,1.03
2437,269816400,1,1165893615,3,29,3,234,0,1,1,30.5328254,114.3522077,25.691,0.567,1.209,-7.987,3.79,-0.167,8.841,0.181,1.04
2437,269817400,1,1166889139,3,29,3,234,0,1,1,30.5327514,114.3522489,26.197,0.58,1.208,-8.083,3.749,-0.265,8.91,0.157,1.04
2437,269818400,1,1167891176,3,30,3,234,0,1,1,30.5326766,114.3522868,26.689,0.58,1.202,-8.222,3.402,-0.266,8.898,0.153,1.03
2437,269819400,1,1168894220,3,29,3,234,0,1,1,30.5326005,114.3523142,26.714,0.578,1.194,-8.535,2.182,-0.136,8.809,0.179,1.04
2437,269820400,1,1169895394,3,31,3,234,0,1,1,30.5325198,114.3523306,26.989,0.582,1.189,-8.892,1.048,-0.149,8.953,0.175,1.03
2437,269821400,1,1170891338,3,29,3,234,0,1,1,30.5324381,114.3523327,26.899,0.591,1.183,-9.327,-0.285,-0.039,9.331,0.135,1.12
2437,269822400,1,1171891207,3,31,3,234,0,1,1,30.5323548,114.3523322,26.858,0.579,1.15,-9.237,-0.048,-0.011,9.237,0.139,1.14
2437,269823400,1,1172890929,3,30,3,234,0,1,1,30.5322709,114.3523264,26.551,0.578,1.134,-9.354,-0.451,0.144,9.365,0.118,1.12
2437,269824400,1,1173886672,3,30,3,234,0,1,1,30.5321861,114.3523237,26.394,0.585,1.133,-9.215,-0.185,0.133,9.217,0.148,1.11
2437,269825400,1,1174889603,3,29,3,234,0,1,1,30.5320995,114.3523225,25.968,0.583,1.127,-9.588,-0.031,0.251,9.588,0.112,1.17
2437,269826400,1,1175893661,3,29,3,234,0,1,1,30.5320119,114.3523208,25.702,0.572,1.101,-9.757,-0.224,0.166,9.76,0.102,1.12
2437,269827400,1,1176891181,3,30,3,234,0,1,1,30.5319252,114.3523174,25.224,0.574,1.087,-9.417,-0.16,0.142,9.419,0.116,1.12
2437,269828400,1,1177895702,3,29,3,234,0,1,1,30.5318408,114.3523138,24.936,0.575,1.093,-9.055,-0.21,0.055,9.058,0.124,1.12
2437,269829400,1,1178890746,3,30,3,234,0,1,1,30.5317596,114.3523115,24.516,0.57,1.099,-8.812,-0.091,0.135,8.813,0.115,1.1
2437,269830400,1,1179889496,3,30,3,234,0,1,1,30.5316801,114.3523095,24.337,0.556,1.084,-8.695,-0.155,0.116,8.697,0.121,1.1
2437,269831400,1,1180886771,3,30,3,234,0,1,1,30.5315995,114.3523087,23.927,0.553,1.069,-8.763,0.17,0.133,8.765,0.142,1.11
2437,269832500,1,1181989243,3,29,3,234,0,1,1,30.5315127,114.3523131,23.772,0.556,1.061,-8.711,0.429,-0.009,8.721,0.109,1.16
2437,269833500,1,1182991156,3,28,3,234,0,1,1,30.5314337,114.352317,23.594,0.552,1.058,-8.688,0.426,0.023,8.699,0.12,1.18
2437,269834500,1,1183987934,3,29,3,234,0,1,1,30.531354,114.3523172,23.593,0.554,1.067,-8.771,-0.33,-0.012,8.778,0.138,1.17
2437,269835500,1,1184989928,3,27,3,234,0,1,1,30.5312732,114.3523122,23.512,0.549,1.075,-9.045,-0.534,0.051,9.061,0.152,1.26
2437,269836500,1,1185991084,3,28,3,234,0,1,1,30.5311918,114.3523074,23.557,0.546,1.081,-9.087,-0.388,0.016,9.095,0.156,1.18
2437,269837500,1,1186994388,3,31,3,234,0,1,1,30.531109,114.352306,24.067,0.541,1.071,-9.154,0.527,-0.247,9.169,0.171,1.19
2437,269838500,1,1187985446,3,28,3,234,0,1,1,30.5310267,114.3523069,24.399,0.567,1.104,-9.253,-0.168,-0.288,9.255,0.161,1.22
2437,269839500,1,1188982237,3,29,3,234,0,1,1,30.5309457,114.3523169,25.156,0.598,1.157,-8.784,1.644,-0.467,8.937,0.257,1.14
2437,269840500,1,1189985706,3,30,3,234,0,1,1,30.5308633,114.3523209,25.513,0.609,1.212,-9.078,0.258,-0.41,9.082,0.213,1.11
2437,269841500,1,1190989771,3,31,3,234,0,1,1,30.5307836,114.3523249,25.729,0.614,1.265,-8.992,-0.33,-0.322,8.998,0.174,1.11
2437,269842500,1,1191988720,3,28,3,234,0,1,1,30.5307092,114.3523211,25.439,0.648,1.33,-7.726,0.011,-0.116,7.726,0.174,1.19
2437,269843500,1,1192988635,3,29,3,234,0,1,1,30.5306415,114.3523201,25.393,0.679,1.379,-7.21,0.275,-0.038,7.215,0.197,1.09
2437,269844700,1,1194187981,3,26,3,234,0,1,1,30.5305708,114.3523157,21.64,0.668,1.366,-6.612,-0.44,1.026,6.627,0.35,1.24
2437,269845700,1,1195187708,3,30,3,234,0,1,1,30.5305133,114.3523131,21.504,0.657,1.377,-6.301,-0.521,0.823,6.323,0.168,1.1
2437,269846700,1,1196181640,3,28,3,234,0,1,1,30.5304596,114.3523061,20.503,0.662,1.388,-6.001,-1.015,1.066,6.086,0.176,1.18
2437,269847700,1,1197189272,3,30,3,234,0,1,1,30.5304069,114.3523057,20.015,0.685,1.417,-6.01,0.203,1.023,6.013,0.184,1.04
2437,269848700,1,1198195979,3,27,3,234,0,1,1,30.5303553,114.352306,18.447,0.685,1.428,-5.62,-0.432,1.346,5.637,0.199,1.17
2437,269849700,1,1199194954,3,29,3,234,0,1,1,30.5303057,114.352305,18.089,0.677,1.433,-5.159,-0.226,1.164,5.164,0.155,1.09
2437,269850700,1,1200200706,3,28,3,234,0,1,1,30.5302595,114.3523054,18.052,0.667,1.419,-4.643,0.209,0.973,4.647,0.154,1.06
2437,269851700,1,1201192474,3,31,3,234,0,1,1,30.5302147,114.3523016,18.644,0.654,1.374,-4.724,-0.356,0.858,4.737,0.134,1.07
2437,269852700,1,1202193560,3,29,3,234,0,1,1,30.530167,114.3523017,19.432,0.65,1.344,-5.015,-0.263,0.482,5.022,0.13,1.1
2437,269853700,1,1203195506,3,28,3,234,0,1,1,30.53012,114.3523036,19.754,0.653,1.327,-5.075,-0.058,0.358,5.075,0.15,1.19
2437,269854700,1,1204192808,3,29,3,234,0,1,1,30.5300727,114.3523072,20.042,0.648,1.294,-5.039,0.374,0.287,5.053,0.145,1.19
2437,269855700,1,1205187275,3,30,3,234,0,1,1,30.5300274,114.3523099,20.131,0.639,1.279,-4.434,0.075,0.246,4.434,0.143,1.25
2437,269856700,1,1206192542,3,31,3,234,0,1,1,30.5299866,114.3523073,20.158,0.638,1.267,-4.286,-0.532,0.295,4.319,0.147,1.13
2437,269857700,1,1207188970,3,29,3,234,0,1,1,30.5299473,114.3523018,19.376,0.637,1.258,-4.492,-0.457,0.641,4.515,0.113,1.18
2437,269858700,1,1208190945,3,30,3,234,0,1,1,30.5299052,114.352297,19.171,0.62,1.241,-4.458,-0.185,0.544,4.462,0.113,1.15
2437,269859700,1,1209197119,3,30,3,234,0,1,1,30.5298608,114.3522927,19.66,0.597,1.216,-4.55,-0.213,0.299,4.555,0.106,1.15
2437,269860700,1,1210193964,3,32,3,234,0,1,1,30.5298165,114.3522883,20.273,0.574,1.178,-4.556,-0.31,0.125,4.567,0.1,1.08
2437,269861700,1,1211191031,3,31,3,234,0,1,1,30.5297733,114.352279,20.631,0.549,1.14,-4.647,-0.882,0.034,4.73,0.084,1.08
2437,269862700,1,1212193102,3,31,3,234,0,1,1,30.5297299,114.3522648,21.225,0.528,1.097,-4.642,-1.536,-0.056,4.89,0.08,1.08
2437,269863700,1,1213194743,3,30,3,234,0,1,1,30.5296892,114.3522418,20.784,0.516,1.07,-4.343,-2.003,0.326,4.783,0.097,1.09
2437,269864700,1,1214186424,3,30,3,234,0,1,1,30.5296456,114.3522236,21.162,0.506,1.046,-4.853,-1.614,0.141,5.115,0.103,1.1
2437,269865700,1,1215195103,3,28,3,234,0,1,1,30.5296022,114.3522116,21.824,0.508,1.034,-4.734,-0.999,-0.116,4.838,0.118,1.24
2437,269866700,1,1216193441,3,29,3,234,0,1,1,30.529563,114.3522038,22.166,0.509,1.035,-3.945,-0.408,-0.075,3.966,0.147,1.27
2437,269867700,1,1217190475,3,27,3,234,0,1,1,30.5295248,114.352195,22.06,0.513,1.043,-4.197,-0.961,0.099,4.306,0.105,1.29
2437,269868700,1,1218195472,3,29,3,234,0,1,1,30.5294876,114.3521861,22.257,0.518,1.041,-3.836,-0.884,0.036,3.937,0.149,1.21
2437,269869700,1,1219199348,3,30,3,234,0,1,1,30.5294517,114.3521743,22.255,0.526,1.061,-3.664,-1.495,0.116,3.957,0.137,1.14
2437,269870700,1,1220193584,3,28,3,234,0,1,1,30.5294238,114.3521599,21.737,0.534,1.079,-2.728,-1.424,0.4,3.077,0.157,1.13
2437,269871700,1,1221198576,3,29,3,234,0,1,1,30.5294035,114.3521452,21.075,0.537,1.076,-2.406,-1.479,0.691,2.824,0.156,1.14
2437,269872700,1,1222197339,3,29,3,234,0,1,1,30.5293818,114.3521234,19.782,0.526,1.055,-2.456,-2.335,1.211,3.389,0.17,1.11
2437,269873700,1,1223185061,3,28,3,234,0,1,1,30.5293631,114.3520953,18.949,0.516,1.037,-1.494,-3.001,1.192,3.352,0.152,1.27
2437,269874700,1,1224187917,3,28,3,234,0,1,1,30.5293488,114.3520598,18.881,0.514,1.034,-1.219,-3.398,0.728,3.61,0.142,1.29
2437,269875700,1,1225188271,3,25,3,234,0,1,1,30.5293405,114.3520252,18.833,0.506,1.022,-0.196,-3.542,0.606,3.547,0.154,1.28
2437,269876700,1,1226189724,3,29,3,234,0,1,1,30.5293319,114.3519939,18.204,0.499,1.011,-0.983,-2.921,0.842,3.082,0.172,1.23
2437,269877700,1,1227193266,3,28,3,234,0,1,1,30.5293302,114.3519608,18.407,0.49,1.002,0.035,-3.333,0.606,3.333,0.135,1.19
2437,269878700,1,1228189362,3,30,3,234,0,1,1,30.5293314,114.3519242,19.322,0.48,0.985,0.169,-3.597,0.144,3.601,0.135,1.18
2437,269879700,1,1229198401,3,30,3,234,0,1,1,30.5293341,114.3518872,19.988,0.469,0.972,0.56,-3.428,0.153,3.474,0.19,1.12
2437,269880700,1,1230194989,3,28,3,234,0,1,1,30.5293369,114.3518442,20.236,0.461,0.967,0.085,-4.567,0.141,4.568,0.121,1.29
2437,269881700,1,1231187508,3,29,3,234,0,1,1,30.5293394,114.3517944,20.422,0.458,0.965,0.196,-4.816,0.119,4.82,0.127,1.27
2437,269882700,1,1232187627,3,26,3,234,0,1,1,30.5293388,114.3517422,20.955,0.46,0.969,-0.093,-4.937,-0.06,4.938,0.117,1.31
2437,269883700,1,1233190355,3,25,3,234,0,1,1,30.5293366,114.3516914,21.283,0.464,0.977,-0.19,-4.879,-0.11,4.883,0.134,1.27
2437,269884700,1,1234189583,3,26,3,234,0,1,1,30.5293332,114.3516378,21.584,0.473,0.982,-0.199,-5.197,-0.094,5.201,0.147,1.32
2437,269885700,1,1235188555,3,29,3,234,0,1,1,30.5293301,114.3515849,21.896,0.49,0.988,-0.292,-4.908,-0.076,4.916,0.128,1.17
2437,269886700,1,1236216347,3,26,3,234,0,1,1,30.5293261,114.3515325,22.268,0.504,0.986,-0.269,-5.039,-0.135,5.047,0.105,1.2
2437,269887700,1,1237187603,3,25,3,234,0,1,1,30.5293223,114.3514799,22.865,0.52,0.983,-0.112,-4.881,-0.231,4.882,0.125,1.27
2437,269888700,1,1238190489,3,26,3,234,0,1,1,30.529319,114.3514332,24.073,0.524,0.972,-0.16,-4.012,-0.419,4.015,0.105,1.18
2437,269889700,1,1239190001,3,23,3,234,0,1,1,30.5293172,114.3513971,24.923,0.531,0.967,-0.02,-3.272,-0.411,3.272,0.115,1.27
2437,269890700,1,1240193222,3,25,3,234,0,1,1,30.5293159,114.3513622,25.674,0.538,0.963,-0.239,-3.442,-0.436,3.45,0.111,1.38
2437,269891700,1,1241185331,3,25,3,234,0,1,1,30.5293133,114.3513253,26.437,0.548,0.96,0.079,-3.767,-0.427,3.768,0.122,1.38
2437,269892700,1,1242190200,3,22,3,234,0,1,1,30.5293136,114.3512864,27.021,0.56,0.96,0.379,-3.966,-0.354,3.984,0.139,1.38
2437,269893700,1,1243190116,3,27,3,234,0,1,1,30.5293109,114.3512446,27.585,0.566,0.957,-0.046,-4.093,-0.254,4.093,0.118,1.38
2437,269894700,1,1244191499,3,26,3,234,0,1,1,30.5293095,114.3511968,28.328,0.58,0.954,0.135,-4.761,-0.284,4.763,0.102,1.32
2437,269895700,1,1245195270,3,27,3,234,0,1,1,30.5293087,114.351147,28.822,0.6,0.954,0.337,-4.635,-0.118,4.647,0.112,1.35
2437,269896700,1,1246190424,3,25,3,234,0,1,1,30.5293066,114.3511002,28.947,0.635,0.954,-0.121,-4.435,-0.014,4.436,0.148,1.4
2437,269897700,1,1247188796,3,28,3,234,0,1,1,30.5293034,114.3510529,29.245,0.669,0.958,0.089,-4.433,-0.001,4.434,0.148,1.37
2437,269898700,1,1248192575,3,28,3,234,0,1,1,30.5293008,114.351007,29.604,0.697,0.961,-0.059,-4.313,-0.004,4.313,0.153,1.27
2437,269899700,1,1249187936,3,24,3,234,0,1,1,30.5293017,114.3509639,29.993,0.728,0.967,0.2,-3.809,-0.077,3.814,0.165,1.41
2437,269900700,1,1250184757,3,24,3,234,0,1,1,30.5293,114.3509239,30.45,0.754,0.972,-0.362,-3.639,-0.142,3.657,0.125,1.57
2437,269901700,1,1251191469,3,22,3,234,0,1,1,30.5292974,114.3508834,30.768,0.781,0.981,0.123,-3.944,-0.09,3.946,0.181,1.42
2437,269902700,1,1252194048,3,27,3,234,0,1,1,30.5292948,114.3508427,30.976,0.813,0.994,-0.032,-3.746,-0.056,3.746,0.173,1.39
2437,269903700,1,1253187931,3,26,3,234,0,1,1,30.5292918,114.3508099,30.778,0.811,0.998,-0.06,-2.966,0.135,2.967,0.168,1.45
2437,269904700,1,1254196275,3,23,3,234,0,1,1,30.5292937,114.3507823,31.02,0.808,1.008,0.169,-2.258,0.098,2.264,0.161,1.54
2437,269905700,1,1255189351,3,26,3,234,0,1,1,30.5292951,114.3507608,31.12,0.807,1.021,0.244,-2.251,0.129,2.265,0.16,1.4
2437,269906700,1,1256190176,3,25,3,234,0,1,1,30.5292925,114.3507335,31.043,0.813,1.035,-0.248,-2.932,0.226,2.943,0.156,1.47
2437,269907700,1,1257194346,3,22,3,234,0,1,1,30.5292877,114.3506935,30.957,0.812,1.047,-0.334,-4.141,0.314,4.155,0.151,1.47
2437,269908700,1,1258189444,3,26,3,234,0,1,1,30.5292797,114.3506504,29.825,0.816,1.062,-0.526,-4.62,0.736,4.65,0.157,1.47
2437,269909700,1,1259196353,3,25,3,234,0,1,1,30.5292746,114.3505958,29.652,0.822,1.074,-0.432,-5.103,0.593,5.122,0.135,1.45
2437,269910700,1,1260200453,3,24,3,234,0,1,1,30.5292709,114.3505369,29.719,0.828,1.088,-0.386,-5.619,0.454,5.632,0.145,1.74
2437,269911700,1,1261192706,3,22,3,234,0,1,1,30.5292672,114.3504756,29.614,0.843,1.117,-0.297,-5.703,0.35,5.711,0.16,1.63
2437,269912700,1,1262196517,3,23,3,234,0,1,1,30.5292652,114.3504122,29.734,0.857,1.151,-0.475,-5.924,0.239,5.943,0.165,1.54
2437,269913700,1,1263192467,3,22,3,234,0,1,1,30.5292606,114.3503446,29.888,0.868,1.187,-0.552,-6.181,0.177,6.205,0.163,1.53
2437,269914700,1,1264197740,3,22,3,234,0,1,1,30.529258,114.3502742,30.064,0.876,1.217,-0.301,-6.546,0.158,6.553,0.134,1.5
2437,269915700,1,1265197472,3,24,3,234,0,1,1,30.5292596,114.3502026,30.523,0.86,1.202,0.079,-6.623,0.084,6.623,0.17,1.31
2437,269916700,1,1266193787,3,23,3,234,0,1,1,30.529262,114.3501311,30.998,0.828,1.177,-0.198,-6.635,0.026,6.638,0.193,1.26
2437,269917700,1,1267193106,3,22,3,234,0,1,1,30.5292618,114.3500641,31.337,0.803,1.173,-0.276,-6.107,0.159,6.113,0.155,1.4
2437,269918700,1,1268189603,3,24,3,234,0,1,1,30.5292579,114.3500016,31.891,0.784,1.168,-0.72,-5.153,0.017,5.203,0.205,1.3
2437,269919700,1,1269198944,3,27,3,234,0,1,1,30.5292511,114.3499664,33.428,0.773,1.17,-0.377,-2.311,-0.457,2.341,0.18,1.22
2437,269920700,1,1270190393,3,21,3,234,0,1,1,30.5292672,114.3499446,34.167,0.726,1.139,1.831,-0.66,-0.311,1.946,0.169,1.51
2437,269921700,1,1271189328,3,21,3,234,0,1,1,30.5292944,114.3499444,34.626,0.677,1.081,3.177,0.759,-0.156,3.266,0.196,1.7
2437,269922700,1,1272198216,3,22,3,234,0,1,1,30.5293303,114.3499524,35.323,0.656,1.065,4.164,0.882,-0.224,4.256,0.133,1.57
2437,269923800,1,1273351235,3,18,3,234,0,1,1,30.5293812,114.3499611,35.753,0.65,1.094,5.251,0.864,-0.229,5.322,0.155,1.73
2437,269924800,1,1274346578,3,22,3,234,0,1,1,30.5294365,114.3499642,35.551,0.645,1.12,6.18,0.413,0.073,6.194,0.179,1.42
2437,269925800,1,1275358646,3,21,3,234,0,1,1,30.5294965,114.3499627,36.379,0.662,1.175,6.687,0.004,-0.183,6.687,0.163,1.5
2437,269926800,1,1276356959,3,20,3,234,0,1,1,30.5295563,114.3499602,36.789,0.656,1.224,6.409,-0.445,-0.21,6.425,0.157,2.15
2437,269927800,1,1277346044,3,24,3,234,0,1,1,30.5296128,114.3499562,37.349,0.663,1.275,6.102,-0.347,-0.248,6.112,0.168,2.17
2437,269928800,1,1278340527,3,23,3,234,0,1,1,30.5296669,114.3499537,37.913,0.674,1.312,5.82,-0.22,-0.27,5.824,0.165,2.11
2437,269929800,1,1279357171,3,25,3,234,0,1,1,30.5297192,114.3499534,38.153,0.673,1.309,5.598,0.179,-0.107,5.601,0.151,1.59
2437,269930800,1,1280369174,3,27,3,234,0,1,1,30.5297673,114.3499498,38.484,0.666,1.281,5.044,-0.312,-0.076,5.053,0.124,1.41
2437,269931800,1,1281372014,3,28,3,234,0,1,1,30.5298131,114.3499427,38.482,0.626,1.174,4.697,-0.514,-0.078,4.725,0.113,1.37
2437,269932800,1,1282374340,3,29,3,234,0,1,1,30.5298533,114.3499394,38.089,0.601,1.096,3.81,-0.152,0.001,3.813,0.123,1.34
2437,269933800,1,1283383253,3,28,3,234,0,1,1,30.5298836,114.3499357,37.981,0.577,1.017,2.791,-0.325,-0.009,2.81,0.116,1.22
2437,269934800,1,1284388788,3,28,3,234,0,1,1,30.5299042,114.3499353,37.968,0.55,0.951,1.749,0.63,-0.081,1.859,0.105,1.22
2437,269935800,1,1285380522,3,27,3,234,0,1,1,30.5299188,114.349948,37.541,0.518,0.865,0.97,1.614,-0.175,1.883,0.079,1.28
2437,269936800,1,1286380836,3,27,3,234,0,1,1,30.5299228,114.3499708,37.22,0.482,0.798,0.063,2.32,-0.017,2.321,0.054,1.28
2437,269937800,1,1287378087,3,27,3,234,0,1,1,30.5299233,114.35,36.926,0.458,0.757,-0.012,3.073,0.022,3.073,0.068,1.28
2437,269938800,1,1288372906,3,27,3,234,0,1,1,30.5299225,114.350035,36.782,0.434,0.716,-0.272,3.513,0.0,3.524,0.068,1.34
2437,269939800,1,1289375317,3,29,3,234,0,1,1,30.52992,114.3500714,36.559,0.415,0.686,-0.053,3.503,0.096,3.504,0.066,1.34
2437,269940800,1,1290363193,3,26,3,234,0,1,1,30.5299198,114.3501052,36.715,0.407,0.664,-0.204,2.952,-0.17,2.959,0.063,1.35
2437,269941800,1,1291366110,3,25,3,234,0,1,1,30.5299198,114.3501365,36.735,0.406,0.645,0.034,3.028,-0.048,3.028,0.079,1.37
2437,269942800,1,1292373075,3,26,3,234,0,1,1,30.5299213,114.3501698,36.549,0.406,0.623,0.288,3.255,0.111,3.268,0.075,1.31
2437,269943800,1,1293366482,3,25,3,234,0,1,1,30.5299229,114.3502038,36.61,0.406,0.603,0.01,3.006,-0.009,3.006,0.084,1.34
2437,269944800,1,1294365702,3,25,3,234,0,1,1,30.5299247,114.3502354,36.496,0.406,0.588,0.085,2.843,0.026,2.845,0.083,1.43
2437,269945800,1,1295357631,3,25,3,234,0,1,1,30.5299249,114.3502612,36.348,0.405,0.576,-0.02,1.999,0.061,1.999,0.065,1.43
2437,269946800,1,1296363721,3,25,3,234,0,1,1,30.5299271,114.3502751,36.294,0.404,0.565,0.536,0.889,0.097,1.038,0.096,1.43
2437,269947800,1,1297367088,3,24,3,234,0,1,1,30.5299356,114.3502809,36.324,0.399,0.553,0.723,0.117,-0.095,0.733,0.154,1.43
2437,269948800,1,1298366035,3,24,3,234,0,1,1,30.5299428,114.35028,36.195,0.395,0.544,0.639,-0.34,0.113,0.723,0.135,1.43
2437,269949800,1,1299360407,3,23,3,234,0,1,1,30.5299476,114.3502785,36.247,0.395,0.54,0.392,-0.144,-0.045,0.418,0.13,1.45
2437,269950800,1,1300369718,3,25,3,234,0,1,1,30.5299486,114.3502792,36.356,0.395,0.541,0.002,-0.002,-0.044,0.003,0.106,1.43
2437,269951800,1,1301369055,3,23,3,234,0,1,1,30.5299487,114.3502792,36.407,0.395,0.538,-0.004,-0.008,-0.018,0.009,0.093,1.45
2437,269952800,1,1302369769,3,23,3,234,0,1,1,30.5299489,114.3502787,36.387,0.395,0.537,0.011,-0.108,0.066,0.109,0.073,1.44
2437,269953800,1,1303358507,3,24,3,234,0,1,1,30.5299492,114.350278,36.464,0.396,0.537,-0.016,0.054,0.005,0.057,0.091,1.43
2437,269954800,1,1304366330,3,26,3,234,0,1,1,30.5299492,114.350278,36.54,0.396,0.538,-0.02,0.056,0.003,0.059,0.088,1.44
2437,269955800,1,1305372156,3,25,3,234,0,1,1,30.5299492,114.3502778,36.669,0.396,0.536,0.019,0.026,0.007,0.032,0.087,1.43
2437,269956800,1,1306370340,3,24,3,234,0,1,1,30.5299493,114.3502771,36.915,0.397,0.533,-0.016,0.026,-0.009,0.031,0.096,1.44
2437,269957800,1,1307375105,3,23,3,234,0,1,1,30.5299495,114.3502763,37.225,0.398,0.53,0.001,-0.001,-0.011,0.002,0.127,1.44
2437,269958800,1,1308375619,3,25,3,234,0,1,1,30.5299496,114.3502755,37.516,0.398,0.527,0.015,-0.036,-0.005,0.039,0.099,1.43
2437,269959800,1,1309378964,3,26,3,234,0,1,1,30.5299499,114.3502747,37.837,0.399,0.525,-0.019,-0.02,0.001,0.028,0.101,1.43
2437,269960800,1,1310372952,3,25,3,234,0,1,1,30.5299503,114.3502739,38.185,0.4,0.523,-0.02,-0.005,-0.01,0.02,0.113,1.44
2437,269961800,1,1311364629,3,25,3,234,0,1,1,30.5299506,114.3502732,38.497,0.399,0.521,0.014,-0.002,-0.01,0.014,0.122,1.28
2437,269962800,1,1312364104,3,25,3,234,0,1,1,30.5299509,114.3502726,38.791,0.4,0.519,-0.036,0.013,-0.01,0.038,0.115,1.28
2437,269963800,1,1313364319,3,24,3,234,0,1,1,30.5299513,114.3502719,39.089,0.401,0.519,0.023,0.008,-0.006,0.025,0.13,1.28
2437,269964800,1,1314359341,3,23,3,234,0,1,1,30.5299516,114.3502714,39.295,0.407,0.522,-0.017,0.009,-0.002,0.02,0.15,1.28
2437,269965800,1,1315359989,3,24,3,234,0,1,1,30.529952,114.3502707,39.497,0.413,0.526,-0.01,-0.005,-0.007,0.011,0.105,1.43
2437,269966800,1,1316364967,3,23,3,234,0,1,1,30.5299524,114.3502699,39.812,0.411,0.523,0.034,0.009,-0.015,0.035,0.119,1.43
2437,269967800,1,1317360615,3,25,3,234,0,1,1,30.5299525,114.3502694,40.06,0.409,0.52,0.019,-0.009,-0.016,0.02,0.109,1.43
2437,269968800,1,1318364748,3,25,3,234,0,1,1,30.5299527,114.3502688,40.289,0.408,0.518,-0.012,-0.003,-0.007,0.012,0.108,1.43
2437,269969800,1,1319362413,3,23,3,234,0,1,1,30.529953,114.3502682,40.527,0.41,0.518,0.003,-0.01,-0.006,0.011,0.089,1.43
2437,269970800,1,1320363593,3,25,3,234,0,1,1,30.5299533,114.3502675,40.774,0.411,0.518,0.013,-0.011,-0.01,0.017,0.113,1.43
2437,269971800,1,1321361908,3,25,3,234,0,1,1,30.5299537,114.3502669,41.023,0.412,0.517,-0.007,0.007,-0.007,0.011,0.092,1.43
2437,269972800,1,1322366962,3,25,3,234,0,1,1,30.5299538,114.3502663,41.259,0.413,0.517,-0.02,0.021,-0.001,0.029,0.102,1.43
2437,269973800,1,1323368457,3,24,3,234,0,1,1,30.5299541,114.3502657,41.493,0.413,0.516,-0.018,-0.011,-0.003,0.021,0.108,1.43
2437,269974800,1,1324365082,3,25,3,234,0,1,1,30.5299543,114.3502651,41.759,0.413,0.515,0.018,0.0,-0.014,0.018,0.123,1.43
2437,269975800,1,1325370550,3,25,3,234,0,1,1,30.5299545,114.3502644,42.02,0.414,0.515,0.017,-0.003,-0.013,0.018,0.125,1.43
2437,269976800,1,1326367912,3,25,3,234,0,1,1,30.5299547,114.3502637,42.276,0.415,0.514,-0.007,-0.002,-0.01,0.007,0.1,1.43
2437,269977800,1,1327374485,3,26,3,234,0,1,1,30.529955,114.350263,42.535,0.416,0.514,-0.007,0.001,-0.005,0.007,0.114,1.28
2437,269978800,1,1328368700,3,25,3,234,0,1,1,30.5299554,114.3502624,42.811,0.417,0.514,-0.003,-0.016,-0.015,0.017,0.08,1.28
2437,269979800,1,1329368825,3,24,3,234,0,1,1,30.5299559,114.3502618,43.085,0.418,0.514,0.005,0.002,-0.004,0.005,0.126,1.28
2437,269980800,1,1330373873,3,24,3,234,0,1,1,30.5299564,114.3502612,43.339,0.419,0.513,0.025,-0.004,-0.015,0.026,0.128,1.28
2437,269981800,1,1331374767,3,26,3,234,0,1,1,30.5299568,114.3502605,43.597,0.42,0.513,0.02,0.014,-0.01,0.024,0.114,1.28
2437,269982800,1,1332365729,3,25,3,234,0,1,1,30.5299571,114.3502599,43.845,0.42,0.513,-0.012,0.002,-0.008,0.012,0.106,1.28
2437,269983800,1,1333369594,3,25,3,234,0,1,1,30.5299575,114.3502595,44.068,0.421,0.513,-0.02,-0.006,-0.005,0.02,0.116,1.28
2437,269984800,1,1334368321,3,26,3,234,0,1,1,30.529958,114.3502592,44.26,0.422,0.513,0.019,0.019,-0.004,0.026,0.103,1.28
2437,269985800,1,1335366451,3,26,3,234,0,1,1,30.5299583,114.3502588,44.43,0.424,0.514,0.019,-0.001,-0.011,0.019,0.13,1.28
2437,269986800,1,1336362713,3,26,3,234,0,1,1,30.5299588,114.3502584,44.606,0.426,0.515,0.008,-0.002,-0.021,0.008,0.111,1.43
2437,269987800,1,1337366145,3,24,3,234,0,1,1,30.5299592,114.350258,44.792,0.427,0.516,-0.039,-0.003,0.001,0.039,0.128,1.43
2437,269988800,1,1338360508,3,25,3,234,0,1,1,30.5299598,114.3502578,45.006,0.428,0.517,0.012,0.018,-0.011,0.021,0.097,1.64
2437,269989800,1,1339360443,3,25,3,234,0,1,1,30.5299604,114.3502576,45.196,0.429,0.518,-0.009,0.036,-0.011,0.037,0.071,1.64
2437,269990800,1,1340364264,3,24,3,234,0,1,1,30.529961,114.3502573,45.374,0.429,0.519,-0.019,0.015,-0.015,0.024,0.094,1.64
2437,269991800,1,1341364416,3,23,3,234,0,1,1,30.5299615,114.3502572,45.538,0.43,0.52,-0.052,0.004,-0.025,0.053,0.117,1.64
2437,269992800,1,1342361923,3,23,3,234,0,1,1,30.5299619,114.3502571,45.687,0.431,0.52,-0.011,-0.006,-0.007,0.012,0.099,1.64
2437,269993800,1,1343364112,3,23,3,234,0,1,1,30.5299621,114.3502572,45.743,0.436,0.525,0.031,-0.02,-0.006,0.037,0.149,1.37
2437,269994800,1,1344364622,3,23,3,234,0,1,1,30.5299629,114.3502569,45.873,0.439,0.528,-0.058,0.029,0.002,0.065,0.134,1.37
2437,269995800,1,1345371247,3,23,3,234,0,1,1,30.529964,114.3502563,46.087,0.439,0.526,-0.003,0.023,0.0,0.024,0.066,1.37
2437,269996800,1,1346369409,3,23,3,234,0,1,1,30.5299651,114.3502557,46.26,0.437,0.524,0.021,-0.001,-0.007,0.022,0.13,1.37
2437,269997800,1,1347367181,3,23,3,234,0,1,1,30.5299666,114.350255,46.466,0.436,0.523,0.025,-0.008,-0.021,0.026,0.119,1.37
2437,269998800,1,1348366506,3,24,3,234,0,1,1,30.5299678,114.3502544,46.632,0.435,0.523,-0.016,0.022,-0.006,0.027,0.087,1.37
2437,269999800,1,1349367478,3,23,3,234,0,1,1,30.5299686,114.3502542,46.749,0.435,0.523,0.016,0.006,-0.005,0.017,0.123,1.37
2437,270000800,1,1350364807,3,23,3,234,0,1,1,30.5299688,114.3502544,46.866,0.436,0.524,0.051,0.0,-0.008,0.051,0.141,1.37
2437,270001800,1,1351364960,3,23,3,234,0,1,1,30.5299699,114.3502543,47.073,0.434,0.523,0.026,0.009,-0.011,0.028,0.125,1.37
2437,270002800,1,1352364389,3,24,3,234,0,1,1,30.5299715,114.3502538,47.294,0.432,0.522,-0.018,-0.001,-0.013,0.018,0.107,1.37
2437,270003800,1,1353364103,3,24,3,234,0,1,1,30.5299726,114.3502537,47.472,0.431,0.521,0.005,-0.011,-0.005,0.012,0.085,1.37
2437,270004800,1,1354370015,3,24,3,234,0,1,1,30.5299737,114.3502534,47.598,0.43,0.521,0.001,-0.009,-0.007,0.009,0.109,1.37
2437,270005800,1,1355362227,3,24,3,234,0,1,1,30.5299743,114.3502535,47.673,0.431,0.522,-0.023,-0.009,-0.007,0.025,0.118,1.37
2437,270006800,1,1356367961,3,24,3,234,0,1,1,30.5299745,114.3502538,47.717,0.433,0.524,-0.017,-0.009,-0.016,0.019,0.099,1.37
2437,270007800,1,1357373649,3,24,3,234,0,1,1,30.5299746,114.350254,47.743,0.434,0.527,-0.039,0.003,-0.007,0.039,0.126,1.37
2437,270008800,1,1358368282,3,25,3,234,0,1,1,30.5299749,114.3502542,47.781,0.433,0.529,-0.003,0.01,-0.006,0.011,0.073,1.28
2437,270009800,1,1359375865,3,25,3,234,0,1,1,30.5299752,114.3502545,47.839,0.432,0.53,-0.031,0.003,0.003,0.032,0.128,1.28
2437,270010800,1,1360373241,3,25,3,234,0,1,1,30.5299754,114.3502549,47.899,0.43,0.531,-0.014,-0.003,0.003,0.014,0.127,1.28
2437,270011800,1,1361371001,3,25,3,234,0,1,1,30.5299756,114.3502552,47.947,0.429,0.532,-0.015,0.018,-0.002,0.023,0.093,1.28
2437,270012800,1,1362376120,3,26,3,234,0,1,1,30.5299757,114.3502554,47.949,0.429,0.533,-0.03,0.018,-0.004,0.035,0.113,1.28
2437,270013800,1,1363371379,3,25,3,234,0,1,1,30.529976,114.3502557,47.989,0.427,0.533,-0.001,0.008,0.005,0.008,0.112,1.28
2437,270014800,1,1364371119,3,24,3,234,0,1,1,30.5299761,114.350256,48.022,0.424,0.532,0.024,0.029,-0.008,0.038,0.101,1.28
2437,270015800,1,1365371535,3,25,3,234,0,1,1,30.5299761,114.3502563,48.025,0.422,0.532,0.014,0.011,-0.006,0.018,0.112,1.28
2437,270016800,1,1366370716,3,25,3,234,0,1,1,30.529976,114.3502565,48.01,0.419,0.531,0.017,-0.011,-0.002,0.021,0.11,1.28
2437,270017800,1,1367377069,3,25,3,234,0,1,1,30.5299758,114.3502567,47.986,0.418,0.53,0.0,-0.017,-0.002,0.017,0.071,1.28
2437,270018800,1,1368382653,3,25,3,234,0,1,1,30.5299757,114.350257,47.948,0.416,0.53,-0.002,-0.003,0.006,0.004,0.122,1.28
2437,270019800,1,1369380247,3,25,3,234,0,1,1,30.5299754,114.3502572,47.859,0.415,0.53,-0.018,-0.006,0.013,0.019,0.119,1.28
2437,270020800,1,1370377377,3,24,3,234,0,1,1,30.5299753,114.3502574,47.798,0.414,0.529,0.005,-0.007,0.001,0.009,0.106,1.28
2437,270021800,1,1371374589,3,24,3,234,0,1,1,30.529975,114.3502577,47.743,0.413,0.529,0.036,0.004,-0.007,0.036,0.128,1.28
2437,270022800,1,1372368566,3,24,3,234,0,1,1,30.5299749,114.350258,47.699,0.414,0.529,0.013,-0.001,-0.007,0.013,0.129,1.43
2437,270023800,1,1373366198,3,24,3,234,0,1,1,30.5299746,114.3502583,47.604,0.415,0.53,-0.017,-0.021,0.002,0.027,0.099,1.43
2437,270024800,1,1374366505,3,25,3,234,0,1,1,30.5299743,114.3502587,47.509,0.414,0.53,0.0,-0.007,0.004,0.007,0.1,1.43
2437,270025800,1,1375362798,3,25,3,234,0,1,1,30.529974,114.3502591,47.376,0.413,0.529,-0.033,-0.002,0.003,0.033,0.124,1.43
2437,270026800,1,1376374264,3,27,3,234,0,1,1,30.529974,114.3502595,47.232,0.411,0.528,-0.005,0.001,-0.001,0.005,0.119,1.43
2437,270027800,1,1377380624,3,25,3,234,0,1,1,30.5299738,114.3502599,47.087,0.411,0.528,0.009,-0.014,0.002,0.016,0.095,1.43
2437,270028800,1,1378374242,3,28,3,234,0,1,1,30.5299736,114.3502604,46.934,0.41,0.527,0.009,-0.017,-0.007,0.019,0.087,1.43
2437,270029800,1,1379371368,3,24,3,234,0,1,1,30.5299733,114.3502608,46.81,0.408,0.524,-0.012,-0.016,-0.002,0.02,0.094,1.43
2437,270030800,1,1380374608,3,25,3,234,0,1,1,30.5299728,114.3502613,46.65,0.406,0.52,0.002,0.001,0.006,0.003,0.107,1.43
2437,270031800,1,1381377396,3,24,3,234,0,1,1,30.5299724,114.3502617,46.472,0.404,0.517,-0.008,-0.012,0.003,0.014,0.089,1.43
2437,270032800,1,1382380793,3,25,3,234,0,1,1,30.5299718,114.3502622,46.256,0.402,0.514,-0.007,-0.002,-0.006,0.008,0.107,1.43
2437,270033800,1,1383377993,3,24,3,234,0,1,1,30.5299711,114.3502627,46.02,0.4,0.511,-0.009,0.006,-0.007,0.01,0.094,1.43
2437,270034800,1,1384377346,3,25,3,234,0,1,1,30.5299704,114.3502633,45.797,0.399,0.508,-0.012,0.012,0.004,0.017,0.1,1.43
2437,270035800,1,1385375499,3,24,3,234,0,1,1,30.5299697,114.3502637,45.594,0.397,0.505,-0.009,-0.008,0.005,0.012,0.103,1.43
2437,270036800,1,1386375443,3,25,3,234,0,1,1,30.5299691,114.3502642,45.378,0.395,0.503,-0.008,0.001,0.003,0.008,0.121,1.43
2437,270037800,1,1387375118,3,24,3,234,0,1,1,30.5299684,114.3502646,45.175,0.394,0.5,-0.022,0.003,0.008,0.022,0.122,1.43
2437,270038800,1,1388370044,3,24,3,234,0,1,1,30.5299678,114.3502651,44.957,0.393,0.499,-0.007,0.013,0.007,0.014,0.09,1.43
2437,270039800,1,1389367517,3,25,3,234,0,1,1,30.5299672,114.3502655,44.723,0.391,0.498,-0.007,0.016,0.008,0.017,0.087,1.43
2437,270040800,1,1390366855,3,25,3,234,0,1,1,30.5299666,114.3502659,44.483,0.39,0.497,0.007,-0.004,0.003,0.008,0.108,1.43
2437,270041800,1,1391369491,3,26,3,234,0,1,1,30.5299661,114.3502663,44.243,0.389,0.497,0.004,-0.001,0.004,0.004,0.112,1.43
2437,270042800,1,1392364338,3,25,3,234,0,1,1,30.5299656,114.3502668,43.998,0.388,0.498,0.014,-0.006,-0.004,0.015,0.114,1.55
2437,270043800,1,1393363872,3,26,3,234,0,1,1,30.5299651,114.3502672,43.73,0.387,0.497,0.011,-0.002,0.002,0.011,0.113,1.43
2437,270044800,1,1394361536,3,25,3,234,0,1,1,30.5299645,114.3502677,43.438,0.385,0.496,0.001,-0.008,0.007,0.008,0.091,1.55
2437,270045800,1,1395373390,3,25,3,234,0,1,1,30.5299641,114.3502682,43.185,0.384,0.496,0.029,0.012,0.004,0.031,0.114,1.43
2437,270046800,1,1396367070,3,25,3,234,0,1,1,30.5299637,114.3502685,42.996,0.383,0.495,0.031,-0.001,0.005,0.031,0.115,1.43
2437,270047800,1,1397364283,3,25,3,234,0,1,1,30.5299632,114.3502689,42.811,0.383,0.494,-0.01,0.01,0.006,0.014,0.101,1.43
2437,270048800,1,1398367612,3,24,3,234,0,1,1,30.5299628,114.3502691,42.679,0.383,0.494,0.007,-0.008,0.007,0.01,0.087,1.43
2437,270049800,1,1399370149,3,24,3,234,0,1,1,30.5299624,114.3502693,42.528,0.383,0.496,-0.013,-0.007,0.006,0.015,0.115,1.42
2437,270050800,1,1400370240,3,25,3,234,0,1,1,30.529962,114.3502695,42.328,0.384,0.498,-0.004,-0.018,0.007,0.018,0.075,1.42
2437,270051800,1,1401371213,3,24,3,234,0,1,1,30.5299617,114.3502697,42.165,0.384,0.501,-0.008,0.021,0.007,0.022,0.088,1.42
2437,270052800,1,1402373059,3,25,3,234,0,1,1,30.5299612,114.3502699,42.021,0.384,0.502,-0.004,0.01,-0.005,0.011,0.079,1.42
2437,270053800,1,1403370735,3,24,3,234,0,1,1,30.529961,114.3502699,41.911,0.384,0.502,0.004,-0.009,0.005,0.01,0.079,1.42
2437,270054800,1,1404367929,3,24,3,234,0,1,1,30.5299608,114.3502699,41.797,0.385,0.503,-0.017,0.009,0.01,0.019,0.118,1.42
2437,270055800,1,1405373591,3,24,3,234,0,1,1,30.5299607,114.3502698,41.716,0.386,0.504,-0.01,0.016,0.007,0.019,0.1,1.42
2437,270056800,1,1406367781,3,24,3,234,0,1,1,30.5299607,114.3502696,41.688,0.387,0.508,0.018,-0.004,-0.002,0.018,0.125,1.42
2437,270057800,1,1407370615,3,25,3,234,0,1,1,30.5299606,114.3502695,41.639,0.388,0.511,0.015,-0.043,-0.011,0.046,0.085,1.42
2437,270058800,1,1408368050,3,23,3,234,0,1,1,30.5299602,114.3502696,41.483,0.393,0.512,-0.01,0.007,0.038,0.012,0.107,1.45
2437,270059800,1,1409357007,3,24,3,234,0,1,1,30.5299596,114.3502697,41.512,0.405,0.52,-0.044,0.14,-0.083,0.147,0.12,1.42
2437,270060800,1,1410353494,3,25,3,234,0,1,1,30.52996,114.3502676,41.646,0.435,0.542,0.328,-0.82,-0.122,0.883,0.19,1.42
2437,270061800,1,1411359731,3,23,3,234,0,1,1,30.5299599,114.350272,41.755,0.479,0.58,-0.098,0.589,-0.158,0.597,0.169,1.42
2437,270062800,1,1412358099,3,23,3,234,0,1,1,30.5299574,114.3502714,41.864,0.507,0.61,-0.533,-0.593,-0.165,0.798,0.199,1.42
2437,270063800,1,1413356916,3,24,3,234,0,1,1,30.5299562,114.3502709,41.344,0.537,0.651,0.096,-0.623,0.21,0.631,0.185,1.42
2437,270064800,1,1414354358,3,23,3,234,0,1,1,30.5299559,114.3502714,40.909,0.571,0.692,0.34,-0.103,0.235,0.356,0.238,1.42
2437,270065800,1,1415355430,3,23,3,234,0,1,1,30.5299559,114.3502724,40.709,0.636,0.767,-0.013,0.108,0.196,0.108,0.194,1.42
2437,270066800,1,1416363263,3,25,3,234,0,1,1,30.5299553,114.3502724,40.654,0.676,0.823,-0.091,0.015,0.111,0.092,0.244,1.42
2437,270067800,1,1417360521,3,23,3,234,0,1,1,30.5299551,114.3502722,40.561,0.704,0.857,0.038,-0.008,0.071,0.039,0.171,1.42
2437,270068800,1,1418358895,3,24,3,234,0,1,1,30.5299545,114.3502718,40.443,0.732,0.892,-0.101,0.057,0.048,0.116,0.259,1.42
2437,270069800,1,1419370501,3,23,3,234,0,1,1,30.5299542,114.3502715,40.286,0.758,0.936,-0.012,0.004,0.05,0.013,0.183,1.42
2437,270070800,1,1420369961,3,23,3,234,0,1,1,30.5299533,114.350271,40.224,0.784,0.985,-0.058,0.033,0.0,0.066,0.283,1.49
2437,270071800,1,1421361841,3,23,3,234,0,1,1,30.5299529,114.3502704,40.117,0.813,1.033,-0.047,0.09,-0.003,0.102,0.221,1.49
2437,270072800,1,1422361946,3,24,3,234,0,1,1,30.5299531,114.3502698,40.106,0.833,1.065,-0.002,0.006,-0.024,0.007,0.179,1.43
2437,270073800,1,1423356200,3,24,3,234,0,1,1,30.5299528,114.3502694,40.097,0.851,1.093,-0.046,0.014,-0.044,0.048,0.223,1.35
2437,270074800,1,1424341720,3,23,3,234,0,1,1,30.5299516,114.3502719,40.034,0.893,1.136,-0.057,0.217,-0.059,0.224,0.247,1.5
2437,270075800,1,1425347112,3,22,3,234,0,1,1,30.529953,114.3502695,40.137,1.049,1.217,0.343,-0.266,-0.088,0.434,0.433,1.65
2437,270076800,1,1426349976,3,22,3,234,0,1,1,30.529956,114.3502623,39.984,1.137,1.303,0.586,-0.649,-0.017,0.874,0.38,1.65
2437,270077800,1,1427341383,3,22,3,234,0,1,1,30.5299547,114.3502611,39.869,1.17,1.371,0.024,-0.056,0.014,0.061,0.234,1.65
2437,270078800,1,1428350124,3,22,3,234,0,1,1,30.5299508,114.3502615,39.799,1.187,1.405,-0.53,0.247,0.004,0.584,0.293,1.65
2437,270079800,1,1429349905,3,22,3,234,0,1,1,30.5299475,114.3502617,39.498,1.201,1.438,-0.042,-0.025,0.07,0.049,0.223,1.65
2437,270080800,1,1430347409,3,22,3,234,0,1,1,30.5299462,114.350261,39.361,1.227,1.48,-0.134,0.093,0.061,0.163,0.357,1.65
2437,270081800,1,1431344750,3,22,3,234,0,1,1,30.5299453,114.3502614,39.377,1.257,1.523,-0.188,0.346,0.007,0.394,0.263,1.65
2437,270082800,1,1432347462,3,22,3,234,0,1,1,30.5299452,114.3502685,39.332,1.291,1.581,-0.241,0.414,0.014,0.479,0.303,1.66
2437,270083800,1,1433353220,3,23,3,234,0,1,1,30.529941,114.3502761,39.393,1.339,1.643,-0.213,0.869,-0.037,0.895,0.331,1.65
2437,270084800,1,1434358060,3,23,3,234,0,1,1,30.529939,114.3502839,39.252,1.345,1.673,0.093,0.819,-0.068,0.824,0.269,1.65
2437,270085800,1,1435353447,3,22,3,234,0,1,1,30.5299389,114.3502921,38.48,1.382,1.736,0.257,0.404,0.137,0.479,0.279,1.65
2437,270086800,1,1436345179,3,22,3,234,0,1,1,30.5299377,114.350296,38.252,1.413,1.794,-0.019,0.705,0.119,0.705,0.264,1.65
2437,270087800,1,1437341347,3,22,3,234,0,1,1,30.5299383,114.350301,38.68,1.434,1.834,0.657,0.714,-0.054,0.97,0.278,1.65
2437,270088800,1,1438347820,3,21,3,234,0,1,1,30.5299356,114.3503091,38.105,1.487,1.895,0.239,0.624,0.136,0.668,0.235,1.76
2437,270089800,1,1439350552,3,19,3,234,0,1,1,30.5299417,114.3503197,37.507,1.552,1.977,0.982,0.344,0.279,1.04,0.542,1.9
2437,270090800,1,1440341701,3,20,3,234,0,1,1,30.5299508,114.3503227,37.242,1.656,2.061,1.014,0.481,0.246,1.122,0.567,1.77
2437,270091800,1,1441348153,3,21,3,234,0,1,1,30.5299523,114.3503355,36.924,1.736,2.137,0.358,1.189,0.257,1.242,0.282,1.9
2437,270092800,1,1442345286,3,22,3,234,0,1,1,30.5299534,114.3503495,36.272,1.766,2.188,0.146,1.007,0.336,1.017,0.208,1.55
2437,270093800,1,1443345510,3,22,3,234,0,1,1,30.5299471,114.3503608,36.544,1.774,2.21,-0.423,1.504,0.14,1.562,0.27,1.55
2437,270094800,1,1444343876,3,22,3,234,0,1,1,30.5299328,114.3503746,35.075,1.68,2.169,-0.985,0.788,0.258,1.261,0.304,1.55
2437,270095900,1,1445394480,3,22,3,234,0,1,1,30.5299169,114.3503882,33.784,1.662,2.181,-0.97,0.685,0.381,1.187,0.351,1.55
2437,270096900,1,1446392313,3,22,3,234,0,1,1,30.5299067,114.3503903,32.91,1.646,2.186,-0.469,-0.357,0.43,0.589,0.345,1.55
2437,270097900,1,1447394571,3,21,3,234,0,1,1,30.5298956,114.3503932,32.8,1.638,2.212,-0.92,-0.089,0.322,0.925,0.376,1.76
2437,270098900,1,1448392859,3,22,3,234,0,1,1,30.5298814,114.3503958,32.038,1.652,2.243,-1.166,-0.247,0.388,1.192,0.433,1.76
2437,270099900,1,1449392803,3,20,3,234,0,1,1,30.5298801,114.3504014,32.135,1.755,2.305,-0.134,0.343,0.26,0.368,0.307,1.95
2437,270100900,1,1450391948,3,22,3,234,0,1,1,30.5298796,114.3504013,31.888,1.948,2.385,-0.053,-0.128,0.27,0.138,0.32,1.71
2437,270101900,1,1451386034,3,22,3,234,0,1,1,30.5298747,114.3504014,31.51,2.2,2.5,-0.411,0.026,0.391,0.412,0.584,1.57
2437,270102900,1,1452387707,3,19,3,234,0,1,1,30.5298619,114.3504019,31.649,2.577,2.648,-1.146,0.029,0.369,1.146,0.836,1.84
2437,270103900,1,1453383154,3,16,3,234,0,1,1,30.5298517,114.3503991,31.497,3.168,2.83,-1.281,-0.126,0.375,1.287,0.979,2.63
2437,270104900,1,1454382936,3,16,3,234,0,1,1,30.5298276,114.3503975,31.98,4.068,3.056,-1.788,-0.107,0.279,1.791,1.15,2.12
2437,270105900,1,1455380058,3,17,3,234,0,1,1,30.5298191,114.3504145,32.584,5.188,3.311,-1.216,0.921,0.162,1.525,1.077,1.87
2437,270106900,1,1456379204,3,5,3,234,0,1,1,30.5298217,114.3504166,33.353,6.556,3.628,-0.817,0.348,0.049,0.888,1.275,9.91
2437,270107900,1,1457378477,3,8,3,234,0,1,1,30.5298056,114.3504258,33.54,8.304,3.991,-1.016,0.593,0.017,1.176,1.36,2.59
2437,270108900,1,1458380463,3,10,3,234,0,1,1,30.5297766,114.3504335,34.405,9.875,4.348,-1.614,0.558,-0.066,1.708,1.529,2.3
2437,270109900,1,1459375619,3,8,3,234,0,1,1,30.5294447,114.3503198,38.855,11.798,5.287,-9.057,-3.533,-0.632,9.722,2.471,3.4
2437,270110900,1,1460377221,3,8,3,234,0,1,1,30.5294079,114.3502316,44.769,14.652,7.163,-7.276,-4.888,-1.148,8.765,2.342,3.17
2437,270111900,1,1461377451,3,4,3,234,0,1,1,30.5293852,114.3501502,51.888,18.445,8.939,-5.951,-5.735,-1.73,8.265,2.412,16.88
2437,270112900,1,1462370778,2,3,1,234,0,1,0,30.5293205,114.3501226,46.517,23.554,8.395,-5.616,-5.092,-0.733,7.581,2.946,8.57
2437,270113900,1,1463371947,0,0,0,234,0,0,0,30.5292642,114.3500627,46.682,26.793,8.613,-5.711,-5.264,-0.654,7.767,3.227,99.99
2437,270114900,0,1464370742,0,0,0,234,0,0,0,30.5292127,114.3500079,47.336,30.46,9.003,-5.711,-5.264,-0.654,7.767,3.506,99.99
2437,270115900,0,1465368087,0,0,0,234,0,0,0,30.5291612,114.349953,47.991,34.623,9.431,-5.711,-5.264,-0.654,7.767,3.766,99.99
2437,270116900,0,1466372698,3,5,1,234,0,1,0,30.5286385,114.3497502,47.975,33.678,9.414,-13.794,-8.009,-0.54,15.951,3.091,5.91
2437,270117900,0,1467372724,3,7,1,234,0,1,0,30.5286358,114.3492093,52.87,37.476,12.22,-11.683,-16.651,-0.811,20.341,2.663,4.58
2437,270118900,0,1468371864,3,7,1,234,0,1,0,30.5291022,114.3484607,58.344,39.302,14.761,-3.92,-27.465,-1.025,27.744,2.634,4.58
2437,270119900,0,1469372131,3,6,1,234,0,1,0,30.5293232,114.3481393,65.187,39.893,16.759,-1.893,-26.103,-1.305,26.172,2.525,4.65
2437,270120900,1,1470370366,2,3,1,234,0,1,0,30.5296767,114.3475093,70.122,41.923,18.088,4.363,-30.649,-1.427,30.958,2.635,7.22
2437,270121900,1,1471371509,2,3,1,234,0,1,0,30.5297452,114.3469119,73.022,39.541,17.293,4.831,-33.904,-1.416,34.246,2.668,12.68
2437,270122900,0,1472370340,0,0,0,234,0,0,0,30.5297888,114.3465586,74.439,42.981,18.129,4.831,-33.904,-1.416,34.246,2.993,99.99
2437,270123900,0,1473370404,0,0,0,234,0,0,0,30.5298324,114.3462053,75.856,47.324,19.034,4.831,-33.904,-1.416,34.246,3.286,99.99
2437,270124900,0,1474371496,3,7,1,234,0,1,0,30.5297965,114.3461299,79.057,53.221,21.625,1.837,-29.003,-1.495,29.061,3.261,3.95
2437,270125900,0,1475374488,3,5,1,234,0,1,0,30.5293236,114.3470903,94.117,59.801,28.654,-9.263,-9.722,-2.275,13.428,2.932,4.93
2437,270126900,0,1476374745,3,6,1,234,0,1,0,30.5289874,114.3477068,106.288,54.619,29.907,-12.53,-1.603,-2.666,12.632,2.133,3.82
2437,270127900,0,1477371677,3,5,1,234,0,1,0,30.5288073,114.3479891,115.889,47.719,29.012,-8.023,-2.478,-2.835,8.397,1.972,8.51
2437,270128900,1,1478368885,0,0,0,234,0,0,0,30.5287312,114.3480461,112.785,46.007,26.879,-6.034,-3.769,-2.067,7.114,2.273,99.99
2437,270129900,1,1479371770,0,0,0,234,0,0,0,30.5286768,114.3480068,114.853,49.419,28.073,-6.034,-3.769,-2.067,7.114,2.623,99.99
2437,270130900,0,1480370958,0,0,0,234,0,0,0,30.5286224,114.3479676,116.92,53.986,29.336,-6.034,-3.769,-2.067,7.114,2.933,99.99
2437,270131900,0,1481372632,3,5,1,234,0,1,0,30.5286795,114.3480255,110.148,50.47,25.121,-2.247,-5.187,-1.071,5.652,2.758,3.9
2437,270132900,0,1482372065,3,4,1,234,0,1,0,30.5288678,114.3482195,109.324,41.628,21.554,3.235,-4.184,-0.707,5.289,2.328,11.49
2437,270133900,0,1483373135,3,4,1,234,0,1,0,30.5290341,114.3483869,110.622,32.851,18.443,6.049,-3.443,-0.718,6.96,1.82,8.25
2437,270134900,0,1484375585,3,4,1,234,0,1,0,30.529135,114.3483727,107.377,30.231,15.721,8.333,-7.034,-0.257,10.905,2.082,8.06
2437,270135900,1,1485373996,0,0,0,234,0,0,0,30.5293401,114.3482823,106.715,29.075,14.574,12.534,-10.507,-0.107,16.355,2.701,99.99
2437,270136900,0,1486368101,0,0,0,234,0,0,0,30.5294531,114.3481728,106.822,31.691,14.809,12.534,-10.507,-0.107,16.355,3.024,99.99
2437,270137900,0,1487371564,0,0,0,234,0,0,0,30.5295662,114.3480634,106.929,34.939,15.074,12.534,-10.507,-0.107,16.355,3.315,99.99
2437,270138900,0,1488372215,0,0,0,234,0,0,0,30.5296793,114.3479539,107.036,38.812,15.374,12.534,-10.507,-0.107,16.355,3.582,99.99
2437,270139900,0,1489372195,0,0,0,234,0,0,0,30.5297923,114.3478444,107.143,43.275,15.712,12.534,-10.507,-0.107,16.355,3.831,99.99
2437,270140900,0,1490373560,0,0,0,234,0,0,0,30.5299054,114.3477349,107.251,48.286,16.091,12.534,-10.507,-0.107,16.355,4.065,99.99
2437,270141900,0,1491374364,0,0,0,234,0,0,0,30.5300184,114.3476255,107.358,53.801,16.513,12.534,-10.507,-0.107,16.355,4.286,99.99
2437,270142900,0,1492373829,0,0,0,234,0,0,0,30.5295607,114.3477001,103.597,55.195,16.898,3.358,-8.114,0.074,8.782,4.595,99.99
2437,270143900,0,1493373890,2,3,1,234,0,1,0,30.5291057,114.3472214,101.301,65.892,19.998,-1.712,-13.085,0.111,13.197,4.373,3.38
2437,270144900,0,1494371457,0,0,0,234,0,0,0,30.5288864,114.3463368,99.276,68.897,21.827,-2.918,-22.823,0.167,23.009,4.315,99.99
2437,270145900,0,1495372879,0,0,0,234,0,0,0,30.52886,114.346099,99.109,74.746,22.184,-2.918,-22.823,0.167,23.009,4.599,99.99
2437,270146900,0,1496372215,0,0,0,234,0,0,0,30.5288337,114.3458612,98.943,81.197,22.586,-2.918,-22.823,0.167,23.009,4.867,99.99
2437,270147900,0,1497374274,0,0,0,234,0,0,0,30.5288074,114.3456234,98.777,88.238,23.039,-2.918,-22.823,0.167,23.009,5.121,99.99
2437,270148900,0,1498374216,2,3,1,234,0,1,0,30.5287585,114.3460707,98.272,85.046,22.848,-3.894,-15.186,0.178,15.677,4.406,12.52
2437,270149900,0,1499371468,0,0,0,234,0,0,0,30.5287233,114.3459125,98.094,91.825,23.347,-3.894,-15.186,0.178,15.677,4.674,99.99
2437,270150900,0,1500371540,0,0,0,234,0,0,0,30.5286882,114.3457543,97.917,99.145,23.9,-3.894,-15.186,0.178,15.677,4.928,99.99
2437,270151900,0,1501369436,0,0,0,234,0,0,0,30.5286531,114.345596,97.739,106.99,24.511,-3.894,-15.186,0.178,15.677,5.17,99.99
2437,270152900,0,1502369236,0,0,0,234,0,0,0,30.5286179,114.3454378,97.562,115.342,25.181,-3.894,-15.186,0.178,15.677,5.4,99.99
2437,270153900,0,1503372394,0,0,0,234,0,0,0,30.5285828,114.3452796,97.385,124.182,25.911,-3.894,-15.186,0.178,15.677,5.621,99.99
2437,270154900,0,1504371725,0,0,0,234,0,0,0,30.5285477,114.3451213,97.207,133.488,26.703,-3.894,-15.186,0.178,15.677,5.834,99.99
2437,270155900,0,1505370762,0,0,0,234,0,0,0,30.5285126,114.3449631,97.03,143.242,27.556,-3.894,-15.186,0.178,15.677,6.04,99.99
2437,270156900,0,1506371708,0,0,0,234,0,0,0,30.5284774,114.3448049,96.853,153.426,28.471,-3.894,-15.186,0.178,15.677,6.238,99.99
2437,270157900,0,1507371730,0,0,0,234,0,0,0,30.5284423,114.3446467,96.676,164.021,29.447,-3.894,-15.186,0.178,15.677,6.431,99.99
2437,270158900,0,1508370963,0,0,0,234,0,0,0,30.5284072,114.3444884,96.498,175.011,30.483,0.0,0.0,0.0,0.0,6.618,99.99
2437,270159900,0,1509369066,0,0,0,234,0,0,0,30.5284072,114.3444884,96.498,186.382,31.578,0.0,0.0,0.0,0.0,7.127,99.99
2437,270160900,0,1510369667,0,0,0,234,0,0,0,30.5284072,114.3444884,96.498,198.12,32.731,0.0,0.0,0.0,0.0,7.296,99.99
2437,270161900,0,1511370054,0,0,0,234,0,0,0,30.5284072,114.3444884,96.498,210.212,33.941,0.0,0.0,0.0,0.0,7.462,99.99
2437,270162900,0,1512370324,0,0,0,234,0,0,0,30.5284072,114.3444884,96.498,222.647,35.205,0.0,0.0,0.0,0.0,7.623,99.99
2437,270163900,0,1513369799,0,0,0,234,0,0,0,30.5284072,114.3444884,96.498,235.413,36.523,0.0,0.0,0.0,0.0,7.781,99.99
2437,270164900,0,1514369420,0,0,0,234,0,0,0,30.5284072,114.3444884,96.498,248.501,37.894,0.0,0.0,0.0,0.0,7.937,99.99
2437,270165900,0,1515372541,0,0,0,234,0,0,0,30.5284072,114.3444884,96.498,261.902,39.314,0.0,0.0,0.0,0.0,8.089,99.99
2437,270166900,0,1516373075,0,0,0,234,0,0,0,30.5284072,114.3444884,96.498,275.607,40.784,0.0,0.0,0.0,0.0,8.238,99.99
2437,270167900,0,1517370333,0,0,0,234,0,0,0,30.5284072,114.3444884,96.498,289.608,42.301,0.0,0.0,0.0,0.0,8.385,99.99
2437,270168900,0,1518371167,0,0,0,234,0,0,0,30.5284072,114.3444884,96.498,303.899,43.864,0.0,0.0,0.0,0.0,8.529,99.99
2437,270169900,0,1519372706,0,0,0,234,0,0,0,30.5284072,114.3444884,96.498,318.473,45.472,0.0,0.0,0.0,0.0,8.671,99.99
2437,270170900,0,1520371915,0,0,0,234,0,0,0,30.5284072,114.3444884,96.498,333.322,47.123,0.0,0.0,0.0,0.0,8.81,99.99
2437,270171900,0,1521386150,0,0,0,234,0,0,0,30.5284072,114.3444884,96.498,346.918,48.645,0.0,0.0,0.0,0.0,8.934,99.99
2437,270172900,0,1522392150,0,0,0,236,0,0,0,36.9712263,91.2212133,7749.359,354.191,97.336,0.0,0.0,0.0,0.0,9.078,99.99
2437,270173900,0,1523397032,0,0,0,236,0,0,0,36.9712263,91.2212133,7749.359,369.394,101.413,0.0,0.0,0.0,0.0,9.211,99.99
2437,270174900,0,1524396336,0,0,0,236,0,0,0,36.9712263,91.2212133,7749.359,384.846,105.554,0.0,0.0,0.0,0.0,9.342,99.99
2437,270175900,0,1525398525,0,0,0,236,0,0,0,36.9712263,91.2212133,7749.359,400.546,109.755,0.0,0.0,0.0,0.0,9.472,99.99
2437,270176900,0,1526399051,0,0,0,236,0,0,0,36.9712263,91.2212133,7749.359,416.488,114.009,0.0,0.0,0.0,0.0,9.6,99.99
2437,270177900,0,1527398103,0,0,0,236,0,0,0,36.9712263,91.2212133,7749.359,432.67,118.313,0.0,0.0,0.0,0.0,9.726,99.99
2437,270178900,0,1528374212,0,0,0,236,0,0,0,36.9712263,91.2212133,7749.359,449.089,122.662,0.0,0.0,0.0,0.0,9.851,99.99
2437,270179900,0,1529374501,0,0,0,236,0,0,0,36.9712263,91.2212133,7749.359,465.742,127.053,0.0,0.0,0.0,0.0,9.974,99.99
2437,270180900,0,1530375411,0,0,0,236,0,0,0,36.9712263,91.2212133,7749.359,482.625,131.483,0.0,0.0,0.0,0.0,10.095,99.99
2437,270181900,0,1531374459,0,0,0,236,0,0,0,36.9712263,91.2212133,7749.359,499.737,135.949,0.0,0.0,0.0,0.0,10.215,99.99
2437,270182900,0,1532402193,0,0,0,236,0,0,0,36.9712263,91.2212133,7749.359,513.588,139.546,0.0,0.0,0.0,0.0,10.31,99.99
2437,270183900,0,1533398094,0,0,0,236,0,0,0,36.9712263,91.2212133,7749.359,513.588,139.546,0.0,0.0,0.0,0.0,10.31,99.99
2437,270184900,0,1534401125,0,0,0,236,0,0,0,36.9712263,91.2212133,7749.359,545.274,147.714,0.0,0.0,0.0,0.0,10.521,99.99
2437,270185900,0,1535408310,0,0,0,236,0,0,0,36.9712263,91.2212133,7749.359,570.408,154.132,0.0,0.0,0.0,0.0,10.682,99.99
2437,270187000,0,1536481426,0,0,0,236,0,0,0,36.9712263,91.2212133,7749.359,590.451,159.212,0.0,0.0,0.0,0.0,10.829,99.99
2437,270188000,0,1537480610,0,0,0,236,0,0,0,36.9712263,91.2212133,7749.359,608.898,163.857,0.0,0.0,0.0,0.0,10.941,99.99
2437,270189000,0,1538479119,0,0,0,236,0,0,0,36.9712263,91.2212133,7749.359,627.558,168.526,0.0,0.0,0.0,0.0,11.052,99.99
2437,270190000,0,1539479718,0,0,0,236,0,0,0,36.9712263,91.2212133,7749.359,646.427,173.218,0.0,0.0,0.0,0.0,11.162,99.99
2437,270191000,0,1540504447,0,0,0,236,0,0,0,36.9712263,91.2212133,7749.359,657.849,176.044,0.0,0.0,0.0,0.0,11.227,99.99
2437,270192000,0,1541504550,0,0,0,236,0,0,0,36.9712263,91.2212133,7749.359,680.915,181.72,486.3,-153.644,-18.186,509.994,61.815,99.99
2437,270193000,0,1542506871,0,0,0,236,0,0,0,36.9712263,91.2212133,7749.359,702.316,186.949,-205.349,-256.464,396.003,328.546,61.291,99.99
2437,270194000,0,1543512002,0,0,0,236,0,0,0,36.9712263,91.2212133,7749.359,723.96,192.202,-108.431,-175.199,166.032,206.039,46.54,99.99
2437,270195000,0,1544482437,3,5,0,238,0,0,0,30.4991337,114.3309566,782.152,1758.198,361.761,51.163,-31.41,-143.986,60.035,23.531,7.32
2437,270196000,0,1545485221,0,0,0,238,0,0,0,30.5005067,114.3312374,1190.105,1439.29,368.089,73.007,-26.434,-152.006,77.645,20.552,99.99
2437,270197000,0,1546493226,0,0,0,238,0,0,0,30.5010246,114.3309392,1332.831,1460.591,402.019,62.885,-23.832,-150.631,67.25,16.969,99.99
2437,270198000,0,1547483585,0,0,0,238,0,0,0,30.5015425,114.3306411,1475.556,1494.19,447.371,57.428,-28.628,-142.723,64.168,20.198,99.99
2437,270199000,0,1548486428,0,0,0,238,0,0,0,30.5020604,114.3303429,1618.283,1539.379,501.057,69.946,-25.109,-145.708,74.317,14.207,99.99
2437,270200000,0,1549485850,0,0,0,238,0,0,0,30.5025782,114.3300448,1761.01,1595.269,560.693,80.523,-23.462,-144.6,83.871,14.017,99.99
2437,270201000,0,1550487227,3,6,0,238,0,0,0,30.5349562,114.3323343,476.205,571.03,365.447,75.274,-24.629,-106.307,79.201,24.523,3.94
2437,270202000,0,1551485435,0,0,0,238,0,0,0,30.5358067,114.3307769,1034.136,383.162,366.152,74.901,-11.576,-115.689,75.79,17.579,99.99
2437,270203000,0,1552484800,0,0,0,238,0,0,0,30.536635,114.3311226,1323.467,348.974,386.193,71.296,-20.064,-115.673,74.065,15.765,99.99
2437,270204000,0,1553485043,0,0,0,238,0,0,0,30.5375701,114.3318927,1761.233,302.917,394.702,68.653,-24.352,-125.278,72.844,13.59,99.99
2437,270205000,0,1554486285,0,0,0,238,0,0,0,30.5381899,114.3316483,1884.899,311.179,436.032,68.737,-23.464,-123.664,72.631,13.991,99.99
2437,270206000,0,1555482372,0,0,0,238,0,0,0,30.5101278,114.2922085,239.767,1920.123,397.059,7.407,-90.976,-6.91,91.277,31.512,99.99
2437,270207000,0,1556484159,0,0,0,238,0,0,0,30.5101946,114.2912607,246.681,1931.891,543.852,7.407,-90.976,-6.91,91.277,31.568,99.99
2437,270208000,0,1557485392,0,0,0,238,0,0,0,30.5100306,114.2893209,231.154,1075.082,440.991,19.781,-62.8,0.325,65.842,12.055,99.99
2437,270209000,0,1558488097,0,0,0,238,0,0,0,30.5100952,114.2884203,225.334,1093.569,500.655,-12.682,-89.26,29.603,90.156,16.505,99.99
2437,270210000,0,1559487861,0,0,0,238,0,0,0,30.5104353,114.2871672,299.409,804.745,504.734,5.577,-92.387,2.936,92.555,11.258,99.99
2437,270211000,0,1560486760,3,4,0,238,0,0,0,30.5104629,114.2853746,219.799,599.497,460.186,30.331,-108.297,-19.796,112.465,8.569,8.49
2437,270212000,0,1561485520,2,3,0,238,0,0,0,30.5102888,114.2826027,-167.169,433.229,439.542,38.29,-115.703,15.293,121.874,7.035,2.5
2437,270213000,0,1562482367,0,0,0,238,0,0,0,30.5104771,114.2805632,-387.465,404.643,457.801,40.258,-120.59,34.658,127.132,7.121,99.99
2437,270214000,0,1563481908,0,0,0,238,0,0,0,30.510863,114.27919,-455.648,409.156,476.459,40.37,-119.864,32.304,126.48,7.169,99.99
2437,270215000,0,1564480386,0,0,0,238,0,0,0,30.5112272,114.2779411,-487.947,423.556,505.901,40.37,-119.864,32.304,126.48,7.359,99.99
2437,270216000,0,1565482676,3,4,0,238,0,0,0,30.5113847,114.2759857,-738.222,412.383,528.049,37.979,-121.867,47.116,127.648,7.481,8.49
2437,270217000,0,1566482776,0,0,0,238,0,0,0,30.5115522,114.2739693,-1010.746,404.045,550.688,36.188,-124.321,61.427,129.481,7.609,99.99
2437,270218000,0,1567483957,0,0,0,238,0,0,0,30.5118787,114.2726739,-1072.166,422.747,583.548,35.642,-125.685,67.552,130.641,7.751,99.99
2437,270219000,0,1568484266,0,0,0,238,0,0,0,30.5122051,114.2713784,-1133.583,444.462,617.592,35.281,-125.64,68.139,130.5,7.887,99.99
2437,270220000,0,1569483738,0,0,0,238,0,0,0,30.5125316,114.2700829,-1194.998,469.09,652.638,53.81,-114.785,49.58,126.772,7.605,99.99
2437,270221000,0,1570495378,0,0,0,238,0,0,0,30.512858,114.2687874,-1256.41,496.501,688.537,29.343,-86.37,66.69,91.218,82.875,99.99
2437,270222000,0,1571479426,0,0,0,238,0,0,0,30.5474844,114.3150225,94.315,2107.71,362.968,-7.016,2.805,0.017,7.556,30.854,99.99
2437,270223000,0,1572481873,0,0,0,238,0,0,0,30.5474211,114.3150517,94.299,2128.598,363.085,-7.016,2.805,0.017,7.556,30.897,99.99
2437,270224000,0,1573482413,0,0,0,238,0,0,0,30.5473578,114.3150809,94.282,2166.301,363.299,-7.016,2.805,0.017,7.556,30.94,99.99
2437,270225000,0,1574483700,0,0,0,238,0,0,0,30.5472945,114.3151102,94.265,2220.022,363.614,-7.016,2.805,0.017,7.556,30.982,99.99
2437,270226000,0,1575485655,0,0,0,238,0,0,0,30.5472312,114.3151394,94.248,2288.694,364.037,20.954,-81.148,-0.002,83.809,14.599,99.99
2437,270227000,0,1576484827,3,4,0,238,0,0,0,30.516396,114.2706872,104.216,1024.909,351.044,24.832,-59.529,-80.286,64.501,101.962,20.57
2437,270228000,0,1577484663,0,0,0,238,0,0,0,30.5162024,114.2702757,87.093,509.882,307.234,18.461,-82.69,-0.429,84.726,7.392,99.99
2437,270229000,0,1578482953,0,0,0,238,0,0,0,30.5163689,114.2694142,87.526,514.999,314.909,18.461,-82.69,-0.429,84.726,7.531,99.99
2437,270230000,0,1579483919,2,3,0,238,0,0,0,30.516683,114.2683869,85.811,400.775,292.151,15.883,-79.026,-0.685,80.607,5.418,65.33
2437,270231000,0,1580481957,3,4,0,238,0,0,0,30.5173104,114.268091,91.829,283.246,193.716,28.41,-48.547,3.343,56.249,4.151,35.01
2437,270232000,0,1581483122,0,0,0,238,0,0,0,30.5180186,114.2678932,84.735,258.69,161.445,39.465,-34.988,4.235,52.741,4.902,99.99
2437,270233000,0,1582483279,2,3,2,238,0,0,1,30.5183347,114.2670279,85.145,256.292,155.086,35.926,-49.568,2.918,61.218,4.592,13.73
2437,270234000,0,1583481305,0,0,0,238,0,0,0,30.5186214,114.266301,85.13,261.002,153.453,34.616,-54.233,2.48,64.339,4.675,99.99
2437,270235000,0,1584484163,0,0,0,238,0,0,0,30.5189337,114.265736,82.653,272.794,155.972,34.616,-54.233,2.48,64.339,4.938,99.99
2437,270236000,0,1585483088,0,0,0,238,0,0,0,30.5192459,114.2651709,80.177,286.437,159.0,34.616,-54.233,2.48,64.339,5.187,99.99
2437,270237000,0,1586483428,0,0,0,238,0,0,0,30.5195581,114.2646059,77.702,301.842,162.513,34.616,-54.233,2.48,64.339,5.426,99.99
2437,270238000,0,1587484421,0,0,0,238,0,0,0,30.5198704,114.2640408,75.227,318.908,166.484,34.616,-54.233,2.48,64.339,5.654,99.99
2437,270239000,0,1588483071,0,0,0,238,0,0,0,30.5201826,114.2634758,72.753,337.528,170.887,34.616,-54.233,2.48,64.339,5.873,99.99
2437,270240000,0,1589482525,2,3,0,238,0,0,0,30.5228089,114.2650718,50.617,346.092,173.097,55.191,-29.873,3.746,62.757,6.953,6.64
2437,270241000,0,1590483291,2,3,0,238,0,0,0,30.5292674,114.2679933,-32.302,331.2,168.424,97.466,2.576,6.386,97.5,8.324,6.64
2437,270242000,0,1591482817,0,0,0,238,0,0,0,30.5340429,114.269939,89.486,322.477,204.543,122.947,22.277,4.627,124.949,8.345,99.99
2437,270243000,0,1592484969,0,0,0,238,0,0,0,30.5351519,114.2701711,84.861,339.104,204.893,122.947,22.277,4.627,124.949,8.561,99.99
2437,270244000,0,1593482720,0,0,0,238,0,0,0,30.5362609,114.2704033,80.238,356.838,205.488,122.947,22.277,4.627,124.949,8.771,99.99
2437,270245000,0,1594483314,0,0,0,238,0,0,0,30.5373699,114.2706354,75.618,375.658,206.328,122.947,22.277,4.627,124.949,8.976,99.99
2437,270246000,0,1595484093,0,0,0,238,0,0,0,30.538479,114.2708676,71.0,395.539,207.414,122.947,22.277,4.627,124.949,9.176,99.99
2437,270247000,0,1596484279,0,0,0,238,0,0,0,30.539588,114.2710997,66.384,416.45,208.747,122.947,22.277,4.627,124.949,9.373,99.99
2437,270248000,0,1597483086,0,0,0,238,0,0,0,30.540697,114.2713319,61.771,438.361,210.325,122.947,22.277,4.627,124.949,9.565,99.99
2437,270249000,0,1598483024,0,0,0,238,0,0,0,30.541806,114.2715641,57.16,461.24,212.146,122.947,22.277,4.627,124.949,9.753,99.99
2437,270250000,0,1599484304,2,3,0,238,0,0,0,30.5300491,114.268207,138.003,343.2,225.993,55.823,5.817,8.706,56.125,6.859,11.01
2437,270251000,0,1600484496,2,3,0,238,0,0,0,30.5273301,114.2652467,182.203,309.564,201.469,48.23,-12.547,10.149,49.835,6.136,10.99
2437,270252000,0,1601486057,3,5,0,238,0,0,0,30.5243796,114.2666966,56.024,258.57,187.854,31.11,6.65,11.541,31.813,3.813,8.08
2437,270253000,1,1602484628,2,3,0,238,0,0,0,30.5228027,114.2668342,-46.427,216.963,175.692,17.96,4.669,9.661,18.557,3.383,20.4
2437,270254000,1,1603484666,0,0,0,238,0,0,0,30.522684,114.2662415,-52.163,217.989,169.835,15.705,-1.304,6.523,15.759,4.393,99.99
2437,270255000,0,1604485644,0,0,0,238,0,0,0,30.5228257,114.2662279,-58.686,228.364,171.49,15.705,-1.304,6.523,15.759,4.824,99.99
2437,270256000,0,1605486478,0,0,0,238,0,0,0,30.5229673,114.2662143,-65.208,240.666,173.31,15.705,-1.304,6.523,15.759,5.22,99.99
2437,270257000,0,1606485973,0,0,0,238,0,0,0,30.523109,114.2662007,-71.731,254.973,175.298,15.705,-1.304,6.523,15.759,5.588,99.99
2437,270258000,0,1607484538,0,0,0,238,0,0,0,30.5232507,114.2661871,-78.253,271.306,177.457,15.705,-1.304,6.523,15.759,5.933,99.99
2437,270259000,0,1608484493,0,0,0,238,0,0,0,30.5233923,114.2661735,-84.776,289.637,179.787,15.705,-1.304,6.523,15.759,6.259,99.99
2437,270260000,0,1609486918,3,5,0,238,0,0,0,30.5239306,114.266498,-106.018,286.016,197.558,19.768,2.424,5.465,19.916,5.591,8.12
2437,270261000,0,1610484620,0,0,0,238,0,0,0,30.5239491,114.2673871,-116.472,282.646,205.769,15.382,9.414,5.81,18.034,4.994,99.99
2437,270262000,0,1611484239,0,0,0,238,0,0,0,30.5240879,114.2674852,-122.282,299.58,208.316,15.382,9.414,5.81,18.034,5.395,99.99
2437,270263000,0,1612482380,0,0,0,238,0,0,0,30.5242266,114.2675833,-128.092,318.71,211.029,15.382,9.414,5.81,18.034,5.768,99.99
2437,270264000,0,1613483049,0,0,0,238,0,0,0,30.5243654,114.2676814,-133.902,340.031,213.909,15.382,9.414,5.81,18.034,6.118,99.99
2437,270265000,0,1614482542,0,0,0,238,0,0,0,30.5245041,114.2677795,-139.712,363.501,216.96,15.382,9.414,5.81,18.034,6.45,99.99
2437,270266000,0,1615482061,0,0,0,238,0,0,0,30.5246429,114.2678776,-145.522,389.051,220.182,15.382,9.414,5.81,18.034,6.765,99.99
2437,270267000,0,1616481429,0,0,0,238,0,0,0,30.5247816,114.2679756,-151.332,416.598,223.576,15.382,9.414,5.81,18.034,7.066,99.99
2437,270268000,0,1617482585,0,0,0,238,0,0,0,30.5249204,114.2680737,-157.142,446.05,227.143,15.382,9.414,5.81,18.034,7.355,99.99
2437,270269000,0,1618482802,0,0,0,238,0,0,0,30.5250591,114.2681718,-162.952,477.317,230.883,15.382,9.414,5.81,18.034,7.632,99.99
2437,270270000,0,1619482865,0,0,0,238,0,0,0,30.5251979,114.2682699,-168.761,510.308,234.796,15.382,9.414,5.81,18.034,7.901,99.99
2437,270271000,0,1620482285,0,0,0,238,0,0,0,30.5252395,114.2682993,-170.504,544.939,238.88,0.0,0.0,0.0,0.0,8.722,99.99
2437,270272000,0,1621481740,0,0,0,238,0,0,0,30.5252395,114.2682993,-170.504,581.132,243.136,0.0,0.0,0.0,0.0,8.981,99.99
2437,270273000,0,1622483791,0,0,0,238,0,0,0,30.5252395,114.2682993,-170.504,618.814,247.561,0.0,0.0,0.0,0.0,9.233,99.99
2437,270274000,0,1623482078,0,0,0,238,0,0,0,30.5252395,114.2682993,-170.504,657.918,252.154,0.0,0.0,0.0,0.0,9.478,99.99
2437,270275000,0,1624483087,0,0,0,238,0,0,0,30.5252395,114.2682993,-170.504,698.383,256.914,0.0,0.0,0.0,0.0,9.716,99.99
2437,270276000,0,1625481860,0,0,0,238,0,0,0,30.5252395,114.2682993,-170.504,740.156,261.838,0.0,0.0,0.0,0.0,9.949,99.99
2437,270277000,0,1626484141,0,0,0,238,0,0,0,30.5252395,114.2682993,-170.504,783.185,266.924,0.0,0.0,0.0,0.0,10.177,99.99
2437,270278000,0,1627484432,0,0,0,238,0,0,0,30.5252395,114.2682993,-170.504,827.425,272.171,0.0,0.0,0.0,0.0,10.4,99.99
2437,270279000,0,1628485444,2,3,0,238,0,0,0,30.5225845,114.2489844,98.606,2043.125,54.754,-19.039,-307.791,0.001,308.379,211.999,33.9
2437,270280000,0,1629484255,0,0,0,238,0,0,0,30.5225211,114.2471872,98.79,892.664,38.034,-9.608,-231.969,-0.181,232.168,76.597,99.99
2437,270281000,0,1630483605,0,0,0,238,0,0,0,30.5224344,114.2447703,98.986,904.013,41.135,-9.608,-231.969,-0.181,232.168,76.597,99.99
2437,270282000,0,1631484135,0,0,0,238,0,0,0,30.5223477,114.2423534,99.19,923.846,46.958,-9.608,-231.969,-0.181,232.168,76.597,99.99
2437,270283000,0,1632484018,0,0,0,238,0,0,0,30.5222609,114.2399366,99.402,951.634,54.64,-9.608,-231.969,-0.181,232.168,76.597,99.99
2437,270284000,0,1633485477,0,0,0,238,0,0,0,30.522174,114.2375197,99.623,986.704,63.512,-9.608,-231.969,-0.181,232.168,76.596,99.99
2437,270285000,0,1634485354,2,3,0,238,0,0,0,30.5236325,114.2738171,94.486,133.263,40.664,2.932,20.061,3.473,20.274,10.692,2.39
2437,270286000,0,1635487851,2,3,1,238,0,1,0,30.5240814,114.2741248,100.087,47.096,36.015,9.731,14.338,0.106,17.329,3.194,2.39
2437,270287000,0,1636486458,2,3,1,238,0,1,0,30.5244216,114.2740349,97.283,35.306,20.893,16.732,5.846,0.066,17.724,2.025,2.39
2437,270288000,0,1637486835,0,0,0,238,0,0,0,30.5245803,114.2740892,98.187,34.584,20.186,17.063,5.977,0.056,18.079,2.148,99.99
2437,270289000,0,1638488957,0,0,0,238,0,0,0,30.5247342,114.2741515,98.131,35.557,20.256,17.063,5.977,0.056,18.079,2.363,99.99
2437,270290000,0,1639489862,2,3,1,238,0,1,0,30.5251804,114.2739741,94.817,35.445,19.884,22.475,-0.124,0.092,22.475,2.861,2.5
2437,270291000,0,1640488950,0,0,0,238,0,0,0,30.525991,114.2734102,87.265,33.045,19.067,32.501,-14.201,0.107,35.468,3.565,99.99
2437,270292000,0,1641489877,2,3,0,238,0,0,0,30.5294068,114.2671979,59.859,133.928,89.33,49.153,-40.606,1.087,63.757,3.052,2.06
2437,270293000,0,1642488154,3,4,0,238,0,0,0,30.5318412,114.2636991,53.541,126.132,98.05,60.12,-50.116,1.749,78.269,2.503,11.54
2437,270294000,0,1643487567,2,3,0,238,0,0,0,30.5327457,114.2630307,53.671,107.035,87.495,64.209,-53.61,1.976,83.647,2.557,20.1
2437,270295000,1,1644490337,3,5,0,238,0,0,0,30.5328585,114.263292,19.133,94.168,78.998,63.523,-49.434,2.853,80.492,2.974,7.22
2437,270296000,1,1645489598,3,4,0,238,0,0,0,30.5336568,114.2632184,29.722,79.33,66.676,69.127,-43.741,3.107,81.803,3.412,34.25
2437,270297000,0,1646490689,3,5,1,234,0,1,0,30.5347223,114.2625004,24.71,73.487,63.343,73.849,-45.087,3.192,86.525,3.358,4.56
2437,270298000,1,1647489817,3,5,0,234,0,0,0,30.5364219,114.2603206,-9.549,75.056,72.058,74.162,-49.812,3.911,89.338,3.084,4.56
2437,270299000,1,1648492632,0,0,0,234,0,0,0,30.5376049,114.2589515,-33.562,71.024,71.661,75.892,-54.559,4.427,93.468,3.078,99.99
2437,270300000,0,1649492594,3,5,0,234,0,0,0,30.5382701,114.2580941,-34.753,73.715,73.532,71.965,-56.569,4.293,91.537,3.48,4.37
2437,270301000,0,1650490732,3,5,0,234,0,0,0,30.538962,114.2562526,-30.283,71.62,75.462,65.949,-69.259,4.226,95.635,3.318,4.37
2437,270302000,0,1651496454,3,5,0,234,0,0,0,30.5395563,114.2550214,-30.794,71.507,75.656,63.523,-75.28,4.149,98.5,3.381,4.37
2437,270303000,0,1652492808,3,5,0,234,0,0,0,30.5401008,114.2542632,-35.368,75.03,76.261,63.165,-73.766,4.286,97.115,3.773,29.06
2437,270304000,0,1653493902,0,0,0,234,0,0,0,30.540587,114.2536062,-40.265,77.314,75.778,63.075,-68.976,4.746,93.467,3.925,99.99
2437,270305000,0,1654512820,0,0,0,234,0,0,0,30.5411483,114.2528841,-44.951,84.384,77.315,62.227,-69.293,4.69,93.133,4.467,99.99
2437,270306000,0,1655496271,2,3,0,238,0,0,0,30.5265509,114.2470495,-555.334,1712.595,286.35,-143.709,-74.184,-22.554,161.727,72.929,37.68
2437,270307000,0,1656496424,3,6,0,238,0,0,0,30.5401379,114.2490705,-787.39,145.918,202.28,55.11,-42.522,6.887,69.608,4.436,2.94
2437,270308000,0,1657495379,2,3,0,238,0,0,0,30.5403044,114.2481031,-885.985,110.595,166.879,68.585,-42.813,5.289,80.851,3.6,15.12
2437,270309000,1,1658493176,2,3,0,238,0,0,0,30.5406867,114.2496182,-738.352,104.733,180.402,46.966,-38.112,3.468,60.484,3.301,11.2
2437,270310000,1,1659500518,2,3,2,238,0,0,1,30.5408955,114.250377,-610.615,102.747,185.116,39.191,-34.048,2.898,51.915,3.474,20.17
2437,270311000,0,1660499525,2,3,2,238,0,0,1,30.5407943,114.2494398,-570.051,84.81,159.382,30.078,-38.882,3.52,49.158,3.702,20.17
2437,270312000,0,1661495693,3,7,2,238,0,0,1,30.5410465,114.2503209,-361.997,75.943,150.454,18.488,-34.312,6.838,38.976,3.285,3.83
2437,270313000,0,1662493250,3,5,2,238,0,0,1,30.5414541,114.2504739,-322.628,72.565,150.492,23.328,-31.296,9.176,39.034,2.997,8.19
2437,270314000,1,1663490412,3,5,2,238,0,0,1,30.5420885,114.2503999,-235.944,65.296,138.362,29.622,-23.959,7.698,38.099,3.351,4.53
2437,270315000,1,1664493748,3,5,2,238,0,0,1,30.5428781,114.2507472,-86.559,62.201,131.536,32.121,-19.197,4.902,37.42,3.157,3.7
2437,270316000,1,1665493799,3,6,2,238,0,0,1,30.5435618,114.2509547,1.797,62.481,128.077,34.605,-14.108,1.79,37.37,3.312,3.13
2437,270317000,1,1666493654,3,5,0,238,0,0,0,30.5441537,114.2507859,-99.497,64.517,124.904,41.054,-10.711,1.72,42.428,3.35,5.79
2437,270318000,1,1667492725,2,3,0,238,0,0,0,30.5448286,114.2506222,-211.009,65.827,119.061,50.164,-6.865,2.713,50.632,3.432,8.43
2437,270319000,1,1668491216,2,3,0,238,0,0,0,30.5451783,114.2504734,-313.352,66.882,114.19,49.678,-5.766,3.798,50.011,3.556,57.25
2437,270320000,0,1669487996,0,0,0,238,0,0,0,30.5454751,114.2503061,-388.103,68.011,108.772,49.134,-5.854,4.24,49.481,3.776,99.99
2437,270321000,0,1670493934,0,0,0,238,0,0,0,30.5459184,114.2502451,-392.342,75.231,110.033,49.134,-5.854,4.24,49.481,4.227,99.99
2437,270322000,0,1671493469,0,0,0,238,0,0,0,30.5463616,114.2501841,-396.582,84.183,111.454,49.134,-5.854,4.24,49.481,4.635,99.99
2437,270323000,0,1672493039,0,0,0,238,0,0,0,30.5468048,114.2501231,-400.82,94.772,113.033,49.134,-5.854,4.24,49.481,5.01,99.99
2437,270324000,0,1673498408,2,3,0,238,0,0,0,30.5472531,114.2512784,-409.675,92.119,112.28,47.576,22.407,4.088,52.589,4.742,2.1
2437,270325000,0,1674495595,3,6,2,238,0,0,1,30.5481261,114.2517575,-439.519,94.059,127.127,40.366,27.769,3.349,48.995,4.325,6.7
2437,270326000,0,1675498520,3,6,2,238,0,0,1,30.5488716,114.251192,-371.782,116.181,162.078,30.705,19.352,1.577,36.295,4.796,6.81
2437,270327000,1,1676499482,3,7,2,238,0,0,1,30.5495937,114.2506257,-229.261,111.982,153.579,35.109,18.769,-1.686,39.811,4.99,3.92
2437,270328000,1,1677495729,3,5,2,238,0,0,1,30.5506871,114.2505138,-93.611,101.341,141.963,42.841,23.142,-4.526,48.692,4.393,10.94
2437,270329000,1,1678497927,3,5,2,238,0,0,1,30.5509578,114.2504478,-5.365,100.92,136.025,36.771,25.483,-5.475,44.738,4.314,10.94
2437,270330000,1,1679494655,3,5,2,238,0,0,1,30.5511894,114.2505599,85.686,95.546,122.078,33.424,25.49,-7.884,42.034,4.455,10.94
2437,270331000,1,1680497095,3,6,2,238,0,0,1,30.5510583,114.250823,188.765,85.45,105.956,24.079,27.711,-11.138,36.711,4.029,6.91
2437,270332000,1,1681490105,0,0,0,238,0,0,0,30.5510139,114.2510867,220.957,89.819,103.888,17.469,27.573,-11.105,32.641,4.219,99.99
2437,270333000,0,1682491561,0,0,0,238,0,0,0,30.5511074,114.2513236,235.295,94.882,105.228,16.427,26.186,-10.917,30.912,4.446,99.99
2437,270334000,0,1683494130,0,0,0,238,0,0,0,30.5512556,114.2515965,246.212,103.513,107.382,16.427,26.186,-10.917,30.912,4.91,99.99
2437,270335000,0,1684492868,0,0,0,238,0,0,0,30.5515281,114.2516972,270.427,116.786,112.235,20.914,22.292,-11.044,30.567,5.244,99.99
2437,270336000,0,1685495113,3,6,0,238,0,0,0,30.5528049,114.2520694,303.07,126.847,124.107,35.1,22.517,-11.47,41.702,5.329,8.35
2437,270337000,0,1686494935,2,3,0,238,0,0,0,30.5539917,114.2521552,357.967,130.333,140.695,47.636,17.605,-12.21,50.785,4.59,13.71
2437,270338000,0,1687495543,3,8,0,238,0,0,0,30.5551818,114.2525186,475.859,140.969,163.697,58.288,16.473,-14.518,60.571,3.863,3.15
2437,270339000,0,1688494421,3,6,0,238,0,0,0,30.5558165,114.2533437,605.952,136.401,172.916,58.807,23.806,-17.188,63.442,3.154,3.78
2437,270340000,0,1689494700,3,6,0,238,0,0,0,30.5571309,114.2538632,695.67,127.186,173.157,67.506,25.476,-18.64,72.153,2.777,3.78
2437,270341000,1,1690494425,3,5,0,238,0,0,0,30.5588444,114.2544201,812.638,128.194,178.032,76.137,24.972,-20.843,80.128,2.831,4.32
2437,270342000,1,1691493303,3,4,0,238,0,0,0,30.5605669,114.2547426,902.931,123.098,172.665,80.156,27.817,-21.564,84.845,2.994,4.34
2437,270343000,1,1692494879,3,4,0,238,0,0,0,30.5621417,114.2552223,1000.022,117.617,166.584,80.813,36.584,-22.727,88.709,2.881,4.34
2437,270344000,1,1693494517,3,4,0,238,0,0,0,30.5636453,114.2555775,1096.649,111.297,158.543,84.517,38.857,-23.798,93.021,2.651,4.34
2437,270345000,1,1694493857,3,4,0,238,0,0,0,30.5650362,114.2559588,1185.603,102.798,146.775,87.435,41.135,-24.773,96.628,2.459,4.34
2437,270346000,1,1695493844,3,5,0,238,0,0,0,30.5662743,114.256326,1266.101,91.502,130.357,88.695,43.036,-25.359,98.585,2.289,4.32
2437,270347000,1,1696495385,3,4,0,238,0,0,0,30.5664567,114.2563258,1265.002,106.398,150.55,80.671,43.568,-23.981,91.685,2.484,16.11
2437,270348000,0,1697495598,0,0,0,238,0,0,0,30.5669859,114.25668,1280.021,116.393,158.517,68.471,44.853,-18.498,81.854,2.647,99.99
2437,270349000,0,1698511971,0,0,0,238,0,0,0,30.5676904,114.2571331,1303.671,126.187,162.547,103.461,38.989,1.006,110.564,32.355,99.99
2437,270350000,0,1699513296,0,0,0,238,0,0,0,30.568395,114.2575862,1327.322,138.566,166.752,62.839,22.839,9.181,66.86,11.016,99.99
2437,270351000,0,1700515006,0,0,0,238,0,0,0,30.5690996,114.2580392,1350.974,153.537,171.127,91.156,-8.416,57.873,91.544,29.581,99.99
2437,270352000,0,1701510854,0,0,0,238,0,0,0,30.5698041,114.2584923,1374.628,170.989,175.669,71.222,53.061,-42.158,88.815,24.187,99.99
2437,270353000,0,1702509271,0,0,0,238,0,0,0,30.5705087,114.2589454,1398.283,190.753,180.373,69.371,55.248,-43.373,88.683,25.064,99.99
2437,270354000,0,1703512697,0,0,0,238,0,0,0,30.5712132,114.2593985,1421.939,212.64,185.235,70.458,53.486,-42.0,88.459,23.925,99.99
2437,270355000,0,1704518187,0,0,0,238,0,0,0,30.5719177,114.2598516,1445.596,236.474,190.249,74.696,52.452,-39.737,91.272,23.243,99.99
2437,270356000,0,1705509663,0,0,0,238,0,0,0,30.5726223,114.2603046,1469.255,262.095,195.412,103.309,9.74,45.915,103.767,10.935,99.99
2437,270357000,0,1706509575,0,0,0,238,0,0,0,30.5733268,114.2607577,1492.915,289.365,200.72,93.267,8.1,38.419,93.618,10.997,99.99
2437,270358000,0,1707513721,0,0,0,238,0,0,0,30.5734677,114.2608484,1497.647,318.166,206.168,86.887,13.188,34.334,87.882,10.481,99.99
2437,270359000,0,1708514068,0,0,0,238,0,0,0,30.5734677,114.2608484,1497.647,348.397,211.751,87.586,9.778,31.71,88.13,10.563,99.99
2437,270360000,0,1709511850,0,0,0,238,0,0,0,30.5734677,114.2608484,1497.647,379.974,217.468,78.416,34.113,-1.592,85.515,8.693,99.99
2437,270361000,0,1710512827,0,0,0,238,0,0,0,30.5734677,114.2608484,1497.647,412.824,223.313,67.567,63.472,-38.936,92.704,11.955,99.99
2437,270362000,0,1711512180,0,0,0,238,0,0,0,30.5734677,114.2608484,1497.647,446.883,229.284,62.604,75.824,-65.295,98.329,13.95,99.99
2437,270363000,0,1712512348,0,0,0,238,0,0,0,30.5734677,114.2608484,1497.647,482.098,235.378,74.671,70.784,-61.181,102.89,18.98,99.99
2437,270364000,0,1713494885,0,0,0,238,0,0,0,30.5874334,114.2491699,-1065.666,561.566,740.431,87.306,29.183,-4.642,92.054,6.908,99.99
2437,270365000,0,1714496171,0,0,0,238,0,0,0,30.5882411,114.2494458,-1064.503,566.012,745.977,87.848,30.751,-6.86,93.074,7.097,99.99
2437,270366000,0,1715494217,3,5,0,238,0,0,0,30.5896957,114.2533513,-387.921,714.381,780.019,94.737,95.919,-104.488,134.817,19.282,9.76
2437,270367000,0,1716494592,0,0,0,238,0,0,0,30.5898963,114.2517465,-975.336,470.064,686.456,103.307,95.04,-99.685,140.374,10.103,99.99
2437,270368000,0,1717495385,0,0,0,238,0,0,0,30.5908257,114.2527396,-875.041,476.83,697.883,102.809,95.007,-98.122,139.986,10.241,99.99
2437,270369000,0,1718495713,0,0,0,238,0,0,0,30.58995,114.2527267,-1059.752,433.478,629.571,83.586,72.032,-45.8,110.342,6.363,99.99
2437,270370000,0,1719497166,0,0,0,238,0,0,0,30.5905071,114.2535708,-1008.267,385.016,547.252,78.497,55.542,-22.992,96.16,4.768,99.99
2437,270371000,0,1720495604,2,3,0,238,0,0,0,30.5912377,114.2542707,-944.302,360.812,506.066,86.604,55.853,-23.476,103.053,4.99,8.95
2437,270372000,0,1721493604,2,3,0,238,0,0,0,30.5918983,114.2550708,-811.275,307.847,413.097,88.134,44.458,-14.989,98.713,4.587,8.94
2437,270373000,0,1722494517,2,3,0,238,0,0,0,30.5925213,114.2557779,-679.098,266.195,343.223,88.258,36.68,-11.372,95.576,4.316,8.94
2437,270374000,0,1723493039,0,0,0,238,0,0,0,30.5932651,114.256198,-639.449,263.001,328.755,88.117,34.83,-10.685,94.751,4.344,99.99
2437,270375000,0,1724494638,0,0,0,238,0,0,0,30.59406,114.2565612,-628.763,274.132,332.12,88.117,34.83,-10.685,94.751,4.497,99.99
2437,270376000,0,1725494801,0,0,0,238,0,0,0,30.5948549,114.2569244,-618.075,286.99,335.937,88.117,34.83,-10.685,94.751,4.646,99.99
2437,270377000,0,1726495043,0,0,0,238,0,0,0,30.5956498,114.2572876,-607.386,301.538,340.194,88.117,34.83,-10.685,94.751,4.79,99.99
2437,270378000,0,1727502171,0,0,0,238,0,0,0,30.5979608,114.2603696,-310.571,296.266,332.808,112.012,64.985,-26.275,129.498,4.419,99.99
2437,270379000,0,1728495346,0,0,0,238,0,0,0,30.5988368,114.2609172,-292.524,312.176,337.754,117.957,66.292,-27.331,135.309,4.311,99.99
2437,270380000,0,1729494863,0,0,0,238,0,0,0,30.607261,114.2661915,515.992,308.087,378.6,126.411,83.88,-38.212,151.708,4.261,99.99
2437,270381000,0,1730497305,2,3,0,238,0,0,0,30.6254596,114.2665151,20.882,1135.085,671.708,100.511,2.792,0.001,100.55,11.641,2.46
2437,270382000,0,1731491715,2,3,0,238,0,0,0,30.6259973,114.2676803,138.963,676.47,594.703,87.958,52.62,-24.386,102.496,11.506,99.99
2437,270383000,0,1732490463,0,0,0,238,0,0,0,30.6266215,114.268184,217.269,627.939,539.156,86.309,50.958,-26.384,100.23,11.852,99.99
2437,270384000,0,1733490432,0,0,0,238,0,0,0,30.6274,114.2687155,243.654,634.796,541.555,86.309,50.958,-26.384,100.23,11.963,99.99
2437,270385000,0,1734492752,0,0,0,238,0,0,0,30.6281785,114.269247,270.04,644.645,545.009,86.309,50.958,-26.384,100.23,12.073,99.99
