TimeFromStart_s,SamplesInBlock,ax_cal_m_s2,ay_cal_m_s2,az_cal_m_s2,gx_cal_deg_h,gy_cal_deg_h,gz_cal_deg_h
5,1000,-0.317788095394297,0.259752459872327,9.77621973810252,657.146408081317,119.88334803462,-266.601870080218
15,1000,-0.318166148449223,0.261046260409685,9.77711511495366,641.708137532578,119.664588087749,-252.943854813042
25,999,-0.317775895245039,0.261119702679006,9.77737605279604,655.116098966181,122.468651135048,-257.256763141218
35,1000,-0.316825998253226,0.261463565527803,9.77720826676422,653.364513958288,127.241764791685,-260.583549469531
45,999,-0.318090141267682,0.261349784686897,9.77726213674614,651.654839523486,114.813699283794,-253.845718508799
55,1000,-0.316730292928111,0.261678397559559,9.78030195320132,636.96602843957,130.542369761032,-269.185076187088
65,999,-0.317449585656106,0.262583293849846,9.77906312957815,623.399554545559,127.970521947022,-272.028787073547
75,1000,-0.317437684392755,0.260289349327441,9.77905891419179,635.311823709333,118.587912206779,-284.986602904645
85,999,-0.316683267541661,0.261109593119085,9.78144087783387,636.057917876226,127.005706343791,-277.28289614445
95,1000,-0.316590021329942,0.260323559836763,9.77994873008981,634.510070365066,115.810286231385,-264.568282293959
105,1000,-0.316274275000509,0.26028343227349,9.77998222470311,621.963006806302,105.191409517204,-260.00645023289
115,999,-0.316440485175595,0.260516642688251,9.78070678009453,626.701660980668,98.1956804737337,-257.119221018943
125,1000,-0.31826458686033,0.259384330877097,9.78072898476208,631.355105542583,100.249122080015,-254.262938782508
135,999,-0.317070863209378,0.261337454091864,9.78197723993755,632.984232267064,94.5451755633134,-258.302083270507
145,1000,-0.316811752632694,0.260941540368547,9.78115568610937,623.922477605768,103.921629495245,-248.24461817182
155,999,-0.315601887344335,0.261205457549061,9.78132383337053,634.011883682529,99.243846497703,-250.654741272021
165,1000,-0.316242154674732,0.260970433405162,9.78171099762395,634.275245116785,89.3503058387546,-256.159121988615
175,999,-0.316281372131802,0.259629343457832,9.78191559757764,648.745924341421,77.8935532490936,-245.043022683203
185,1000,-0.317016542271939,0.260859008614128,9.78136623213717,635.179545223428,70.150470479164,-265.997289927546
195,1000,-0.316820733223027,0.260695008280511,9.78243806013392,648.902327097588,72.7552361849032,-256.626297561134
205,999,-0.315757192755487,0.260620298228166,9.78260753170144,652.485282706807,61.7165096230058,-251.397468732305
215,1000,-0.31423236768704,0.261635256921513,9.78376375383764,652.864170072088,63.4765079273096,-250.470572370294
225,999,-0.316069087215877,0.260915542928631,9.7819583463124,645.790093085455,60.9261917567263,-260.970400442641
235,1000,-0.316049594267372,0.26080240067811,9.7832352866022,637.083751095813,51.507216718593,-251.157595271057
245,999,-0.31602497184504,0.260228737145331,9.78450134389835,643.039423620525,60.7234325609525,-252.85541522842
255,1000,-0.316158790347782,0.261012715488883,9.78345457843118,637.863750288674,56.6542824651979,-248.684312828309
265,999,-0.316280245546601,0.261391649250564,9.78364230849356,640.416987262661,58.0226386290409,-248.866693682446
275,1000,-0.315169332058211,0.260168164808626,9.78379806538023,645.326497807223,58.6558458492979,-244.562175423729
285,999,-0.316119072148058,0.260447877662162,9.78366172915636,637.979923505314,45.405208078406,-247.161171366237
295,1000,-0.315828761839816,0.259702482184428,9.78577429001112,632.588043442216,55.0309376132304,-256.269045652737
305,1000,-0.315969561061639,0.261223447326381,9.78468385807567,624.279526992975,51.1526611775917,-250.168282293958
315,999,-0.316310036178356,0.260080800826383,9.78501142192522,622.566436188151,49.7531016817259,-245.675716445668
325,1000,-0.31649123283141,0.261266541656216,9.78493888859715,607.876267170063,64.5969417768181,-245.386602904645
335,999,-0.315628934052611,0.260408002731597,9.78579168031284,627.792382005585,68.040116384917,-245.098039532113
345,1000,-0.315828739269799,0.260230135983894,9.78516201739832,628.984671522526,68.2210858198381,-241.099580003882
355,999,-0.315313874316066,0.259923168566985,9.78577813446424,628.927938278136,62.0271769206746,-243.309991942538
365,1000,-0.315727931842455,0.260478734102599,9.78684003975004,625.334127484163,71.7980718699746,-249.206450232889
375,999,-0.316513506611334,0.260086640117502,9.78451492648139,610.160523910573,85.3497711901429,-236.212818433151
385,1000,-0.316004497325847,0.260603238135459,9.78651618023154,612.590139613231,82.6130348806776,-245.414083820676
395,999,-0.315260597225764,0.260125551226763,9.78584469983503,632.423935266749,67.0561885359585,-253.900735357709
405,1000,-0.316277762612941,0.259928012639146,9.78659578663533,624.774066257436,76.9394967387404,-239.011030385562
415,999,-0.317158775484783,0.261567643727206,9.78691068855656,604.714689632046,79.1147436834241,-235.910225764146
425,1000,-0.316436145249757,0.259846887277579,9.78704537951822,604.492559093072,70.3762378279118,-241.566755576401
435,1000,-0.316174909434921,0.26099161224609,9.78564849327353,602.84786544356,73.8912800351508,-243.57286244663
445,999,-0.316078490972766,0.2618191934588,9.78629189892865,609.736931468709,81.5007105177537,-229.170661772674
455,1000,-0.316523374194947,0.260369664196188,9.78749162524321,618.62658098937,75.9315760282108,-236.840038019149
465,999,-0.316317451202652,0.261105856896058,9.78712929049506,627.841435519341,63.4079258564017,-242.787331877894
475,1000,-0.315455991085246,0.259658618543328,9.78679421728735,615.735914676446,59.3981790400207,-230.491946416095
485,999,-0.315872310886899,0.260643729919707,9.78637381331032,630.759598229978,69.4243247057038,-229.940897657413
495,1000,-0.31696594546338,0.260565185003138,9.78739439237187,623.318208239579,69.9067518259181,-230.904160156554
505,999,-0.316045745173191,0.260737284956971,9.78600606641184,616.738187674153,61.326397331256,-229.583288139499
515,1000,-0.316131887869426,0.260376925985391,9.78690217318775,608.780599791319,63.0470359643357,-223.51179374434
525,999,-0.317275003729279,0.25955700760294,9.78728027072633,615.775675931866,67.2454287955014,-221.743387169826
535,1000,-0.316412207864328,0.261465074947238,9.78728765809423,608.589695538622,47.2029275798647,-216.449198324493
545,1000,-0.316637989503875,0.260892974470412,9.78780850926059,603.993934222605,23.266046920406,-235.988129622203
555,999,-0.317949975366865,0.261119464805472,9.78633912670639,610.157119271821,33.5727266259714,-222.541131479021
565,1000,-0.317702470328838,0.260217793174301,9.78834716408643,590.945492666202,47.6934766513036,-230.464465500065
575,999,-0.317589961450435,0.261138677758855,9.78739178131293,601.545986863377,52.0468194250917,-223.201333665941
585,1000,-0.317188638220783,0.260807779733886,9.78667453620387,576.872786068462,57.0346721008642,-225.160648706172
595,999,-0.317447457185794,0.262217245809905,9.78718271596797,579.425600696568,57.0921924145088,-214.563688387075
605,1000,-0.316547794748744,0.261371987801744,9.78708590980749,579.733529928703,58.7316365317554,-217.246144889378
615,999,-0.317725426223331,0.261752168979069,9.78668630066907,592.850019241072,54.9677723433107,-219.570221637882
625,1000,-0.317254910101795,0.261674224662638,9.78728573117352,603.594160053466,48.3775297189039,-219.41713725579
635,999,-0.316687595231514,0.260261997055857,9.78656081629936,596.150320678773,58.5563497674862,-233.351942289832
645,1000,-0.317742851756404,0.259897459997209,9.78572537294772,597.364146651572,61.5974922394418,-231.508740309226
655,999,-0.317764716075223,0.261652145435916,9.78764449024425,611.659879771735,51.7835333084352,-221.853420867647
665,1000,-0.318455666973892,0.261011297140319,9.78618578704845,606.513583980494,53.1180322713084,-222.604923515332
675,999,-0.317407326094116,0.260154147105477,9.78680448868304,609.338771217153,59.4829158551912,-221.578336623097
685,1000,-0.317137595960123,0.260830176489683,9.78573351979345,613.193321172859,62.9488593381148,-225.847671606935
695,1000,-0.317536066135822,0.260794913944155,9.78616514530201,632.223846268241,53.7081696960879,-227.633931148921
705,999,-0.316332876864481,0.260072562201849,9.78694941195197,630.123289765489,59.0838228556903,-228.537968010209
715,1000,-0.317015894921358,0.259693646458644,9.78791815952107,622.085668567911,52.6374873610395,-218.977442599302
725,999,-0.317671610570028,0.260454271015546,9.78707440153696,627.587506004257,60.4566277826677,-224.411704341961
735,1000,-0.316943417327758,0.261136042712327,9.78831017166192,629.48042791779,80.2767274596431,-220.324007484798
745,999,-0.317022124179547,0.262172991162104,9.78663878522093,628.821842505291,73.7131632980993,-228.923085952579
755,1000,-0.317605160008915,0.261239633741437,9.78709407342866,625.99036935916,89.2449580360169,-222.522480767241
765,999,-0.318020197104933,0.261604081047485,9.78724356637162,620.01416865936,83.7555137912968,-228.427934312389
775,1000,-0.317163681910746,0.261781802352471,9.78746101201243,622.852086274968,80.4467948350944,-220.269045652737
785,999,-0.316510930155958,0.26171769107121,9.78593375988773,625.209815357506,82.1835236887754,-212.28048915731
795,1000,-0.317368630683976,0.260194363784991,9.78641248426696,615.405749624325,71.447006129268,-222.907213591668
805,999,-0.316884225911173,0.260859310435463,9.78575011662121,608.71120598541,78.9408966089508,-220.945642860632
815,1000,-0.316788711315555,0.261343885867744,9.78611882496071,621.78139912682,84.6924165836994,-230.079732675638
825,1000,-0.316922783629117,0.260655032039336,9.78560755106463,622.525799281608,80.5385053796544,-217.163702141287
835,999,-0.317049321388593,0.261216173166498,9.7857734810371,594.933774341285,77.2596794540255,-222.706182025751
845,1000,-0.315584772373854,0.260791864267542,9.78583618892113,610.913707020492,74.0397972308445,-219.664465500065
855,999,-0.315954673368632,0.261917377163604,9.78578586981146,615.705349350403,88.8071341115659,-212.913182919775
865,1000,-0.317063688264275,0.260655797568609,9.7858077666341,614.820693407858,69.6036704285931,-226.727060919913
875,999,-0.315760971846962,0.260546394412886,9.78455384082543,609.662973510146,62.370155755518,-221.770895594282
885,1000,-0.31578880463106,0.260671704553096,9.78688668040852,611.520295889739,70.409058522952,-212.876679240523
895,999,-0.315277965028848,0.261333920266779,9.7864349141808,593.827198840284,73.242343460998,-221.330760803002
905,1000,-0.315866624508466,0.261159674839983,9.78609558771591,582.080430859925,59.3925034053281,-224.995763209989
915,999,-0.316042457219446,0.261495037475828,9.78653277958993,580.627712078124,57.1876825779768,-217.232005559208
925,1000,-0.316818324722893,0.261783458472533,9.78582687387266,577.444210425806,49.9951762326626,-215.047671606936
935,999,-0.316591083309184,0.261649823638761,9.78497402309488,578.554962048068,28.4021739715979,-213.43584298442
945,1000,-0.316296390288924,0.260590798894936,9.78455564476655,578.497859403961,14.5559426072562,-205.154541835943
955,999,-0.31716886321802,0.260514004675994,9.78446673478179,581.240662152756,32.5863380198091,-214.343620991434
965,1000,-0.317136691818632,0.260860416126022,9.78593427922544,582.673057927403,44.7822432077952,-210.458358629836
975,999,-0.31609019199266,0.259823592959065,9.78477279676724,582.689447591032,57.5272071896317,-209.254562467262
985,1000,-0.316547186059108,0.260004939431354,9.7849444696604,596.956941875635,51.7477367762666,-221.615610538233
995,1000,-0.316601352511783,0.260966384173374,9.7836815823087,588.627401419089,41.3530543809253,-212.766755576401
1005,999,-0.315716665374231,0.260542380705677,9.78464651022183,595.851904731035,36.8436111952831,-211.867862790485
1015,1000,-0.31665174113732,0.260296724361094,9.78406076363599,599.808294300479,45.981844134896,-217.603396797775
1025,999,-0.317136644966072,0.259343227389752,9.78369805684442,596.833152606656,21.8681323308172,-211.427727999205
1035,1000,-0.316480935463693,0.259236865765469,9.78512495430578,591.652085208822,20.9347346328363,-211.722480767241
1045,999,-0.31688401121034,0.260426531844212,9.78440986604746,587.479886694708,23.6728888742837,-215.911601185369
1055,1000,-0.317187856093506,0.261163823270651,9.7854238973656,577.678111380034,47.9725462288018,-213.398816645103
1065,999,-0.31654224583802,0.261081500947256,9.78446927756796,600.633251043982,40.1442292122856,-210.519949992191
1075,1000,-0.317094818664949,0.26108881893068,9.78502821284409,585.233184168692,53.8664665071098,-212.601870080218
1085,999,-0.317275453920177,0.260189876493104,9.78511066732954,582.953400550304,60.2550196815522,-207.081396935317
1095,1000,-0.317210622501889,0.261109438626033,9.78467188885345,591.101727259174,56.4745204289127,-189.105686874111
1105,999,-0.316208032425848,0.261385698377747,9.78359599356072,584.488887642477,58.4300389424,-215.058840027264
1115,1000,-0.31619293179231,0.261175407180577,9.78394547892922,583.872648995352,62.8055447306585,-216.476679240523
1125,999,-0.315844134767295,0.261132470620527,9.78348743864076,582.387517382362,63.4930626998022,-211.400219574751
1135,1000,-0.316919790022692,0.261215805575013,9.78343201806114,600.588619685595,56.0559102666605,-209.331641072584
1145,999,-0.317146698848722,0.261076357813489,9.78427954784646,608.720055279679,41.2076183801516,-218.222308839588
1155,1000,-0.317032211882794,0.260342008031753,9.78395916567414,586.831038252982,48.4203366569405,-201.197289927546
1165,999,-0.317066350589325,0.260558309114249,9.78435704677756,586.18990437187,50.4048293164357,-206.393686323942
1175,1000,-0.316955547418894,0.261053995426145,9.78306736824354,587.706052415514,48.2963627675322,-206.061412064951
1185,1000,-0.317067767022337,0.261233454732847,9.7842315509183,592.869359666412,49.9546457184458,-217.795763209989
1195,999,-0.316962628537922,0.261644657719718,9.78302323182449,584.371526959289,53.3179775549058,-209.144528769442
1205,1000,-0.315250270191083,0.261318690510649,9.78297301093175,598.111971746389,47.3628566976297,-205.429350996249
1215,999,-0.315680439654789,0.260745553339793,9.78418175257407,616.60152383658,55.5290810099152,-207.769107546692
1225,1000,-0.316627016048412,0.260447439113787,9.78258140516682,601.309488514539,76.3432985004137,-209.716373897012
1235,999,-0.316636720230903,0.261366360624874,9.78261831492746,577.16582721056,73.9087161596827,-215.113856876175
1245,1000,-0.316659857628298,0.26130985198228,9.7826469458334,589.532054724839,85.0963479696562,-202.049198324493
1255,999,-0.316081928425514,0.260676602084663,9.7840350825122,597.149781754856,74.6408232760021,-204.000453396359
1265,1000,-0.316150539113911,0.261173626250089,9.78180348153562,581.87848860583,81.7939997033191,-207.462938782508
1275,999,-0.316300825959022,0.260859708392976,9.78236256455249,567.271598649675,76.2340615799267,-199.956715001475
1285,1000,-0.316643015239848,0.261811391756632,9.78199816374696,553.128866209526,68.2109302471772,-200.3453815306
1295,999,-0.316642939873206,0.261535679286578,9.78230476086881,545.837396963042,71.1131385332293,-200.231799246025
1305,1000,-0.317038083725234,0.261849234717607,9.78263586484386,562.503469876603,77.6294476228211,-205.594236492432
1315,999,-0.317643596959846,0.260996088444404,9.78239505309345,548.063370174696,83.9101196229088,-208.154225489062
1325,1000,-0.316144035043339,0.259453040650462,9.78250195163055,543.956998702112,73.3801142894493,-206.446144889378
1335,999,-0.316831866523721,0.260791633596232,9.78140221781725,539.176430677314,62.3019138786876,-206.971363237497
1345,1000,-0.316506598838534,0.261275350714253,9.78221673788719,546.522876616498,70.3371572527527,-207.847671606935
1355,999,-0.316700553306823,0.262028537816246,9.78225346419319,553.764366569013,66.1163527739174,-208.979478222712
1365,1000,-0.317332629288331,0.261261276081879,9.78199708640434,549.777334490433,66.6729151927874,-215.652251759607
1375,1000,-0.317462438238135,0.259799484131074,9.78075401039761,573.435217935451,72.9890747892422,-202.763702141287
1385,999,-0.316604983842201,0.261754134630791,9.78222508806207,579.067157288058,69.4871341787602,-194.647589081662
1395,1000,-0.317843006323551,0.261886264253181,9.78146200617572,586.324141818089,63.6622003596933,-198.916373897011
1405,999,-0.317217222427526,0.261226847033928,9.77970103410797,582.335056987555,72.2611918617096,-203.257725936074
1415,1000,-0.317470843630361,0.261122699717045,9.78250658115941,584.855194257437,66.6635721908649,-202.159121988614
1425,999,-0.316356388394206,0.262249103314952,9.78108942280175,593.75717544947,50.1420369453316,-208.566851855887
1435,1000,-0.316713510341662,0.260785503302912,9.78043609821415,584.216334527903,44.811719155891,-204.220190690905
1445,999,-0.316453700961178,0.260852564321764,9.78049611555782,578.144873092761,52.2234743096249,-201.799779439959
1455,1000,-0.316645341926744,0.260928236058609,9.78143628752011,576.311001904646,59.9676053847038,-216.724007484798
1465,999,-0.316485498738483,0.260433807796364,9.78023106570535,562.674627010036,46.9587033577219,-213.078233466505
1475,1000,-0.317296584696608,0.260387388502196,9.78083344814363,566.468446050507,41.1798332382109,-195.72858763747
1485,999,-0.316448563908063,0.260101931196371,9.7799742796088,555.767304544586,41.5665078684801,-209.419613013991
1495,1000,-0.317011263282892,0.260747291045496,9.78031179094444,577.377513622209,38.3720573386623,-200.262938782508
1505,999,-0.316381471448605,0.261379534335051,9.78049696511746,585.53691609454,28.7975058148263,-200.03924027484
1515,1000,-0.316918438432462,0.261124784945847,9.77998117217059,596.85613168663,36.8959897358136,-209.249198324493
1525,999,-0.316660729714487,0.260616399071689,9.78095325462143,576.321820446118,45.0413060661089,-214.53617996262
1535,1000,-0.315455041241662,0.260086101733027,9.78034944758858,595.009937032603,40.8280887089443,-196.25072504205
1545,999,-0.315410336678733,0.261428902087584,9.78076723088324,582.87688492954,39.6994199277188,-191.649170816068
1555,1000,-0.317542071148779,0.260484253105252,9.77990501873004,578.916011939587,39.3179612400552,-197.075152522966
1565,999,-0.317146855000557,0.260376981326072,9.78018484783476,584.020953950124,28.5712815744501,-195.692909210952
1575,1000,-0.316561395178209,0.260029064753012,9.78096704738016,580.58545559551,35.8399027837033,-199.163702141287
1585,999,-0.316704440109888,0.260995441829706,9.78103528308902,582.101478904674,25.2933083709316,-191.649170816068
1595,1000,-0.317066356640763,0.261037022750698,9.77995940449022,596.768674266381,19.0729423107992,-196.168282293958
1605,999,-0.316950642782757,0.260857672791209,9.780699684753,583.724893799366,35.6213811533332,-196.765737764696
1615,1000,-0.316321590038437,0.260275495432748,9.78022571735353,585.646201051974,37.9431665518329,-214.553015118386
1625,1000,-0.316701895785275,0.260874797757583,9.77946975039323,578.995625088425,31.3426645362742,-207.737747942813
1635,999,-0.317224267946789,0.25934013744132,9.78101122398222,594.991005625751,16.0417486101278,-207.879141244512
1645,1000,-0.317093805089124,0.260858384883854,9.77702706246993,577.224084570304,30.0095401174789,-203.340801377928
1655,999,-0.317696276486676,0.260364047208821,9.77948443829121,569.09302205257,18.8786287377822,-194.289979563747
1665,1000,-0.317270966981989,0.260113028383412,9.77895750897923,588.761615827993,33.2505459682868,-195.343854813042
1675,999,-0.316557393882916,0.26019114402885,9.77912539340874,574.527674779305,30.1095727590068,-205.375874619108
1685,1000,-0.317535533829493,0.261348436481402,9.77946355554398,569.532989709984,37.2351966040939,-202.653778477164
1695,999,-0.31712856466526,0.260243330676544,9.77986983904925,564.637684345243,30.5237172569063,-208.044191791242
1705,1000,-0.317048861062293,0.260109962624382,9.77966257014186,572.083659334168,30.0750742692586,-199.32858763747
1715,999,-0.316804436659391,0.261068826363871,9.77733826781808,578.254870150396,28.8077353545357,-189.558530557489
1725,1000,-0.318085618388819,0.26034666612371,9.778758672995,581.045956427506,20.6659216333194,-186.549961683271
1735,999,-0.317191078549985,0.260327742895212,9.77867590246079,585.049636919819,24.6490358691596,-186.91772180981
1745,1000,-0.316739374094885,0.259795462417131,9.77946950099638,584.450174725843,36.5142689938138,-191.056831912279
1755,999,-0.317000412144784,0.259839707022701,9.77635366213508,581.362108749983,37.1308884909633,-190.823918082419
1765,1000,-0.316121902889369,0.260108448543608,9.77724638181395,577.598374395874,42.7764372849309,-192.1560685535
1775,999,-0.316273027149773,0.26061422621716,9.7767557590564,563.197872447117,53.1617861365455,-195.280282844127
1785,1000,-0.316844517057234,0.2607761265968,9.77721793922883,559.895002854076,42.7875541208625,-199.383549469531
1795,999,-0.317063729106412,0.259917798183736,9.77688659344508,580.809014635968,44.1808792544752,-196.435636671237
1805,1000,-0.316588873116747,0.260157446202368,9.77715811909081,573.731579850463,36.9630311164807,-204.055305194722
1815,999,-0.317172074406051,0.259680400457876,9.77599298061773,571.022139232862,37.7626261470904,-198.168667411901
1825,1000,-0.317151416874556,0.260975976865583,9.77715905071665,569.021708431057,46.4406385342127,-195.948434965714
1835,999,-0.317627077166702,0.260149193676536,9.77753942839888,574.96475103483,32.299101030791,-195.500350239767
1845,1000,-0.318595931534389,0.260305441516641,9.77730589364281,567.687259091421,32.1052134447225,-187.209503668004
1855,999,-0.317490792154575,0.2601770181287,9.77735051257527,560.613065797981,29.6858771468776,-188.40317673038
1865,1000,-0.317896752844551,0.25967809587476,9.77642005144091,565.813036091413,36.2279894367783,-189.435457866477
1875,999,-0.316924684645251,0.260221655822251,9.77557088267422,576.659292726884,44.1944485554259,-188.678260974929
1885,1000,-0.317698530895078,0.259023245890468,9.77618572350688,570.237062984765,51.3812584049668,-197.817137255791
1895,999,-0.317965714210787,0.260379834328877,9.77696173981884,572.638656162909,48.3540287351374,-194.014895319197
1905,1000,-0.317335793943621,0.259948411373669,9.77482124394336,562.631499653012,48.1572896516487,-189.435457866478
1915,999,-0.317538162683754,0.259047487280413,9.77546144660818,577.340470773897,35.4143283248697,-185.98243537834
1925,1000,-0.319099399727238,0.260319214275516,9.77612186356036,575.669329565532,45.505069247062,-191.194236492432
1935,1000,-0.317241040279553,0.259519918671861,9.77562763784136,561.497986780706,57.8312520943958,-196.25072504205
1945,999,-0.317750577528188,0.259340708348811,9.77563143645497,568.262097597701,59.5651202822176,-191.896746636163
1955,1000,-0.317913490281039,0.260681337540094,9.77510823375506,577.99702073244,57.4937410227998,-204.165228858844
1965,999,-0.31824590567283,0.260027867977701,9.77586623075092,556.116179925022,51.643383812606,-201.524695195409
1975,1000,-0.318789615614027,0.260159430634024,9.77532338567006,568.435550548425,60.984562718705,-195.178969316859
1985,999,-0.318221973354161,0.259958744936829,9.77453600481104,562.359897119563,69.2023295506924,-185.184691069146
1995,1000,-0.318395351382311,0.260431827925169,9.77488223501133,556.856141468176,56.3255081669874,-190.891946416096
2005,999,-0.318139430699193,0.259601679998695,9.77363986038027,550.062762329609,43.0899159227981,-187.63294084564
2015,1000,-0.31743687290525,0.25967794430622,9.77456064344238,534.594908286605,41.7548050504781,-188.06141206495
2025,999,-0.318459735936257,0.259981227693754,9.77440011801327,528.831463530801,54.4882661298369,-188.07307563692
2035,1000,-0.318267847913331,0.260423610039011,9.77542378706537,530.347043952432,62.9943245171718,-195.618663973348
2045,999,-0.318388622029916,0.259774902375642,9.77338197056002,536.238264578669,67.9032348036055,-189.145904190664
2055,1000,-0.319144873162493,0.259967498720266,9.77361390908028,548.816908809757,78.0298973361959,-189.105686874111
2065,999,-0.318644712952511,0.260531499598,9.77372721837309,543.71038169718,63.4724606435216,-194.455030110477
2075,1000,-0.318937706924841,0.260168540178856,9.77357438083827,539.225083041663,64.2464499565439,-188.5560685535
2085,999,-0.318322898783742,0.260253449482214,9.77553732829769,541.899437665387,44.6658380131417,-197.893583167351
2095,1000,-0.318321871152682,0.260175975295307,9.77378018804023,540.880353668127,56.4244689735032,-190.919427332126
2105,999,-0.318417828949479,0.25979445202844,9.77359726246757,542.982848473108,57.3118689199657,-182.406340199192
2115,1000,-0.317835922935164,0.260457260076437,9.77443646078277,539.148974362474,54.942203601005,-181.191183057317
2125,999,-0.318311340805938,0.260004448874285,9.77415834227275,540.79336156036,49.8317175800951,-195.280282844127
2135,1000,-0.318294452497224,0.261179748519369,9.77392387398737,537.612782555815,59.4645492278057,-185.890419698539
2145,999,-0.318364209339162,0.260859145617665,9.77267039048084,557.172088389476,53.7514981061297,-189.310954737394
2155,1000,-0.3173473740359,0.260238583420332,9.77432268317406,551.974196588111,51.1305854092285,-188.913320461898
2165,999,-0.318745889785858,0.260336722494323,9.77291484784211,552.511193329503,59.4912346152248,-187.440381874455
2175,1000,-0.317650616451783,0.260042519220171,9.77306004387263,567.939915750055,48.0105661114894,-182.427824278691
2185,999,-0.318584754302516,0.260476459862303,9.77374067517242,555.012565690977,55.4013397163675,-181.085935825353
2195,1000,-0.318291803986046,0.261203941125135,9.77382277449805,550.597058675442,56.4335118100139,-177.096526568767
2205,999,-0.318858778032501,0.260247024710374,9.77142243851253,562.619445399192,52.0070811967427,-182.818966566017
2215,1000,-0.318171579301548,0.260460490920514,9.77342852962362,560.625903994868,65.031679416125,-185.670572370294
2225,999,-0.31732554460404,0.261218521784429,9.77324484981609,561.216730096768,60.2344452985999,-184.551997306681
2235,1000,-0.317959248568053,0.260438137738636,9.77224845434225,533.931721263931,65.8035416790882,-177.591183057317
2245,999,-0.31839023791005,0.261042810657875,9.77268475437875,541.53504793321,60.3221255998039,-191.099002326968
2255,1000,-0.318556371798195,0.259638832018436,9.77126671229024,549.469574355311,63.0073864037476,-195.20645023289
2265,999,-0.318898186564244,0.260601320753311,9.77174625033655,548.95876620359,46.5795745663165,-181.250986372082
2275,1000,-0.319092071940568,0.260832799263206,9.77218899160177,563.869943315645,54.8815838881092,-191.359121988615
2285,999,-0.318391118040956,0.259685707197553,9.77201227958077,559.195527651859,44.1791245809231,-181.003410551988
2295,1000,-0.318958611008301,0.260129678810675,9.77183553668964,555.85239712692,44.6135994862076,-185.011030385561
2305,1000,-0.319228915940866,0.259525504222168,9.77235723301955,563.954915392935,54.8922706951088,-186.98965633976
2315,999,-0.317812044977365,0.259853246174382,9.77248772318366,561.822852737177,50.6091344510178,-184.992132097961
2325,1000,-0.318967931081375,0.259608591823312,9.77293759910562,553.31511199207,38.3000937926615,-181.301106721439
2335,999,-0.319334851028561,0.261200033080767,9.77265072206597,546.695409496781,49.4408649779293,-183.369135055116
2345,1000,-0.318948070711566,0.260695851897171,9.77013316822482,558.735710949736,44.999485728092,-180.586602904645
2355,999,-0.318186205610897,0.260410237853061,9.77204650741214,576.931731586093,24.729367196832,-171.733071510656
2365,1000,-0.3181991197561,0.260122801501512,9.77163464416564,557.834214012642,46.3014446752979,-181.383549469531
2375,999,-0.320069938327009,0.259266210094065,9.77097587232429,547.403584746546,50.4848660715172,-168.129467907052
2385,1000,-0.318260051793085,0.259363573675678,9.77045109120699,577.028589236737,34.5231773202031,-183.417137255791
2395,999,-0.318792347138469,0.25962913938047,9.77239197024122,578.21569099342,49.0631609128,-178.802736595588
2405,1000,-0.317940732027852,0.259771553267205,9.77044509934438,570.810872923337,38.1052617392874,-176.601870080218
2415,999,-0.317872300215459,0.260113010769551,9.77030443419089,583.289670813703,41.1536630658504,-173.988762315965
2425,1000,-0.319348834349175,0.259459747049537,9.77021357943009,561.918297433626,19.8701424688358,-170.253778477164
2435,999,-0.318313290260857,0.258822060872635,9.7710438475814,572.683079941339,40.7744432763804,-161.88505555577
2445,1000,-0.318445172831186,0.259332873065909,9.77113671089354,557.486730783018,37.5659788093485,-170.501106721439
2455,999,-0.317973687476169,0.260203852181086,9.77063492564066,566.042202530985,40.4335285523429,-172.448290546486
2465,1000,-0.318025445737332,0.258709332918058,9.77002870847458,568.902169745307,26.0788474031506,-170.253778477165
2475,999,-0.317594297426716,0.259882675481287,9.77181198794947,562.780292569527,30.4077072824111,-167.304215173403
2485,1000,-0.31884112649473,0.258901821074306,9.77098190853067,549.769177958235,21.2881790893702,-180.531641072584
2495,999,-0.318358011556464,0.259423419054101,9.77066659245836,536.210093572529,31.4807481265923,-171.788088359566
2505,1000,-0.318247364628706,0.2596482381401,9.76851374365876,549.206878885218,30.849028511661,-171.545381530599
2515,999,-0.317595668280265,0.260209899963953,9.76973524614893,539.379995713215,35.4678266151414,-175.831826754449
2525,1000,-0.317924036770467,0.259412020970648,9.76938422442777,541.80498573252,21.3117498283481,-171.682786110752
2535,999,-0.318142844456752,0.259710041244299,9.7684756052467,534.772829682113,20.08971937166,-169.147279611887
2545,1000,-0.31798141256818,0.257850010769369,9.76846158560278,535.932395476883,19.8233529379268,-172.040038019149
2555,999,-0.318565027326699,0.260136734782105,9.76912328114335,537.908394047268,23.329061981841,-168.817178518427
2565,1000,-0.318647786447414,0.25835471290109,9.76898289629338,519.303612196894,26.5839460496098,-172.369809011515
2575,999,-0.317938519393526,0.260327782697862,9.76803559100962,532.504356021964,37.4527210596141,-181.471053767722
2585,1000,-0.317907630777143,0.259164556446947,9.76862838333618,530.916197696062,27.317376918167,-174.843091454264
2595,999,-0.317357380194465,0.258920907647616,9.76855838076511,531.172658804995,37.7936052269985,-165.351117037098
2605,1000,-0.31911385986395,0.260565729969577,9.76932621388462,530.480574451476,34.4100218247555,-177.288892980981
2615,999,-0.318418840540123,0.260478425431664,9.76984784822796,526.868680987517,27.0713928426207,-176.492028941369
2625,1000,-0.318559286980316,0.259305836375314,9.76980318667331,536.371388477073,42.3268611741207,-173.716373897012
2635,999,-0.318558965014218,0.259581382489815,9.76901021173351,547.862566426555,25.3400202146184,-170.742768230276
2645,1000,-0.318440343766446,0.25957121255006,9.76884040264448,548.786254828852,26.0257207141211,-181.768282293958
2655,999,-0.318793319494777,0.26029894791996,9.76860255533714,533.93319709512,21.7330174000175,-169.945023921081
2665,1000,-0.318177093791501,0.260176898991647,9.77018775719689,541.288835242976,20.0001238182983,-169.621717408462
2675,999,-0.318449146323925,0.260545643959502,9.76811909938335,545.70124263844,25.6254949058831,-174.814015049615
2685,1000,-0.318989962629275,0.260230266028543,9.76813591919264,531.716208500835,32.2345768606261,-176.162175423729
2695,999,-0.318409934876178,0.260035487233321,9.7683457022317,535.213812719221,32.4215215246268,-172.228223150846
2705,1000,-0.319070807955636,0.260553397911883,9.76811315007419,537.654378593256,23.6946992741393,-171.765228858844
2715,999,-0.316711548670602,0.260020013454586,9.76797764794904,545.094108098582,22.038376468033,-168.239501604872
2725,1000,-0.317695620095549,0.259142758772988,9.7676221745887,538.150591837029,32.7003702497718,-179.240038019149
2735,999,-0.3184218984285,0.260123450578362,9.76712895363911,535.982917181994,38.7811993840558,-180.178157818338
2745,1000,-0.318646276053945,0.260085168537442,9.76721095076128,513.915865540866,30.4370531119494,-176.904160156554
2755,999,-0.318510983348831,0.259882502351254,9.76751929594871,517.572306112967,27.0917779780744,-181.058427400897
2765,1000,-0.317783937293678,0.25981633142193,9.7669077104593,518.801692197587,16.6218715473124,-166.351488400829
2775,999,-0.318200776973249,0.259786876602398,9.76804543000628,536.611588851809,11.4647013498176,-169.642431252077
2785,1000,-0.318447326759006,0.259830127234656,9.76646339675613,527.985625716695,29.1243562315559,-170.418663973348
2795,999,-0.319807561741647,0.260706954780192,9.76819201045911,527.602179959833,32.6705404898913,-173.19101800677
2805,1000,-0.317813819071076,0.259421874549923,9.76825438805408,539.509854960489,34.4904267016305,-172.259885347393
2815,999,-0.318323050610829,0.259939779175894,9.7673986884582,540.772214626602,42.2227928479645,-170.220108165632
2825,1000,-0.318469550257343,0.259811206757369,9.76741400605696,531.583499091434,39.0650943387029,-179.679732675638
2835,999,-0.318038650566785,0.259333945590276,9.76559833492568,522.500683896628,42.012822742538,-177.317281675019
2845,1000,-0.318221720441625,0.259377487110214,9.76662826862022,523.769577944921,41.4894772326504,-174.046144889378
2855,1000,-0.318074605734909,0.259374743110409,9.76696470971434,534.895196974186,32.7214339486663,-180.641564736707
2865,999,-0.317833751340158,0.260035907724471,9.7669106155557,512.779646449078,55.3045965948121,-177.454823797294
2875,1000,-0.318359393420457,0.259257757729845,9.76622013661008,527.055025486476,46.8467230049171,-168.98965633976
2885,999,-0.318003972550348,0.261024737860584,9.76664197399766,545.203481773938,44.2907996352734,-173.658661222505
2895,1000,-0.319374171984793,0.260122338155018,9.76725454761023,541.138898937144,52.5394557155784,-171.985076187088
2905,999,-0.31809364546205,0.259564931370648,9.76573465584882,538.408116565423,72.1735820123555,-163.453035749704
2915,1000,-0.319516053921573,0.259830678850639,9.76499673385563,517.35430871101,73.5484218799952,-175.832404431363
2925,999,-0.319672435859545,0.259238258375854,9.76599590207585,511.813171645912,76.14177542017,-176.767113185919
2935,1000,-0.317800532017443,0.260178414275271,9.76466876657623,522.216496602693,54.747678440521,-171.957595271058
2945,999,-0.318652286848836,0.259761688106228,9.76509635417894,516.10452555381,55.8518516463785,-182.873983414927
2955,1000,-0.31905986851853,0.2602904015287,9.76574547694635,519.00738727321,62.5624182096992,-163.988129622203
2965,999,-0.317728032735645,0.260060413847073,9.76504042939716,523.747553311836,56.05989750193,-185.542300587061
2975,1000,-0.31863258287013,0.259475480380957,9.76744242031955,518.947858822742,73.0221147300332,-175.530114355027
2985,999,-0.318935960197989,0.259154816176098,9.76554644555396,524.3192052823,58.9551237995823,-178.720211322224
2995,1000,-0.31899999648086,0.259751624258289,9.76643154481574,532.376171828373,42.1068341833746,-167.505686874111
3005,999,-0.318377059567635,0.259743061634559,9.76513387651621,520.992353396617,41.7167210701428,-174.40138868279
3015,1000,-0.318064069949742,0.260824224638188,9.76708546772134,521.865635726515,54.4037466788912,-161.130114355027
3025,999,-0.319000132346776,0.25988753258632,9.76480810797561,524.343254498447,53.3911572580104,-161.44492076449
3035,1000,-0.318637660291956,0.26077796708339,9.76541797704958,531.402790845068,55.4597071172481,-172.507213591669
3045,999,-0.319196708245588,0.260591777148489,9.76541035152847,518.325803777896,40.728908850464,-167.194181475583
3055,1000,-0.3183993879432,0.259517986978186,9.76675770449547,522.263536914944,42.8555725423163,-170.226297561134
3065,999,-0.318494917491859,0.260346182458176,9.7659473641525,517.619864275824,42.2712514180074,-165.873777101743
3075,1000,-0.31868804228398,0.259734835009858,9.76464872805168,523.900490702077,48.2446666671556,-163.383549469531
3085,999,-0.318868783530508,0.260006508595835,9.7654589876801,530.268346218197,59.1861577151334,-169.559905978712
3095,1000,-0.319373431477285,0.259632930886963,9.76555544794929,526.10150905925,41.2324963474169,-161.487366263424
3105,999,-0.318837385564607,0.260769845407246,9.76574667844642,541.702432013784,37.4092247055424,-170.550209259092
3115,1000,-0.318429671411103,0.260502820160135,9.76625149485818,526.230035902962,37.5612849376596,-167.753015118386
3125,999,-0.319299336790337,0.259433989810045,9.76475711319469,517.663201266286,62.4779027548089,-175.666776207719
3135,1000,-0.318429466599415,0.259573665511392,9.76425924304564,521.156072606241,54.5127478151594,-180.916373897012
3145,999,-0.318337684047108,0.259627259713757,9.76579448590407,525.5669917269,56.9687878623622,-180.343208365068
3155,1000,-0.319387799734014,0.259890339513753,9.76587193306514,525.051419202143,54.5598498335707,-183.032404431363
3165,999,-0.319695118702562,0.260262864929598,9.76596558898885,519.312871649286,56.1912988147993,-173.933745467055
3175,1000,-0.32022319575075,0.259778352493012,9.76474086473166,534.476718361044,59.4019433823908,-164.86751893518
3185,999,-0.318759107805502,0.259859615079017,9.76512349455902,541.003056385329,49.9094915259318,-169.614922827622
3195,1000,-0.319040688745027,0.258566354679994,9.7660801472054,524.512319331838,44.3309031541029,-166.241564736706
3205,999,-0.319495870747662,0.259484374129357,9.76577073253982,524.748930129165,52.3391551826982,-167.854383662503
3215,1000,-0.319403640488935,0.25882758159555,9.76458516771876,520.01722962004,57.3494230710924,-178.800343362661
3225,999,-0.320155185983398,0.259047032941588,9.76476643337726,525.284820657131,52.3479483590731,-168.597111122787
3235,1000,-0.318947347498447,0.25932308577633,9.76532314435166,529.888371923288,36.5848455058484,-167.615610538233
3245,999,-0.318816637258479,0.259533725006452,9.76524225517121,532.399471689269,41.8702915758419,-173.79620334478
3255,1000,-0.319793082200396,0.259840452469215,9.76542089629701,534.594212445555,37.4077656611378,-170.885839545867
3265,999,-0.319459122991438,0.259827427703979,9.76390818228726,540.534093354188,38.2238356650754,-166.836571957668
3275,1000,-0.319524282204796,0.260513977786161,9.76385592850795,542.475036973753,44.1073413683705,-167.368282293958
3285,999,-0.319088009438333,0.261241690325754,9.76405791611269,526.831422141493,53.0128396703783,-168.514585849422
3295,1000,-0.320595815009525,0.260812529544014,9.76365222948082,519.941948363101,52.1199060219344,-173.826297561134
3305,999,-0.320487703278199,0.260775653479648,9.76351445435368,521.606895009783,35.6566775243443,-167.001622504398
3315,1000,-0.32014316051753,0.260658225762433,9.76224822115724,534.96876809873,44.9120773170177,-170.391183057317
3325,999,-0.319360272561726,0.260218185807163,9.763637146162,529.0043432116,39.1369129653852,-159.601856326006
3335,1000,-0.319713909150229,0.260365306497485,9.76357379171029,521.566609506168,33.3212922630814,-165.499580003882
3345,999,-0.318633827625938,0.260736862310746,9.76290778725438,521.063406432784,36.9828115123053,-173.52111910023
3355,1000,-0.31988567272056,0.260503213920578,9.76245538504485,510.939841641731,31.8404534432604,-160.745381530599
3365,999,-0.318326842209081,0.259742381672318,9.76268392085079,525.381489185988,45.6986990224543,-173.52111910023
3375,1000,-0.318970648740571,0.258884670054986,9.7624020853759,517.893603431952,37.7158405658632,-177.041564736706
3385,999,-0.32034256572839,0.260067299966923,9.76406506434971,528.701223072513,31.6824317241843,-180.123140969428
3395,1000,-0.319503825496132,0.26005278974361,9.763874380083,524.609504601536,31.1689801654533,-173.469045652737
3405,999,-0.319292687511468,0.261019648054384,9.76326219046023,541.922133817059,52.3392975118597,-181.746138012272
3415,1000,-0.319097265452378,0.260977827405952,9.76349490086844,529.702276760037,44.8086453795224,-167.478205958081
3425,999,-0.319462942759532,0.26143398306805,9.76290081870722,531.762321540662,53.2003936237104,-172.97095061113
3435,1000,-0.319239142575879,0.261480570716058,9.76293731490229,540.781015737581,49.226440849768,-175.117900614569
3445,999,-0.320554847461274,0.260595770479304,9.76317406980606,538.716790752828,44.2501120948391,-165.653709706103
3455,1000,-0.319392788400136,0.26008798096026,9.76428417395244,537.167529825411,56.5798931621565,-178.333167790142
3465,999,-0.319708525604571,0.261718767291714,9.76344048289215,532.787340639087,47.5936748814698,-172.090681028571
3475,1000,-0.319956015808544,0.260592141235621,9.76228889961101,530.078262120651,28.8251959031406,-160.937747942814
3485,999,-0.318542563786566,0.259851047024881,9.76114595024114,520.754679494417,16.4375075030676,-175.914352027814
3495,1000,-0.319362685394094,0.26044611433842,9.76211990990707,530.041107250885,22.5639867288135,-168.742328095485
3505,999,-0.320651238898456,0.260995539968246,9.7625124463404,536.055828182726,41.4637724176791,-168.184484755962
3515,1000,-0.320290445140556,0.259900641052148,9.76294508590718,529.18430474642,35.3487486426062,-167.560648706172
3525,999,-0.319414916363558,0.259977495730866,9.76230787314748,545.151882541791,29.7729434570953,-163.315493627429
3535,1000,-0.320146155225952,0.260751917113279,9.7626928621261,547.914313267569,17.9059602802179,-175.887366263424
3545,999,-0.319258418146061,0.259830366665618,9.76266027336907,552.699423481612,41.3805521019855,-167.194181475583
3555,1000,-0.319639009400973,0.26000554720389,9.76286565113808,559.199262624397,21.0852920647975,-164.070572370294
3565,999,-0.31935160659495,0.260280366901922,9.76228384038144,556.763507942197,23.2936875270227,-165.406133886008
3575,1000,-0.319177038567249,0.258826254047829,9.7628604478785,543.571344964808,4.30586941354167,-169.236984584035
3585,999,-0.320034745798494,0.261108688261073,9.76218605897757,547.38544085217,20.098006929299,-173.328560129045
3595,1000,-0.320450990119094,0.260735312231083,9.7631793202513,549.640989072526,12.2073852198807,-163.026297561134
3605,999,-0.319693620903629,0.260211211687394,9.76378606407518,556.981864782238,-4.31527767746617,-167.029130928853
3615,1000,-0.319293139751548,0.260603415265953,9.76239440793958,542.771440110393,3.4852139465372,-161.542328095485
3625,999,-0.319834815023366,0.260977184268623,9.76247948729926,544.235286741904,9.18994142413489,-165.323608612644
3635,1000,-0.319562862245076,0.260005130060788,9.76260884440612,545.522293285768,20.6044885593531,-163.053778477164
3645,999,-0.320386023395432,0.259909196851594,9.76264792115614,562.153697816857,25.6101216093304,-157.126098125057
3655,1000,-0.319797986009357,0.260288430629225,9.76346931973696,565.819781384334,35.5891924282627,-154.149961683271
3665,999,-0.320639605161034,0.260141406250866,9.76159113557402,554.845412320087,37.0051277016691,-159.821923721645
3675,1000,-0.320789358135956,0.259875974968787,9.76249481107321,558.050484286684,42.1575854431346,-161.212557103119
3685,999,-0.320029610307315,0.260382979498989,9.76234852170751,556.277342158589,49.8048667120462,-164.415830605629
3695,1000,-0.320984904464557,0.259911263564195,9.76240977123908,567.94025289104,36.2512656288743,-163.273625805409
3705,999,-0.320091880454941,0.260065543175701,9.76244128382337,543.694331993006,38.1120957442902,-176.464520516914
3715,1000,-0.320424852990417,0.258397770435871,9.76218601281603,531.25458372597,40.5158743452642,-178.085839545867
3725,999,-0.319218430757571,0.259327668154236,9.76182660866031,544.544903655386,30.508008505629,-172.915933762221
3735,1000,-0.320218771034791,0.260449849626429,9.76388724804025,548.673914016916,27.9262873269736,-165.252251759608
3745,999,-0.319733882643819,0.261325762129571,9.76232714593845,555.137419621122,21.014855042734,-171.485495690561
3755,1000,-0.321121184447506,0.260803266206447,9.76193950534805,541.24433069066,30.6165990611014,-166.763702141286
3765,999,-0.320626944301442,0.260037009446507,9.76175848186862,543.515236151328,43.4538485859776,-166.286403468568
3775,1000,-0.32131038910014,0.260651873138551,9.76207508714325,536.316694363847,40.1570108797626,-166.159121988615
3785,999,-0.321472386379897,0.26018922325642,9.76205617637404,542.893450304185,39.1224641693057,-169.037245914067
3795,1000,-0.320874138218883,0.259670845616627,9.7619509663035,536.77676095502,29.2921187112105,-168.220190690905
3805,999,-0.320728639873556,0.260326629650374,9.76186884192218,548.46132327242,21.8129069488999,-181.113444249807
3815,1000,-0.319491736205399,0.260439425376174,9.76174585933647,544.440242994721,21.9563945733529,-179.29499985121
3825,999,-0.321046106027268,0.25949644779628,9.76079051232822,542.765443910298,7.03318153862301,-174.56643922952
3835,1000,-0.321012337527287,0.260477251583271,9.76110595342152,547.360079570863,22.7435080813476,-167.120954049683
3845,999,-0.320877064095787,0.26054070849521,9.76048968075871,543.810916751113,37.0179920657557,-160.56465118193
3855,1000,-0.321066466747747,0.260761775114739,9.76152464534942,544.118549714024,40.3126835811327,-183.499580003882
3865,999,-0.31997810066622,0.259930305619411,9.76250282850293,552.768737369403,19.8526591590471,-173.163509582315
3875,1000,-0.320625193441855,0.259273720183411,9.76320966035281,573.157877738515,27.4506346791804,-174.898053286325
3885,999,-0.320688997827269,0.259661848080611,9.76230795659783,565.401625389856,31.477056171971,-176.794621610374
3895,1000,-0.320967564535169,0.258947145390084,9.76279777315785,543.658080358953,28.2719315870056,-181.108740309226
3905,999,-0.320963611513182,0.258731029169109,9.76198074671929,568.528547149599,35.123038705865,-169.752464949897
3915,1000,-0.320493502718,0.259161112989643,9.76199752594012,558.906127167154,32.9495359370738,-176.244618171821
3925,999,-0.320780011477396,0.258988652190333,9.76316864179583,565.154981634605,35.7174682709335,-182.626407594832
3935,1000,-0.320884563894567,0.259822208760294,9.762593214418,556.921953396715,17.5069859504392,-179.185076187088
3945,999,-0.320829403107129,0.259279341977433,9.76230429553202,547.764120339771,23.5549421561524,-176.271961545729
3955,1000,-0.321089640890497,0.259582604663246,9.76275098762688,546.528451393974,22.8743323491261,-169.099580003882
3965,999,-0.321055691990355,0.260044866140745,9.76345090136715,555.821365119719,19.5885436081259,-171.843105208476
3975,1000,-0.320846828550173,0.260310407921039,9.76167080629498,554.223573030687,15.5185529355895,-185.917900614569
3985,999,-0.321240859142004,0.259642919616854,9.76226899770972,541.12294974608,19.5148704679479,-179.187854537958
3995,1000,-0.322562837751318,0.26024389166779,9.761335634224,539.078153959328,15.3991053054588,-170.775915881745
4005,999,-0.321795354801474,0.259972468552921,9.76151536181936,527.429121391167,25.7308440079156,-167.166673051128
4015,1000,-0.320642171504153,0.260416395468942,9.76221284236744,517.968966124913,27.8224206815964,-175.007976950447
4025,999,-0.320964369053465,0.25933007629753,9.76253422273691,536.785630712218,13.4314524049952,-181.718629587817
4035,1000,-0.320851766573553,0.260279336199404,9.76300128459253,564.848535035797,17.7457710769916,-183.032404431363
4045,999,-0.321858857639443,0.259374884011597,9.76190357303823,552.687374338257,7.62702405704331,-181.856171710092
4055,1000,-0.321336929015069,0.259311925629954,9.76230994248181,564.557075529941,-4.2342278151094,-178.498053286325
4065,999,-0.321678806748737,0.260353027499085,9.76141358958953,545.251791679807,8.24920181310461,-172.943442186676
4075,1000,-0.320597905705723,0.260215577799804,9.76269232700722,528.732128833593,12.574161535539,-178.25072504205
4085,999,-0.321171377744388,0.260623775768167,9.76240685824549,533.258271537872,12.237249511746,-170.632734532456
4095,1000,-0.321510407391762,0.260201719539715,9.76311585832413,535.075029654139,26.3884623185729,-175.255305194722
4105,999,-0.320139870517125,0.260368498468531,9.76278626862947,539.78611118198,39.5270224303412,-172.97095061113
4115,1000,-0.3218742663617,0.260468274159328,9.7621186997525,539.363070707318,36.5552399858279,-166.104160156554
4125,999,-0.321057739530563,0.260102543086452,9.76333413550896,548.325979947832,39.7435496209114,-163.810645267619
4135,1000,-0.320762547900738,0.260135147819057,9.76263033184991,571.419478006562,27.2165161722035,-174.513320461897
4145,1000,-0.321449978160946,0.25979090449554,9.76367014393954,553.980691083436,32.7317362902501,-181.658358629836
4155,999,-0.320830703625915,0.259226937746188,9.76358874952789,562.365819802296,19.5952363681854,-175.089099294164
4165,1000,-0.321372408387722,0.259540747383056,9.76296248646092,557.832997471168,28.7153969918768,-178.470572370294
4175,999,-0.320619126707233,0.259609746566145,9.76346735508748,556.729478881289,15.9076401305236,-168.487077424967
4185,1000,-0.321433897281105,0.259050763910224,9.76438636472814,560.625546495028,13.6186813465987,-171.902633438997
4195,999,-0.321527526799616,0.259862117691871,9.76348264765296,556.457984789525,12.7442943468686,-181.526070616632
4205,1000,-0.321261603889315,0.260002316734794,9.76406331376655,548.156222670328,27.8468972009134,-180.064465500065
4215,999,-0.321396753501648,0.260085574593601,9.76198169635838,552.02928253393,17.1364425611749,-176.244453121274
4225,1000,-0.321236956038829,0.259155754086437,9.76325302601384,547.334572916265,28.3015127713005,-179.899580003882
4235,999,-0.320251261078312,0.259741758511945,9.76367426946255,541.613441743374,21.7394500741908,-187.495398723365
4245,1000,-0.320528010007896,0.259435721673805,9.76283468658401,547.616387321152,19.8763094385332,-178.717900614569
4255,999,-0.321186384552614,0.258581317617591,9.76326430116275,556.574524309184,46.140140777213,-180.508258911797
4265,1000,-0.320917687848609,0.259481818141826,9.76251658192257,553.01219998888,44.1681629356618,-176.327060919912
4275,999,-0.321558623068579,0.259163464393134,9.76311750086498,553.327161408927,18.0713324483483,-173.053475884496
4285,1000,-0.320386680097281,0.258953231548028,9.76176584181772,561.781161595383,13.0783493974282,-170.473625805409
4295,999,-0.321427932114207,0.258934587085863,9.76366312912304,551.46697083051,25.4551959503703,-171.292936719376
4305,1000,-0.321224444685557,0.259000205305663,9.76277652136442,551.06694799778,9.46086018460918,-176.024770843577
4315,999,-0.320944241560164,0.259384010913232,9.76277490686367,567.543604254392,7.69822272831037,-171.017852474826
4325,1000,-0.321321219751488,0.259874074161242,9.76235446104978,577.127839962714,12.191267123562,-173.60645023289
4335,999,-0.321557886640354,0.259677626628527,9.76275029934427,566.682242017731,32.3396787930044,-169.339838583072
4345,1000,-0.320863618403529,0.260085229388479,9.76265751709676,568.254961579107,31.3189963642022,-174.12858763747
4355,999,-0.321058362352954,0.259237295358238,9.76252406638449,557.159530609429,36.1465668257355,-173.933745467055
4365,1000,-0.321197444301588,0.258762966489264,9.76280089734871,556.157099003656,33.5439868124047,-166.846144889378
4375,999,-0.320655155587088,0.259804553779727,9.76435319966028,586.253897451854,24.2518711798748,-176.189436272364
4385,1000,-0.320571130358274,0.259311568557227,9.76390384758866,574.484183347573,4.70240466715282,-178.77286244663
4395,999,-0.320182852882837,0.259280861494689,9.76248146963984,556.679923486482,12.1622933699888,-182.929000263836
4405,1000,-0.320174006292064,0.259181742171237,9.76333178498362,562.494250818052,12.1850712872622,-172.369809011516
4415,999,-0.320874853428888,0.259304847907086,9.76415970222715,565.812266624109,12.1122964382897,-178.720211322223
4425,1000,-0.320445554109596,0.258476711042422,9.76439211599826,566.499753686342,16.0831139367141,-184.626297561134
4435,999,-0.319780704605198,0.258906060220962,9.76428479565197,565.563137612193,16.5176931035559,-180.068124120518
4445,1000,-0.321092883209808,0.259678176067461,9.76268230107516,570.724426842872,11.9556353782587,-174.513320461897
4455,999,-0.321004092870844,0.26033769065528,9.76194339048312,555.885808767178,10.6410982591398,-175.969368876724
4465,1000,-0.321333138066769,0.258827361130915,9.76286572501893,561.021996177496,25.1700900331824,-182.207976950447
4475,999,-0.320764478381849,0.259263769691949,9.76293577112836,562.290818391773,18.1545030787891,-181.250986372082
4485,1000,-0.321463874823215,0.25909834941345,9.76312200472492,552.901252488069,28.6462664920601,-181.603396797775
4495,999,-0.322551553810932,0.258927511118038,9.76333326134912,553.110478503616,19.7233760517434,-167.441757295678
4505,1000,-0.321223865918758,0.259508805525992,9.76313764655056,555.679072925201,11.9552880399201,-184.846144889378
4515,999,-0.319980234044504,0.259477471214653,9.76175575722124,561.007136531405,20.0064281341634,-181.746138012272
4525,1000,-0.320360373696909,0.260694667830973,9.7641388124273,559.206339365388,19.4730468669636,-180.586602904645
4535,999,-0.321483213880501,0.259784532431878,9.76347430272306,567.712486992824,12.341780102449,-172.2557315753
4545,1000,-0.320781577980304,0.260084588810806,9.76441059357716,575.485883204601,22.629311030429,-181.795763209989
4555,999,-0.321197904749287,0.260291380958165,9.76395799417353,561.44830690153,15.476703857763,-178.637686048858
4565,1000,-0.320573781212535,0.259845804012038,9.76279718237071,570.991777818315,15.8133558124936,-166.708740309226
4575,999,-0.320466755167316,0.259853252935675,9.76331781811734,573.70708656438,1.26262923007916,-181.030918976442
4585,1000,-0.320186950498957,0.258883525664681,9.76474045004949,578.260675608285,0.477422348472645,-192.568282293958
4595,999,-0.320438377574183,0.258869556000213,9.7648747170368,578.171276071434,-8.88773563308414,-178.170042833123
4605,1000,-0.32023525760435,0.259058586640277,9.76381388930415,578.475207014812,5.44403017187669,-171.930114355027
4615,999,-0.321117469236762,0.259259608663905,9.76460812439652,585.88357426294,15.405066031116,-179.242871386868
4625,1000,-0.321038149034769,0.259451762583968,9.76331292059439,576.923478755562,23.4757765805514,-190.09499985121
4635,999,-0.320098376170269,0.259305031703248,9.76299571888295,568.289043319569,14.1098682027538,-188.155600910285
4645,1000,-0.319971230060367,0.260572819516621,9.7639957108459,558.562798135009,16.8444383581623,-181.905686874111
4655,999,-0.320901997416938,0.259144502381164,9.76367100666087,565.454469190929,21.7704891433737,-180.673309458528
4665,1000,-0.320910814180696,0.259999281553258,9.76403261090858,587.969790806952,6.43598206010892,-178.635457866477
4675,999,-0.318157882406005,0.258963512797172,9.76391323976125,586.633249276195,3.02643116719503,-183.011525537202
4685,1000,-0.320380198807988,0.259262440117591,9.76451758764413,566.761254905321,11.9671935348912,-180.971335729073
4695,999,-0.320856338419271,0.259495647663843,9.76415325196368,544.318620742636,4.63616497005507,-184.386946759951
4705,1000,-0.320362131163311,0.258880722349247,9.76463420887535,558.424527412768,10.680213378058,-165.307213591668
4715,999,-0.321232272990484,0.258912155122161,9.7638102134404,554.488904606995,15.9719682461081,-182.929000263837
4725,1000,-0.320558736230115,0.25873962378031,9.76293877641216,548.840985551594,3.2322356788322,-180.31179374434
4735,999,-0.320467352398744,0.259689475863639,9.76277336854559,567.226511406477,2.72150304884477,-187.63294084564
4745,1000,-0.321029590524284,0.259647673575524,9.76349129099754,571.360451128869,-4.99875464855637,-172.919427332126
4755,999,-0.320892534986836,0.259055160151628,9.76363723930378,569.83134940012,-1.48859214265794,-188.458193579289
4765,1000,-0.321760606458001,0.259765245638594,9.76402969018479,560.058879684134,-0.10596654206333,-182.235457866477
4775,999,-0.321497473954907,0.259260314470935,9.76333874395426,551.657688771308,11.7559781909866,-189.448496859669
4785,1000,-0.320696805874845,0.259685014249568,9.76350738872426,562.047251054775,9.30438489680725,-177.426297561134
4795,999,-0.320935995464865,0.258878080732675,9.76544853037313,568.507325085653,9.66511439955478,-183.231592932842
4805,1000,-0.321002696755679,0.259403125865806,9.76616270460799,576.369383818852,9.12449409192594,-181.740801377928
4815,999,-0.320451432377673,0.259418228198553,9.76290775319433,553.715206874017,11.3888787369192,-185.377250040331
4825,1000,-0.320786010471477,0.259938310679754,9.76401536177581,544.410719022524,5.26337906858722,-193.969809011516
4835,999,-0.320807028227506,0.259732920062337,9.76185904099361,544.091612866792,6.30018657194514,-183.534185601846
4845,1000,-0.321265038745564,0.260160337595943,9.762232272471,556.887008197469,2.73679546279362,-179.569809011516
4855,999,-0.321341388459358,0.260413133644024,9.76238555931188,559.753753612251,-0.386154287759016,-187.24782290327
4865,1000,-0.321243724732412,0.25920879780713,9.76243648182421,550.723193780191,12.9237517899415,-189.353015118385
4875,999,-0.32172341343775,0.259132826556575,9.76181173036635,556.691061642381,-0.678050595403242,-184.882098400141
4885,1000,-0.320595200254861,0.260046613137309,9.76100484839363,548.129341569472,6.76138163772195,-184.461412064951
4895,999,-0.320751710618106,0.259628389964448,9.76431743582067,548.455563560545,-6.47804392044909,-185.844893256066
4905,1000,-0.321119261474796,0.260106344700514,9.76257449207256,562.380998229589,0.697963217004708,-182.812557103119
4915,999,-0.321707380348006,0.259595274019167,9.76350795865562,559.572918758045,-7.23087927998518,-180.975902127532
4925,1000,-0.322212652541137,0.258710188981929,9.76285167960752,566.278901547392,12.1476452331068,-166.598816645104
4935,999,-0.321400167872596,0.260336393177885,9.76351075363767,569.135902385957,6.70672348414229,-182.488865472557
4945,1000,-0.321364819973064,0.260431906503493,9.76328772559916,563.420848999032,6.78507984111271,-183.362175423729
4955,999,-0.319956889667726,0.259987571611508,9.76411305444316,556.288894775368,23.1090250486073,-179.160346113503
4965,1000,-0.321235820489078,0.259207794884543,9.76400726974024,571.250165660955,26.1126754851796,-188.803396797775
4975,999,-0.320977744341725,0.259457990164278,9.76278451678304,570.826446255939,26.5166069942601,-185.81738483161
4985,1000,-0.320632625993037,0.259371693677597,9.76216202193776,564.467607892487,7.88267227145551,-186.440038019149
4995,999,-0.32124634366685,0.260148386504741,9.76395462909567,558.111461879401,4.03683791528649,-178.087517559758
5005,1000,-0.320771542901735,0.259247151298869,9.76371993285126,565.74915295646,-8.38146033101994,-181.548434965714
5015,999,-0.320834636792965,0.260726457743018,9.7631512550351,568.518427917787,-12.740098596348,-187.990550363555
5025,1000,-0.32150521912998,0.259508863204398,9.76328942214171,565.74929194552,-0.0470393102100961,-194.024770843577
5035,999,-0.322080212495963,0.259006036360663,9.76408072226154,567.026322582616,-7.53151702566704,-185.26721634251
5045,1000,-0.321017357959251,0.259124022586699,9.76267763515486,558.991567451934,-8.18565379042099,-180.229350996249
5055,999,-0.320697432268355,0.258691008841731,9.76363232106216,540.841194484007,-1.23455424548022,-171.595529388381
5065,1000,-0.321197966205856,0.258905399530813,9.76262226564236,551.500642455678,-0.661539933691771,-180.861412064951
5075,999,-0.32229313524522,0.260220415453461,9.76249448770569,555.065715969797,-2.89022416716172,-176.189436272364
5085,1000,-0.320672752021212,0.260071538575709,9.76270372249089,546.467041916467,-1.81519611914465,-178.195763209988
5095,999,-0.32187159473338,0.259342658783406,9.76419801278997,554.048512114381,-6.61529716128894,-178.390110228763
5105,1000,-0.320369911399045,0.25979254935951,9.76355397406638,554.744231932133,-2.35423015292144,-182.015610538233
5115,999,-0.320888131265007,0.259155221235743,9.76203812826481,560.333600272054,-9.94366123473266,-178.995295566773
5125,1000,-0.320986297946397,0.260114820321291,9.76278364038572,551.255864784955,-3.99805433649803,-183.307213591668
5135,999,-0.320785240504548,0.259937299467793,9.76270189256749,560.540295697259,-5.87968072529424,-188.18310933474
5145,1000,-0.320261494375451,0.258804092368962,9.76207483182339,572.505071127142,-5.76039423181242,-180.339274660371
5155,999,-0.320557293085219,0.257886144624655,9.7615555216641,572.128030385352,-5.55733339170455,-181.966205407912
5165,1000,-0.322400192549084,0.2597121558265,9.76296592410185,545.100616797661,1.81862921714047,-173.249198324493
5175,999,-0.322420843421589,0.260513335792259,9.76302189483161,560.074108293919,8.21346829403077,-176.216944696819
5185,1000,-0.320668581953102,0.259962380283833,9.76225253800308,573.514025217581,3.44719373078033,-193.859885347393
5195,999,-0.320830278917488,0.259516176718353,9.76374242417055,588.603594093914,2.6013617847503,-188.870819946115
5205,1000,-0.321093271158318,0.261145235447493,9.761588091458,569.126567359057,6.48450667196631,-190.122480767241
5215,999,-0.320881948005089,0.260008881829939,9.76242660726639,591.171107492175,4.6647816886195,-185.514792162605
5225,1000,-0.321078982187121,0.258970498907347,9.76462073630433,578.258998322506,9.86313477749114,-170.940801377928
5235,999,-0.321047184277791,0.260303759017139,9.76374479292099,585.989506058527,9.0946571027625,-184.964623673506
5245,1000,-0.321326406231658,0.260178046373657,9.76296395146626,581.92314600665,5.36489790151135,-190.534694507699
5255,999,-0.321518251134805,0.259816320919964,9.76360763415496,589.238659049142,9.99289164942661,-184.854589975686
5265,1000,-0.321170972893187,0.259718634108418,9.76339322160835,599.868012179147,14.6665171391518,-177.288892980981
5275,999,-0.321251923572816,0.259735049377332,9.76447388042314,577.344989374025,10.2275234901052,-178.197551257578
5285,1000,-0.321165726463544,0.260391752846998,9.76274701682361,572.974258692235,11.8235093912456,-181.383549469531
5295,999,-0.321371468767001,0.260426220061318,9.76371515128112,575.882449264209,0.175216424930688,-176.051894150089
5305,1000,-0.321092085827202,0.260347285210276,9.76573699303911,572.14507990192,18.7595389006557,-178.305686874111
5315,999,-0.31999339970969,0.259508499164711,9.76566670660516,575.115189488905,21.7906177792961,-177.537349070659
5325,1000,-0.32071237457839,0.259449197816142,9.76381942418347,564.244406345794,13.6356171151601,-182.3453815306
5335,999,-0.322309738686917,0.259778219424983,9.76308487469009,571.720029625103,8.79871044333598,-181.608595889997
5345,1000,-0.321863712416877,0.259007028839734,9.76226972558174,566.117052219162,23.8607651085829,-184.021717408462
5355,999,-0.321762746102691,0.260053399665404,9.76349557888196,565.705845989915,7.24786003202537,-187.825499816825
5365,1000,-0.32060402093697,0.260507046759528,9.76313788192822,580.512351346021,-6.95311531091191,-181.575915881745
5375,999,-0.320771235482462,0.260076485721078,9.76376584596692,576.462763782228,-6.00669415964183,-180.205666242792
5385,1000,-0.321915007755606,0.259980077210341,9.76336768846788,572.652780906068,0.143351729977695,-187.676679240523
5395,999,-0.321523012135519,0.259615842894933,9.762014830485,561.42630516573,-10.9129537507669,-193.052100463273
5405,1000,-0.321600069845433,0.259861282850012,9.76243468439311,560.693376390809,-7.77775787840107,-194.134694507699
5415,999,-0.32249233708333,0.259610409852126,9.76407586152922,580.648989002347,-12.2848026093567,-186.615129140805
5425,1000,-0.322675870204325,0.259562161308919,9.76374721130978,554.84249790818,-0.977070246320201,-185.120954049684
5435,999,-0.32243816788688,0.26032132330444,9.76303313347634,552.717534814834,18.7787155642622,-179.050312415683
5445,1000,-0.321865083992,0.260278904621684,9.76404791893286,571.915576083255,28.0197101008756,-191.524007484798
5455,999,-0.321954032520739,0.260248244018892,9.76446372623512,574.470757743272,23.8328927407159,-176.822130034829
5465,1000,-0.322422348580792,0.260798391929126,9.76404551776835,559.424499742431,14.9249102926816,-187.731641072584
5475,999,-0.322530677416448,0.260033264767363,9.76261189253431,571.784590386102,20.1172932958752,-179.270379811323
5485,1000,-0.321933021514345,0.261139683813645,9.76295356855975,570.175997225562,16.6129315808592,-185.533167790142
5495,999,-0.322408956446246,0.258605810588591,9.76512010652197,576.571721339354,18.4464954072853,-186.69765441417
5505,1000,-0.322533791619348,0.259786602977117,9.76191096488171,573.735451091168,3.40508273954967,-193.365228858844
5515,999,-0.322396612378297,0.260136236786939,9.7637234746364,574.082940237038,12.2200703317684,-186.505095442985
5525,1000,-0.321737655761529,0.259789162336469,9.76399185718866,562.344634182671,13.4930100314546,-177.783549469531
5535,999,-0.322270539634041,0.259357055236948,9.76408656564992,574.377406214915,13.0293050653903,-182.929000263837
5545,1000,-0.32280540798999,0.259464399965135,9.76286609675718,573.879429892189,3.77958474235197,-175.557595271058
5555,999,-0.322618340541645,0.260281717651107,9.76223146462509,572.484596456258,2.83471140571336,-174.56643922952
5565,1000,-0.322220170756222,0.25972332758321,9.76436305940778,565.770707830094,7.11691702301833,-175.777442599302
5575,999,-0.322028179988156,0.260263430411552,9.76361741572806,584.970079424537,4.97817019748993,-173.768694920325
5585,1000,-0.322301796460713,0.26010182698702,9.76353630016792,572.095199792793,8.59792437308572,-178.030877713806
5595,999,-0.321439094750149,0.260635859683922,9.76415174871137,570.768513053136,15.9388282811305,-177.427315372839
5605,1000,-0.322134566012474,0.260552538692257,9.76333880789354,574.253187728763,14.3871536188303,-181.960648706172
5615,999,-0.321918899563818,0.259066604647997,9.7647056123958,583.869576897068,5.328825891413,-185.624825860426
5625,1000,-0.321923708261234,0.260108763817869,9.76499594605886,571.41710794102,17.1820772809239,-176.162175423729
5635,999,-0.322756116671058,0.259426127897832,9.76668259370138,570.306995428648,15.5521161727914,-172.200714726391
5645,1000,-0.321487387816835,0.258593146222926,9.76477530080366,577.03775689789,16.9758976808293,-176.409503668004
5655,999,-0.321716961701998,0.259188289353146,9.764248948762,581.844523938184,19.9976535254601,-185.48728373815
5665,1000,-0.321405162551013,0.259065927557508,9.76380714388422,581.755912737825,8.11619489442613,-178.415610538233
5675,999,-0.320925207607538,0.260047020177929,9.76506494452282,583.443089768327,16.0623742957505,-175.584250934354
5685,1000,-0.322030503895561,0.260238441369793,9.76445960082961,587.302383635324,10.3312402982523,-173.853778477165
5695,999,-0.322720923828785,0.259766112528079,9.76435626901712,572.585166736657,15.3930193128575,-178.500143926583
5705,1000,-0.322295109626669,0.259015927092227,9.76497725125714,581.781469402151,41.4715122266206,-178.058358629836
5715,999,-0.322474454714356,0.260494263221581,9.76467993952287,573.941595726992,36.7559624345097,-180.150649393883
5725,1000,-0.322270450596602,0.259921770799855,9.76388487014755,583.96044624121,41.4770951355896,-178.800343362661
5735,999,-0.322069299193962,0.259854779017103,9.76385523553808,580.689316499504,20.4288892712776,-182.653916019287
5745,1000,-0.322769667723741,0.259986623233836,9.76501730691353,577.54498764217,17.0217810374671,-183.994236492431
5755,999,-0.321273020844278,0.260492181367446,9.7638817087362,571.313540507375,14.7045195208456,-187.220314478815
5765,1000,-0.322135260067416,0.260186001397069,9.76517765725778,560.821916051829,36.3699602689255,-172.342328095485
5775,999,-0.322016457327083,0.260362510175287,9.76456200545733,572.329565219156,30.8338501255332,-176.629571063644
5785,1000,-0.320999049121043,0.260088502796042,9.76509808121955,550.578691533159,37.7065060474163,-171.353015118386
5795,999,-0.322290558044956,0.26064802812839,9.76556969706477,568.275857410707,32.5952959817582,-172.75088321549
5805,1000,-0.322296598179698,0.260013678585121,9.76515581445574,555.25722411939,28.4173712777496,-178.635457866477
5815,999,-0.322452528314683,0.260931529342912,9.76445566420748,566.592770627404,36.0347401002781,-179.765531451513
5825,1000,-0.322324607240609,0.260286861194028,9.76377543356925,564.523785337727,14.3226052809046,-182.290419698538
5835,999,-0.321341449339878,0.259946595838884,9.76375128634068,560.716567826147,15.1059762945203,-176.106910998999
5845,1000,-0.321238610335582,0.259333898554712,9.76373429462994,569.140957042339,11.5793224049216,-168.275152522966
5855,999,-0.321660110743954,0.260107436744555,9.76268198871684,560.571648782881,22.6352240263456,-172.530815819851
5865,1000,-0.322319762317426,0.260505086969701,9.76339317392773,566.239146718918,29.36128985377,-184.131641072584
5875,999,-0.321845763002207,0.259219131419929,9.76371943349177,569.820615098549,24.557650218508,-176.244453121274
5885,1000,-0.322721378443494,0.260897569197818,9.76414431506618,576.253577357936,24.568451509632,-177.811030385562
5895,999,-0.322379726817191,0.25994403493974,9.76344034015588,555.004287316281,34.5196660699004,-179.490447206963
5905,1000,-0.321575948163378,0.260675966212647,9.76281166209283,575.021742760573,15.7975182776104,-173.688892980982
5915,999,-0.322628250867703,0.259675882549846,9.76288681203885,569.865417453315,27.2983846639749,-172.833408488855
5925,1000,-0.321652106254472,0.259295080274351,9.76254284152485,562.99008710853,46.123932853653,-173.716373897012
5935,999,-0.322648286271625,0.259658917628078,9.76199490634636,565.81157346704,46.7458991167437,-171.815596784021
5945,1000,-0.321710536107112,0.260851607216729,9.76047648154319,558.719675376864,36.9486380199069,-176.052251759607
5955,999,-0.321778716651328,0.259578023812971,9.76239879512478,577.320590218832,29.8777104333447,-179.242871386868
5965,1000,-0.322571224112584,0.259374882070266,9.76277092784319,582.124686702371,55.5639724820919,-179.047671606935
5975,999,-0.32284970759508,0.259781548934563,9.76184560566885,585.00484861369,37.7604512636314,-183.424151904027
5985,1000,-0.322116811722442,0.258499626130155,9.76335887377336,578.997901718489,28.9331775980866,-178.77286244663
5995,999,-0.322144798477753,0.259379507751533,9.76243961254869,587.731019997056,43.5802829229007,-176.574554214734
6005,1000,-0.322141837684934,0.261195041221355,9.76227621294458,575.934623646042,30.3345900633111,-178.800343362661
6015,999,-0.322006188225006,0.259757281567883,9.76145676823752,568.529933022856,29.9651160858057,-191.319069722608
6025,1000,-0.322037562333705,0.258119990026854,9.76287052645512,588.723552292527,30.151802644153,-188.281259393195
6035,999,-0.32156526870006,0.259606104982615,9.76339670140043,596.14629054766,34.3983640694121,-182.488865472557
6045,1000,-0.322330874777258,0.259546509718241,9.76293558556909,576.235355419699,40.7327275219778,-177.618663973348
6055,999,-0.321411607002472,0.260001693709739,9.76275086332163,580.77154888995,40.4083608293909,-181.443545343267
6065,1000,-0.321878291643839,0.259531976564865,9.76240522295319,580.185345451871,18.4110599744647,-180.971335729073
6075,999,-0.321288001218936,0.260156432552936,9.763084801116,575.329935391246,40.9575666747682,-184.799573126776
6085,1000,-0.322897254835585,0.259508553811427,9.76322661022831,590.374962144151,34.6483000867096,-178.910267026783
6095,999,-0.321767001397618,0.259016017629884,9.76247104960075,584.375588589401,43.0750719153135,-182.323814925827
6105,1000,-0.322050881295933,0.260167422360206,9.76304298550054,591.427278155421,27.5659445305747,-194.272099087851
6115,999,-0.32191345781048,0.260168031026023,9.76387240443188,596.615290905376,21.4929834092974,-185.844893256066
6125,1000,-0.322160272014696,0.26028842602354,9.76259941065516,587.830827152356,44.804870831816,-180.696526568768
6135,999,-0.322326176995312,0.259904831190406,9.76173829609164,582.069463685468,37.1922461071236,-177.839941739664
6145,1000,-0.32264251795301,0.259776136247633,9.76353276986556,590.13662326099,19.8834908533608,-176.71179374434
6155,999,-0.322159966722904,0.260809410920635,9.7640848984776,590.437352157865,19.4080569412783,-189.668564255309
6165,1000,-0.322392596781328,0.260260678631676,9.76348274681703,596.220330844067,14.6454898211218,-183.829350996249
6175,999,-0.323093397965344,0.260137727983508,9.76470825758365,586.391480759325,19.7741943741358,-183.039033961657
6185,1000,-0.322357315493971,0.2598714108122,9.7640241936716,579.326186322355,26.8184438840831,-178.030877713806
6195,999,-0.322781744786863,0.260919642648065,9.76366378746718,572.84692955892,19.4540948867789,-185.487283738151
6205,1000,-0.322358167381457,0.260718651886515,9.7636588383446,587.005235903594,25.5677380622654,-189.462938782508
6215,999,-0.321846001131968,0.260304608632524,9.76268551284468,593.002083921326,12.6773691491982,-192.254356154078
6225,1000,-0.321933597204495,0.26023035667888,9.76530838821389,603.119226623935,26.3983618322721,-171.765228858844
6235,999,-0.322544776307867,0.259677899559099,9.76326338948905,584.099615274515,21.3232315211055,-191.676679240523
6245,1000,-0.323167170631861,0.259170736032986,9.76454065426671,584.526925931223,36.1162796600191,-189.07820595808
6255,999,-0.323413771227394,0.259147525313152,9.7636895579772,571.971814661136,28.4248364094748,-177.537349070659
6265,1000,-0.32331828356407,0.259765534843725,9.76455280958721,580.372007966898,32.1840278193191,-184.598816645104
6275,999,-0.321987688025786,0.260129654062579,9.76430067931289,581.609523631859,23.5193430518846,-190.301258017774
6285,1000,-0.322453738245812,0.259298298798408,9.76344270875957,578.216090021617,23.1414921986745,-188.116373897012
6295,999,-0.322982671992843,0.260750104166895,9.7641607212341,585.51159244664,15.6713212772718,-179.683006178148
6305,1000,-0.322416606987468,0.259535146417509,9.76446317327199,591.86171261091,31.0944092993886,-183.444618171821
6315,999,-0.321660123301988,0.259574527149464,9.76328317910019,602.344970288144,26.8011318097469,-181.085935825352
6325,1000,-0.323503292389478,0.259465900080956,9.76287193658614,596.215770000602,30.7962038661956,-178.992709774874
6335,999,-0.32322469927127,0.260018845516766,9.76403180144693,597.654208269042,26.5772501662984,-187.90802509019
6345,1000,-0.323019602655778,0.260132811435941,9.76396158631923,573.481456562325,28.4104774419057,-175.859885347394
6355,999,-0.322531196605913,0.25976164989748,9.76383351707039,569.601656391775,28.4616458017049,-183.726744573031
6365,1000,-0.322463130872951,0.260587542961669,9.76308523200892,586.625984934837,30.6577173536687,-187.291946416096
6375,999,-0.322031773239069,0.260122234979321,9.76407316552776,602.103899715377,32.7794949417745,-186.615129140805
6385,1000,-0.322155718107603,0.260555883842019,9.76373936362371,588.071942924959,21.6975024405437,-180.943854813043
6395,999,-0.323027838339848,0.258790588924934,9.76453197688444,583.936167910035,40.9554707520881,-190.878934931329
6405,1000,-0.323188715204689,0.260068459884737,9.76309029911485,592.062579386799,33.8744579639197,-173.991183057317
6415,999,-0.322163977836292,0.260006328884835,9.7651901124291,586.656554699681,27.3654484981155,-178.362601804308
6425,1000,-0.322408809991852,0.260156382945828,9.76366800631993,584.080309604091,21.7777778105776,-193.447671606935
6435,999,-0.32275994418413,0.259155090407597,9.76449129117347,585.684877716425,37.1177229332407,-183.781761421942
6445,1000,-0.323019175550348,0.259294211779913,9.76326865337578,562.376755493937,32.0929544329844,-180.394236492431
6455,999,-0.322501803325806,0.258865405412488,9.7649569140926,578.330229541938,22.8317740160555,-188.155600910284
6465,1000,-0.322864484020578,0.259581484055619,9.76443924969354,579.520274709458,37.0411328065626,-183.88431282831
6475,999,-0.322880175406753,0.260111946231253,9.76380544612145,579.35278954389,41.8932576016482,-180.893376854167
6485,1000,-0.322962668671638,0.259225431294399,9.76444882613541,586.963007773589,31.7617566672361,-179.130114355027
6495,999,-0.323514445378693,0.260100220462293,9.76282553790885,593.817511327396,31.918215626743,-174.318863409425
6505,1000,-0.32315172477056,0.259388522026954,9.76362140488892,588.775675842212,23.1148503699118,-181.053778477165
6515,999,-0.322626926814395,0.258953339830803,9.76316400475109,586.138665445408,20.9275223236111,-182.791458141562
6525,1000,-0.323280713954813,0.258806918807491,9.76375143209293,589.23694241824,18.9189050268529,-183.609503668004
6535,999,-0.322792496838283,0.259035118803948,9.76503065972088,577.009596560213,30.3964958794935,-193.464726830098
6545,1000,-0.323591310250749,0.259805729584893,9.76545171484098,590.122056370256,31.3666189222231,-176.464465500065
6555,999,-0.323552696907853,0.259825409194172,9.76429118022245,585.641182565372,41.5149986645112,-184.937115249051
6565,1000,-0.321967010747212,0.258889895513873,9.7653622300452,568.214990018779,22.0598704261753,-187.127060919912
6575,999,-0.3241433337914,0.258801912547435,9.76438355281728,588.721860599205,12.9276697952585,-187.41287345
6585,1000,-0.323543389187733,0.259230338783273,9.76540665825859,602.662121076734,27.1632060997448,-181.87820595808
6595,999,-0.323332015305437,0.259999490896859,9.76482169512389,583.086430275364,12.0246984270703,-189.118395766209
6605,1000,-0.323077025569979,0.259334267075794,9.76342672956242,590.66168346333,18.8210332177103,-189.243091454263
6615,999,-0.32452156668042,0.259063655496448,9.76315215933201,587.031277454608,30.4191100036348,-200.506883490575
6625,1000,-0.323326341507656,0.258948140109818,9.76327981539574,593.66779078467,24.9347647975845,-197.844618171821
6635,999,-0.323170510597681,0.260067561568494,9.76600320440427,589.180954386991,6.83605539108835,-191.704187664978
6645,1000,-0.323241817040686,0.259649563447598,9.76591935312273,588.001561079824,2.49307919113311,-192.458358629836
6655,999,-0.323101757383301,0.260156848266122,9.76470268401322,588.774527070146,3.92985359586375,-178.362601804308
6665,1000,-0.323732567311174,0.259815286473129,9.76585422664948,589.879943661572,7.6559746302159,-176.959121988615
6675,999,-0.323307746868582,0.259266412716973,9.76503115751032,589.510836724985,28.2237530406541,-197.068330433701
6685,1000,-0.323397625128362,0.259906676382581,9.76542463126571,592.715095623263,10.2939382344197,-179.322480767241
6695,999,-0.323477767518459,0.260220036197706,9.7652577675312,568.392029872779,23.1432807735938,-177.014689006014
6705,1000,-0.322792084893968,0.259143294382129,9.76562960113021,558.390542855443,29.9916051531697,-189.682786110753
6715,999,-0.323141089313272,0.259173738420897,9.76581383487512,559.70756681741,33.390403861129,-193.794827923558
6725,1000,-0.323164645832245,0.259868137569107,9.76539888837252,577.061907467689,35.5416783477371,-179.927060919912
6735,999,-0.323545993194124,0.259452910422145,9.76472395491966,582.485755748542,33.8126927047358,-182.736441292652
6745,1000,-0.323357900390203,0.259981449076149,9.76417755697543,581.113835236055,20.2587583481597,-188.693473133653
6755,999,-0.322306102767153,0.259027019384968,9.76597597136239,574.188911646806,31.2518493746657,-176.574554214734
6765,1000,-0.322802661990807,0.259990331881581,9.76597642585682,575.127737632101,34.5833665171235,-178.937747942813
6775,999,-0.323417495623229,0.258890955417842,9.76536413581894,574.20609752609,8.1025667616425,-179.683006178148
6785,1000,-0.322384772508355,0.259698714270524,9.76630246812963,568.779944842965,21.0828602942212,-188.171335729073
6795,999,-0.323357654097379,0.258478445436105,9.76496708404339,570.547422979244,19.8465977349391,-178.802736595588
6805,1000,-0.323761561109939,0.259753364692533,9.76521207936161,575.122336939931,25.1040683488094,-181.85072504205
6815,999,-0.322825848817232,0.259112955497168,9.76496380733935,581.249140255009,19.6251558479978,-196.188060851141
6825,1000,-0.323152667662153,0.260479840239501,9.76557811888332,576.42955321574,24.7080258136647,-188.473625805409
6835,999,-0.322989079438428,0.25938804474407,9.76517081679903,572.89399288367,25.2084159414592,-186.09246907616
6845,1000,-0.322677409128199,0.259313704317121,9.76490008916424,578.946920975616,22.5604691772795,-188.198816645103
6855,999,-0.323482580517049,0.259847371093891,9.76476566640741,567.446499257583,15.3132140657635,-181.333511645447
6865,1000,-0.322942446798353,0.259837981319162,9.76536790518479,574.718784153546,28.2783580759092,-175.585076187088
6875,999,-0.322259992966617,0.260092337204432,9.76586024436799,569.197969532068,27.8559548381929,-180.618292609617
6885,1000,-0.322452990703771,0.259072135928225,9.76468781667869,574.632084603765,19.7559362012681,-179.075152522966
6895,999,-0.323261974978015,0.259456369671697,9.76523866120017,585.3496778456,26.3898253922995,-177.729908041844
6905,1000,-0.322350974223063,0.259640859086077,9.76418687981594,605.126795340421,20.6668326016947,-188.501106721439
6915,999,-0.321598758134931,0.259090268422538,9.76586929455583,586.768245543346,15.8058143302111,-186.064960651705
6925,1000,-0.322730432757847,0.260653255788808,9.76416998404402,587.117637962646,24.7293781618977,-181.548434965714
6935,999,-0.323086446218008,0.258870845681622,9.76512208367889,588.739940404466,21.1159775072367,-183.699236148577
6945,1000,-0.323907260942724,0.259629661682214,9.76459241465791,585.705602292021,19.1170914948887,-181.905686874111
6955,999,-0.322883832411549,0.258802779580822,9.7640482362766,581.299597737666,22.1317923749635,-182.433848623647
6965,1000,-0.323179830786592,0.258434386141692,9.76521486897742,595.626020031118,26.7087902400334,-183.279732675638
6975,999,-0.323117216658551,0.259872381367469,9.76488322838026,596.487843282459,19.9929902989567,-176.189436272364
6985,1000,-0.323575884611405,0.259008569338794,9.76579703483214,575.280961670843,39.5675875737274,-180.641564736706
6995,999,-0.32273296815799,0.259712705011551,9.7668982961762,579.26874901205,27.9136206300853,-181.966205407912
7005,1000,-0.323983246646205,0.259754905524638,9.76752640964421,592.182805159093,28.1733481803202,-178.965228858844
7015,999,-0.323433536027752,0.259267595057691,9.76543458054195,565.380115094758,29.2893984116932,-186.230011198436
7025,1000,-0.323860358528113,0.259563286667941,9.76642290963167,557.65431258437,39.0178714027844,-174.540801377928
7035,999,-0.32303899607802,0.259440339796081,9.76557528052514,596.891838764007,26.2735647899895,-178.720211322223
7045,1000,-0.323809480390109,0.259494068524711,9.76609899210307,577.562365111064,28.5405570110983,-192.375915881745
7055,999,-0.324501196462657,0.259678272717684,9.76660644474533,582.70314779173,30.2221619800489,-182.296306501372
7065,1000,-0.324756280613265,0.258621735519807,9.76444520693044,574.058466789701,26.1435739233929,-177.563702141286
7075,999,-0.323398076697312,0.258998085960009,9.76540821849244,591.290215270145,28.6761975440179,-175.584250934354
7085,1000,-0.323513858743956,0.259110722425327,9.76486809850893,587.573092388309,18.8113283898145,-186.055305194722
7095,999,-0.322128269888938,0.259534362934785,9.76541129747597,578.580335176033,23.6728690532982,-180.150649393883
7105,1000,-0.322907409269815,0.258972789320247,9.76606008535228,587.122239902759,30.6036081773832,-175.530114355027
7115,999,-0.322213978191687,0.25986145071297,9.76667931443593,589.27950458347,33.6420645556914,-187.825499816825
7125,1000,-0.323395128507022,0.259229851083487,9.76512618259722,600.73379431098,15.5159441664087,-188.391183057317
7135,999,-0.322124088984159,0.259877295547032,9.76555549847565,592.793347371822,32.0443677470634,-189.420988435214
7145,1000,-0.322482740073174,0.259497224185314,9.76639950292556,600.753569562306,28.1479101680531,-185.780496034417
7155,999,-0.323684280169234,0.260329071470094,9.76589332534408,579.129111192401,38.3446896402258,-181.773646436727
7165,1000,-0.323377800599774,0.260517254683433,9.76590627444051,600.457658151918,20.2854050497793,-195.343854813042
7175,999,-0.323413234833549,0.260914603295646,9.76574185541456,595.275864610312,42.7762346922728,-185.404758464786
7185,1000,-0.324191271841997,0.260309788243027,9.76578383006976,574.095546340706,28.480470426416,-180.284312828309
7195,999,-0.323966044580219,0.259271408523391,9.7666644562972,586.343626898518,22.623626354413,-184.001828817581
7205,1000,-0.323280184465314,0.259781388481901,9.7654065381578,588.824960353039,40.8177595774506,-189.407976950447
7215,999,-0.324256938269279,0.259813392641655,9.76668955831345,587.879480384403,22.2859064477626,-187.935533514645
7225,1000,-0.322801954351266,0.259973944049691,9.766221671992,586.552072279527,18.647399828003,-194.959121988615
7235,999,-0.323795055446296,0.259578924462558,9.76628490230087,590.062872385638,27.7886482244366,-180.315699940612
7245,1000,-0.322964898967425,0.259920577014125,9.76657678340801,580.841917284853,39.2073508328964,-187.401870080218
7255,999,-0.323047959705601,0.259940128575295,9.76653372953473,592.828205677801,38.4296827018611,-172.943442186676
7265,1000,-0.322909136227738,0.258772570259173,9.76672886042448,588.327522706289,33.8640228911899,-189.655305194722
7275,999,-0.323374204311067,0.260010062326045,9.76619394272203,574.276984975223,32.0192475503655,-185.597317435971
7285,1000,-0.323174940632537,0.259758921590145,9.76692444062399,580.561116900057,13.2676149599198,-177.948434965714
7295,999,-0.323251100000511,0.260360822219106,9.76575816924839,568.119172912665,39.1016322895682,-186.97273865872
7305,1000,-0.32378513475358,0.259934525590921,9.76585874481334,563.628692149735,32.2293653852878,-189.847671606935
7315,999,-0.32341692210768,0.259919886610769,9.76576744386899,573.228215368628,21.8185174811509,-185.074657371326
7325,1000,-0.323369537097108,0.260014244775702,9.76726702100212,579.178958432389,30.5797341040603,-187.017137255791
7335,999,-0.323680075883471,0.260062016731619,9.76586668690805,570.486707754392,37.0139862468826,-179.325396660233
7345,1000,-0.32394346384364,0.259547598977979,9.76457447195267,580.306186707566,35.2479337109184,-174.430877713805
7355,999,-0.323508737974351,0.259711529179982,9.76572703652618,589.980210401253,18.0007967192494,-179.600480904783
7365,1000,-0.323739286869133,0.259824561410252,9.76560284585615,582.225114404152,49.2648008961129,-186.302633438996
7375,999,-0.323948909789756,0.258984757454563,9.76742212739565,586.62207024051,48.459582122268,-191.539137118248
7385,1000,-0.323658411020929,0.259228792521749,9.76589745735158,596.575037791725,34.4310322651239,-193.337747942813
7395,999,-0.323694053814406,0.258966299860743,9.76547133336073,588.067115789495,44.8778803990845,-192.721999369813
7405,1000,-0.32374859351315,0.259456454202867,9.76755019880603,589.240988890083,37.1189842273307,-198.091946416096
7415,999,-0.323627757626261,0.258622302478815,9.76557597452085,567.610897103173,48.5949469466965,-189.365971586304
7425,1000,-0.324023855924028,0.258904146800594,9.76627402533027,568.642751571119,31.2462982091703,-192.733167790142
7435,999,-0.323417437307329,0.258317836458137,9.76652409920504,589.581134199025,39.072148829765,-191.759204513888
7445,1000,-0.324312838323897,0.25916542253497,9.76765022107404,559.371442216275,52.2251163863301,-184.049198324493
7455,999,-0.323339029749346,0.259546548423519,9.76801569117689,583.964741670537,49.7680438046059,-188.73327782384
7465,1000,-0.324377754278816,0.259093137633549,9.76823283630088,579.112187804996,42.3085002590197,-195.151488400829
7475,999,-0.323319465481205,0.259548339874772,9.7684919270555,611.473165445121,36.3089972301559,-183.011525537202
7485,1000,-0.323710071865875,0.259730427106517,9.76851751781148,602.423453317298,37.769962659742,-192.018663973348
7495,999,-0.323737644038003,0.258913590951531,9.7688185038636,601.240810000471,32.0424836944582,-195.940485031047
7505,1000,-0.323747300927248,0.26035535496515,9.76804257419621,588.011528126814,37.6013534782331,-188.473625805409
7515,999,-0.323078125120254,0.260808753499632,9.76774264258888,591.964476356757,21.4184516044022,-201.249610950859
7525,1000,-0.323988683794014,0.259325648903216,9.76729952164757,592.625038018189,24.7215607371135,-202.571335729073
7535,999,-0.32418451316034,0.259914678733109,9.76732113782463,582.258828389419,29.0117813744009,-184.056845666491
7545,1000,-0.323152187986613,0.258841052583284,9.76834435464796,604.59895378068,4.85188966658282,-197.102633438997
7555,999,-0.323610303120678,0.25929881029337,9.76743747081488,587.500260197001,3.35509098947756,-196.078027153322
7565,1000,-0.323688924267687,0.260208438148388,9.76680819524076,570.431829335269,22.5326086075285,-191.13927466037
7575,999,-0.323806483667233,0.25904012824864,9.76850062700473,598.748991536791,19.624408224373,-202.267422655694
7585,1000,-0.324595577377904,0.258683739208641,9.76661353250547,594.003302546741,15.2148685107436,-190.617137255791
7595,999,-0.323041457585892,0.25956724037164,9.76837586661076,605.843345003663,17.2419112496867,-183.836778270851
7605,1000,-0.323987183150255,0.259010851489477,9.76672022216579,593.722885139908,20.7406142903908,-185.258358629836
7615,999,-0.323555380617627,0.259319288882051,9.76702323996443,588.447085439206,21.9225369649386,-183.946811968671
7625,1000,-0.323581193324031,0.258368533812538,9.76782031337754,582.888954961749,21.0424275986092,-183.114847179455
7635,999,-0.323255778578751,0.259429437594431,9.76770477885165,581.66348237788,37.9535419392034,-185.349741615876
7645,1000,-0.323891994189931,0.259268521163758,9.76755096560879,579.968818952881,29.9050095440741,-194.079732675638
7655,999,-0.323777232122645,0.259911974068509,9.76749159700483,581.014063780135,29.4306026832351,-190.741392809054
7665,1000,-0.32378833699971,0.260287478163474,9.7687086214273,593.541398719719,36.4278617369156,-187.676679240523
7675,999,-0.323951528651995,0.259681010237615,9.76716008979836,583.684248591377,41.7884565709874,-192.171830880713
7685,1000,-0.323366630657599,0.260015239576253,9.76829517220527,593.211488512852,39.6820700097551,-185.615610538233
7695,999,-0.323466755357626,0.260847052632367,9.76793695005089,590.00231373559,32.550949096686,-194.730114355027
7705,1000,-0.323998007179661,0.260278314359843,9.76840770706139,577.695235253966,37.8497733444095,-185.835457866477
7715,999,-0.323609930437094,0.259490633221335,9.76879097983255,576.51447184338,30.7074521013138,-188.073075636919
7725,1000,-0.324172404531068,0.259218273874223,9.76842554324727,577.832381802946,43.3865547918817,-182.675152522966
7735,999,-0.322700835871874,0.258674707302089,9.77025461751633,601.514670652564,50.1108087590591,-185.184691069146
7745,1000,-0.323715835447011,0.259043244199091,9.76877506561922,602.108740094366,48.0040245742623,-197.432404431363
7755,999,-0.323760544457611,0.258952700939237,9.7695507446146,604.690915113879,34.5086545720078,-187.24782290327
7765,1000,-0.324143133502958,0.260295651653851,9.76831453366795,588.838770661547,51.0850798063856,-189.517900614569
7775,999,-0.323080286609402,0.259647333649402,9.76867312475832,594.680776868232,61.3248621515237,-186.119977500615
7785,1000,-0.32442768506086,0.259384764218359,9.77028840428302,581.214420386952,50.6847857186516,-180.064465500065
7795,999,-0.324371027614849,0.258954659604791,9.7700307454693,583.705505744444,56.4499526059672,-192.969575189908
7805,1000,-0.324420681133694,0.260481072919089,9.77055200341093,581.000969895099,47.5508787613126,-197.26751893518
7815,999,-0.325349792908844,0.259804099590237,9.76857549668361,596.902487997202,49.4444475313179,-178.692702897768
7825,1000,-0.323538324332208,0.260198354493479,9.76979793681163,596.458112008499,44.1887459390401,-186.632404431363
7835,999,-0.323462818433472,0.260129669346875,9.76940922050115,598.302677019015,39.4465040872773,-179.985598847153
7845,1000,-0.324228811616652,0.258984931041613,9.77068947041495,588.012022718042,57.2438824536856,-181.603396797775
7855,999,-0.324181800024959,0.259014497082168,9.77116433139062,583.388366740283,47.0074477993899,-183.781761421942
7865,1000,-0.324538538990855,0.259284718826946,9.7690437931602,598.867721191922,42.4351380229019,-190.06751893518
7875,999,-0.324489723827647,0.260225497961072,9.77023159206484,593.593209848731,37.5603984437695,-188.29314303256
7885,1000,-0.324156758006598,0.259172072399626,9.77029661866489,593.77035242887,29.3597543736812,-186.385076187088
7895,999,-0.32389804316381,0.258962835761277,9.76979610636165,583.712928442764,29.3286832481055,-185.98243537834
7905,1000,-0.324321334350597,0.258994552034272,9.77072006115921,586.832030653843,41.1972055708455,-191.936221225256
7915,999,-0.323502631367561,0.25922157038642,9.77088000283077,598.549664729179,29.7581422617977,-185.569809011516
7925,1000,-0.324106392720618,0.259078131389325,9.77021735246719,606.473450484959,25.9969261358409,-185.97286244663
7935,999,-0.324263729502902,0.25937988287074,9.7704389840648,594.198599168497,25.3705652741733,-182.021222256822
7945,1000,-0.323473834456248,0.259922410814037,9.77028371781577,593.114346383133,24.8014604276299,-182.949961683271
7955,999,-0.323862076827068,0.258783334361605,9.76896438365144,611.922950268413,13.8518661023542,-199.15897069228
7965,1000,-0.323893268067641,0.260340217206998,9.76966071320327,610.678237786252,27.8374820704389,-181.768282293958
7975,999,-0.324481045559809,0.259070017675283,9.76985914293542,608.799812473323,23.709204047553,-188.623244126019
7985,1000,-0.324211824315156,0.261211874133931,9.77030022051709,583.65886556609,38.8700428166875,-190.177442599302
7995,999,-0.324229274863862,0.259526156774823,9.77020644238828,573.949301382451,43.0775173232077,-186.945230234265
8005,1000,-0.324492827036504,0.26001985587444,9.76933193615187,576.332540128468,34.7817862131951,-187.594236492432
8015,999,-0.323731778196881,0.259021300618728,9.77034108986654,575.04436837714,37.2919888267423,-189.503513708579
8025,1000,-0.32451139096729,0.259736636727905,9.76990185751309,598.433218639897,35.6711623455998,-188.363702141287
8035,999,-0.324488974348125,0.259392638185634,9.7713237733702,608.768893794286,20.0541521464728,-188.23812618365
8045,1000,-0.32433521577441,0.259121315125966,9.77124977525631,605.780625016111,25.39911090174,-181.136221225256
8055,999,-0.32340999251964,0.258966302113064,9.7692102227272,582.588917753172,3.74418583367089,-195.940485031047
8065,1000,-0.324159899302387,0.258819664808766,9.76957943855854,578.741770372205,22.3892694320473,-200.290419698538
8075,999,-0.323181166855804,0.25951961491079,9.76974045186757,591.331749123098,23.8729850315791,-205.293349345743
8085,1000,-0.324206233493555,0.259219157179248,9.77048220370561,579.85189554964,32.9614785615411,-192.403396797775
8095,999,-0.323725060717959,0.258804301594862,9.77032213663465,598.913011585457,31.6855624955436,-186.8627049609
8105,1000,-0.323669537814449,0.259151151756011,9.7705139811812,601.010993004083,31.5658152594708,-192.046144889379
8115,999,-0.322779175701222,0.259603801160549,9.77028596984238,590.028341221876,30.8950042607845,-184.662031004501
8125,1000,-0.323586666133125,0.259321681662763,9.7694452454963,605.037513581458,23.0708002359137,-187.374389164187
8135,999,-0.324225497108446,0.259483758606803,9.77005792622583,603.260080239477,23.5277879135135,-196.380619822326
8145,1000,-0.324255250819018,0.259218532141186,9.77035670442911,586.694135074151,28.7998351604972,-198.256831912279
8155,999,-0.323767179164485,0.260219024359863,9.76961509030367,577.930041887177,25.9648580936028,-193.684794225738
8165,1000,-0.322977217959805,0.259164753902893,9.76898992457575,593.71655265913,41.2581324468794,-183.636984584035
8175,999,-0.323351024874704,0.259140749256295,9.7707143816438,610.770764103608,42.2986506560158,-184.221896213221
8185,1000,-0.324516421987693,0.258218569508128,9.76931146570955,598.552346351105,33.3161874072858,-181.85072504205
8195,999,-0.32285799078939,0.259868510494768,9.7690432819445,591.462342846975,39.5388466875481,-187.055263932085
8205,1000,-0.324115838158124,0.259617944574967,9.77019451659284,604.861746002996,41.4668432578265,-183.41713725579
8215,999,-0.323363220238577,0.258939857165154,9.76989053419496,597.430870646477,26.2128303630592,-198.306209534176
8225,1000,-0.324593198804825,0.259112913320074,9.77044411877464,584.50787610672,32.3907550044488,-192.348434965714
8235,999,-0.323956897775751,0.258834916745197,9.77154454994092,595.548720270098,28.2862922914327,-201.552203619865
8245,1000,-0.323911886383026,0.259196116075324,9.77106814978618,592.883774837286,31.2007874622621,-198.28431282831
8255,999,-0.324007714971734,0.258555488952832,9.77069560151982,597.362704655889,33.4702950587402,-200.64442561285
8265,1000,-0.323801641652257,0.25906256226135,9.77038335201712,599.857527775908,36.7802768359899,-194.546908248157
8275,999,-0.325011279697865,0.260263953810137,9.76948508525637,589.695046980683,36.1387865292345,-195.307791268582
8285,1000,-0.324381253334511,0.258763746246057,9.76903922148714,587.592955525208,60.9849354395644,-183.664465500065
8295,999,-0.324125520551581,0.260153272016557,9.7701976530267,581.144747996275,49.0621471806514,-195.335299693037
8305,1000,-0.324637837924364,0.26076185241488,9.76948717092723,586.608130501366,45.4258161183114,-194.794236492432
8315,999,-0.324253513995499,0.258935974313941,9.77017824113761,588.509886477784,59.5090691839504,-196.875771462516
8325,1000,-0.324171587669541,0.25933253070672,9.77008441701117,576.29928206592,44.976442613966,-186.659885347394
8335,999,-0.324990883035903,0.260972368696641,9.77044774988851,575.15996752973,49.4395363840855,-195.775434484317
8345,1000,-0.324413732520752,0.260305067757256,9.76980869566086,574.079796410792,54.279034781945,-193.914847179454
8355,999,-0.324743899208909,0.259289883486438,9.76989908146648,569.7034535685,62.27560802318,-195.665400786497
8365,1000,-0.324877108089562,0.260051705439642,9.77062392938224,562.532696006435,51.4554812382785,-196.77286244663
8375,999,-0.324285760037729,0.259328131840773,9.77058021959962,558.806980124183,55.8448573308495,-188.34815988147
8385,1000,-0.32472712072971,0.259203323985995,9.76958496721504,564.671008298921,42.788027941875,-196.717900614569
8395,999,-0.324855777758479,0.260386650149538,9.77073409940781,565.694585549979,39.8626617917841,-199.48907178574
8405,1000,-0.324426774711458,0.260368268400023,9.76915040928164,572.714614512283,57.9309153505498,-191.386602904645
8415,999,-0.324782020278987,0.260408663649513,9.76988944277354,577.841263219891,74.9117179193204,-205.265840921288
8425,1000,-0.323187204377234,0.26033469126245,9.76977334204592,565.483216762745,70.1809735372286,-202.791183057317
8435,999,-0.324475752054051,0.259883939988294,9.76937542408008,565.626581754194,66.1947163479013,-200.25930767048
8445,1000,-0.324292751754297,0.261041619003232,9.77096735770845,575.2743804262,50.1660490122853,-208.699580003882
8455,999,-0.324840828521559,0.260009041474848,9.769951803122,563.137358975138,56.3770386220621,-192.887049916543
8465,1000,-0.32424736970266,0.259836373587822,9.7688617689562,564.297550086957,51.2198761046091,-200.812557103119
8475,999,-0.325235913885296,0.259572923161104,9.76845618333932,563.674064509765,58.5039423407262,-188.320651457014
8485,1000,-0.323704997386856,0.259747554580682,9.76969379345246,572.281326099955,61.8814041286068,-196.965228858844
8495,999,-0.325215948051552,0.259166055761846,9.77012471372965,563.122885224319,78.0109406100053,-182.543882321467
8505,1000,-0.325022803825826,0.259205957318059,9.77099418845645,561.581549243068,71.8747698089383,-194.464465500065
8515,999,-0.324126762735812,0.259588266609985,9.7707710419906,562.962485516234,70.0447790937477,-185.349741615875
8525,1000,-0.324623046524824,0.260231394155728,9.76922959525807,560.468175454552,61.3081453291983,-191.688892980981
8535,999,-0.323622150359537,0.258995367025018,9.76954143321484,566.576549741209,63.9716066422683,-198.33371795863
8545,1000,-0.324015049257651,0.259083969636784,9.77019541082212,561.009621494901,64.8152636302402,-182.922480767241
8555,999,-0.324357121815534,0.259160109945424,9.77058579940181,570.585361477062,52.983608821107,-193.657285801282
8565,1000,-0.323271383611062,0.260194777809927,9.7702904491473,579.671869643637,73.1963134737439,-191.166755576401
8575,999,-0.324372043760035,0.260108636190802,9.77080931858501,578.372616408529,77.1555160374704,-191.814221362798
8585,1000,-0.323958350421687,0.259174444974277,9.77148285659207,583.429795001183,77.9018392388215,-207.765228858844
8595,999,-0.323746442647901,0.259073092017098,9.77118784002791,570.415471725122,57.5397884940442,-202.322439504604
8605,1000,-0.32421234179178,0.259009103638975,9.76960942159136,569.138423690545,52.9421109327407,-202.818663973347
8615,999,-0.323927383469809,0.259706096814058,9.77104291201417,580.10212603555,62.7772542597828,-202.542506900244
8625,1000,-0.323765182608475,0.259152243218357,9.77027283461519,581.759071717236,38.6476908211504,-201.087366263424
8635,999,-0.324381076258526,0.260120485808553,9.76920696449427,578.341538406159,42.8865628910831,-201.167085677495
8645,1000,-0.324155301831846,0.259914784943769,9.76984369361218,577.43313730769,46.0873780023209,-198.669045652737
8655,999,-0.323682433960158,0.259505514549806,9.77030705199088,585.431358676069,29.8420874779069,-204.385571338728
8665,1000,-0.324369004656812,0.258870903354942,9.77035258190775,583.170009738716,37.6904506779406,-208.040038019149
8675,999,-0.323957059007979,0.259179963025346,9.77078833684168,586.01446453139,43.3595838414097,-204.165503943089
8685,1000,-0.323907817168619,0.25941873536471,9.76981180250518,573.958278838169,41.8278251939296,-204.220190690905
8695,999,-0.324494946096031,0.260135682445008,9.77033583124673,589.162589273355,31.783414485802,-189.063378917299
8705,1000,-0.323715941566245,0.260169408289692,9.77032532469542,587.486490455392,37.4844384010988,-196.77286244663
8715,999,-0.323417020406483,0.260098928769055,9.76996044073881,581.884099964661,35.3266662496743,-193.904861621377
8725,1000,-0.323413650420175,0.260355288733909,9.77013975790921,588.980941535578,36.6227463648768,-202.488892980982
8735,999,-0.324292536687989,0.260782880030579,9.77032071271768,587.832872810601,47.4283801126721,-191.731696089433
8745,1000,-0.323283064233291,0.258767940992826,9.77081900191043,605.266022480938,32.7756482922287,-194.079732675637
8755,999,-0.323615128677622,0.259386626644303,9.76951382324783,586.153026188998,47.0247679532971,-195.087723872942
8765,1000,-0.323976923833343,0.260375625812518,9.77012706206967,573.955515038493,57.878644922306,-193.804923515333
8775,999,-0.323219558674963,0.259759605913734,9.77001316899781,600.224088007313,47.625233724908,-196.875771462516
8785,1000,-0.324240503682215,0.259534541249226,9.77059539477127,592.236193069134,40.3286250155496,-197.81713725579
8795,999,-0.323785657777909,0.25915598187782,9.77104725356683,591.549833854432,42.0804540797287,-197.480956800526
8805,1000,-0.324098575395874,0.259865407236083,9.77093081871212,595.024708496376,60.0333115431566,-197.569809011515
8815,999,-0.322981461463252,0.259185907654419,9.77053817061464,576.346008645923,30.4587811556435,-193.739811074648
8825,1000,-0.323547563255779,0.260580889536925,9.77075442568638,584.343684516995,47.8325729894276,-194.959121988615
8835,999,-0.32410869340073,0.260496221206211,9.77065551685235,588.022577021318,49.0239868394094,-195.967993455502
8845,1000,-0.32398351531779,0.259551655566722,9.77195065922168,580.137883569526,46.9777917456752,-203.835457866477
8855,999,-0.324783959198499,0.259069663101205,9.7717649520115,589.209452034471,34.0445798039017,-200.47937506612
8865,1000,-0.324630396387076,0.259213858241575,9.77185660306329,600.231490716004,39.2412613895708,-202.269045652737
8875,999,-0.324444000887307,0.259450466682249,9.77113761823043,603.745186738022,49.0835572615238,-200.80947615958
8885,1000,-0.324224976330465,0.260303825122882,9.77166266151168,594.618849215842,47.6512156229925,-194.217137255791
8895,999,-0.323657467949577,0.260503028347724,9.77048201499785,592.862150213872,59.6716420652565,-196.243077700051
8905,1000,-0.324533872943887,0.259623544263872,9.77151721709154,588.080455445253,54.7074433441772,-191.771335729073
8915,999,-0.324193818443628,0.259960443388294,9.77176502708555,597.40867094844,73.5540416982904,-208.291767611337
8925,1000,-0.324392756141738,0.259119307701443,9.77313387819923,583.562660035012,61.9221752060347,-199.3560685535
8935,999,-0.32398044180381,0.258374289361636,9.77261290366173,589.618591242229,53.889127775001,-198.99392014555
8945,1000,-0.32325059820228,0.259977303863492,9.77175368896012,590.020253323245,57.5284947370104,-197.78965633976
8955,999,-0.324074353340882,0.258660275955535,9.77371103026916,595.42971302685,63.132996049478,-194.730114355027
8965,1000,-0.323954428742653,0.259637476869389,9.77322406449626,598.153631613643,68.5224593488394,-207.05072504205
8975,999,-0.323468711424486,0.260107388837678,9.7732178769948,604.646829285469,74.6351441930165,-200.066748699295
8985,1000,-0.324545111567939,0.259481642945751,9.77350999710467,601.449503585609,49.8192338557628,-205.182022751974
8995,999,-0.323453042188562,0.260204751728571,9.77332614247012,594.743330018159,55.8157439704378,-199.92920657702
9005,1000,-0.324006595352664,0.259932978505473,9.77259564681058,587.504054596178,59.4676062831452,-206.446144889378
9015,999,-0.323950742841295,0.25948438837449,9.77232809024432,589.467483170753,41.5595878270653,-201.854796288869
9025,1000,-0.324433527425508,0.259044830827505,9.77234841374501,575.804221851291,32.9625508347795,-213.646144889379
9035,999,-0.325146797327716,0.260302924083246,9.77064826156638,577.17621909503,53.684925685729,-200.864493008489
9045,1000,-0.325540898828028,0.260339787077506,9.77141004138884,579.835543783723,49.8635939961937,-196.607976950447
9055,999,-0.325110683000372,0.259442481344244,9.7714354765857,566.483860853727,59.1950646852869,-199.8191728792
9065,1000,-0.324469178673058,0.258506202340398,9.77337611932446,589.691701481987,59.8183610890436,-217.493473133653
9075,999,-0.325248349355358,0.259656426764282,9.77269211409641,595.251859137912,51.3029907875563,-214.893789480535
9085,1000,-0.325043353658707,0.259575681466766,9.77350391983333,580.069448676823,62.2786202993008,-213.72858763747
9095,999,-0.325049697203647,0.259851149488481,9.7721584141778,586.419658783209,51.0454439497791,-205.183315647923
9105,1000,-0.324710016528327,0.259700662791377,9.77333733365568,610.685485537066,46.0568114497636,-215.459885347393
9115,999,-0.324065741526819,0.259343061656032,9.77190887027574,595.152877674015,56.5243997299482,-212.858166070865
9125,1000,-0.324064061234083,0.259977335878925,9.7706023385507,591.111690490929,51.6860286382641,-208.06751893518
9135,999,-0.324425650505434,0.259840343099863,9.77343536170378,590.28921810466,39.9310874020691,-215.223890573994
9145,1000,-0.323154374007068,0.260001073774292,9.77301389514848,595.714343046946,50.6169518298503,-217.520954049683
9155,999,-0.325125912456212,0.259242736507061,9.77225442372038,590.897091508865,48.7446999559582,-212.913182919775
9165,1000,-0.323563031223484,0.259574602637168,9.77129015196726,589.747021576458,54.6512016730295,-207.930114355027
9175,999,-0.324448368857283,0.2595237437902,9.77099592706807,576.293049552959,45.8774309503095,-203.202709087164
9185,1000,-0.325320771499865,0.258415616485531,9.76998901035576,589.982620896447,42.0077135044705,-206.226297561134
9195,999,-0.324685816265053,0.260305228324281,9.76974444774005,588.543555891309,50.8231319458097,-196.408128246782
9205,1000,-0.324897025730955,0.261015479781398,9.76968057938421,595.857043840797,46.860005812519,-191.001870080218
9215,999,-0.323602430805267,0.260177178338268,9.77019708672604,584.699901630941,47.4579035435319,-194.785131203937
9225,1000,-0.324692105244019,0.26003831155354,9.77124331985256,603.652226860104,59.8241556642303,-195.563702141287
9235,999,-0.324606305566184,0.260749246799327,9.77155034597594,600.835960954145,63.8657065308571,-204.468096612093
9245,1000,-0.323747345272471,0.261092756790412,9.77099335987278,599.307326619668,67.7705746123127,-198.366755576401
9255,999,-0.32545905041106,0.259850949887481,9.77115379148626,597.476669318095,43.8975628292631,-198.718835901001
9265,1000,-0.323820000310584,0.26163715910319,9.77138176548623,591.434342369369,44.504367607855,-201.746908248157
9275,999,-0.322972323680578,0.259346353773177,9.77166155506226,593.657836815105,42.8849828127583,-199.461563361285
9285,1000,-0.324164328891319,0.26016257610052,9.77115672137703,594.198869693468,31.262917183791,-198.696526568768
9295,999,-0.323745962148116,0.260586071877892,9.7722831242075,595.128343334208,53.5348464042104,-203.147692238254
9305,1000,-0.324625972045382,0.259542711323293,9.77249826647903,599.619272878214,48.2843686089976,-209.524007484798
9315,999,-0.323734290580371,0.260174704957144,9.77192828550307,617.866041582935,50.2581736820721,-203.862911274084
9325,1000,-0.324349630275919,0.259480602841123,9.7723760915159,607.11108032219,53.0357169446842,-198.201870080218
9335,999,-0.324343682381762,0.259591329010636,9.77169241227205,615.518148204975,59.1416646251822,-209.667188834087
9345,1000,-0.324322461257177,0.258985223079993,9.77196705128669,627.202987144177,56.0984759548914,-204.879732675638
9355,999,-0.32450586564313,0.258718444828519,9.77241274863178,612.253058210851,59.6606160285856,-206.778804266312
9365,1000,-0.324387230940312,0.258256380326258,9.77289972865405,617.963018316516,50.5477727715123,-208.507213591668
9375,999,-0.324740742372965,0.259227295768108,9.77396216710743,617.264296074492,55.9154684081528,-208.539343431431
9385,1000,-0.324873313061098,0.258625753209587,9.77252864510545,618.865020338987,55.9996479505509,-212.491946416096
9395,999,-0.324324842163969,0.25930923755896,9.77413524208944,604.39148495857,61.2278082299791,-203.807894425174
9405,1000,-0.325238726815051,0.260059477702491,9.771970459704,617.040318809999,52.5536337716373,-203.615610538233
9415,999,-0.325047306780266,0.259351462815621,9.77280459442396,610.417061791625,56.341493006373,-194.922673326212
9425,1000,-0.324728511946229,0.259991417260961,9.77138224183203,611.154438772286,67.67323317449,-197.322480767241
9435,999,-0.324404688906844,0.259624129267305,9.77221631631096,606.393181776867,56.3915640680214,-207.741599122237
9445,1000,-0.324885666526262,0.259789416562284,9.77360634465512,610.327084101983,51.4907599855747,-210.67820595808
9455,999,-0.32459275907518,0.25807710928753,9.77303810239528,605.796698208015,46.3999055700004,-203.945436547448
9465,1000,-0.32493362237989,0.258899279489557,9.77367679250105,624.635054655543,53.4374993097762,-208.61713725579
9475,999,-0.325748188943041,0.259549006517787,9.77301321566284,602.170595651052,55.8842484402923,-210.547458416646
9485,1000,-0.324870776359563,0.25844698226806,9.77286874119445,605.04964990158,59.4260074641125,-217.218663973348
9495,999,-0.325004850108739,0.257722591200356,9.77369521586658,599.145043588712,69.9114952784853,-203.422776482804
9505,1000,-0.325783447576076,0.258750538502197,9.77250522015097,590.284199426112,63.3795055937841,-209.386602904645
9515,999,-0.324966590436389,0.259897546117394,9.77344319065133,597.491868521861,75.6082787235551,-199.92920657702
9525,1000,-0.325134038020495,0.25910400000416,9.77385132489984,591.676917720385,57.14892105131,-207.930114355027
9535,999,-0.324283226774474,0.259053050895463,9.77339811241588,582.484078340564,55.4096285961899,-200.3693413683
9545,1000,-0.324065645181531,0.259521315428043,9.77410347684404,595.325487292119,63.0373983119654,-208.644618171821
9555,999,-0.324402828905902,0.25957914957425,9.77440260332588,597.670330938851,64.6077374907385,-204.715672432188
9565,1000,-0.324188445914773,0.259580305406511,9.7736843656508,589.080590311151,64.4279204703113,-204.412557103119
9575,999,-0.324565975645605,0.259195710040327,9.77434169895241,602.233342909441,61.3632682819437,-201.167085677494
9585,1000,-0.324511192483163,0.258992465579232,9.77400611477472,596.013012004435,60.0983662943187,-202.159121988615
9595,999,-0.324164830540131,0.259532203611526,9.7737281019207,604.171757230689,68.7066229705571,-212.50055655295
9605,1000,-0.323947200993273,0.259830775212814,9.77541836546578,600.222665786571,63.4809762063167,-202.873625805409
9615,999,-0.324905820335828,0.259216279243726,9.774789220208,610.992004382928,51.7327101978808,-203.340251209439
9625,1000,-0.324868564370676,0.25914259347442,9.77584310517282,611.617453374409,57.7548082076944,-206.665992217623
9635,999,-0.324460674379195,0.25892269503161,9.77425411361798,613.695857609526,59.7791344491444,-211.400219574751
9645,1000,-0.323986823463635,0.259209612802088,9.77523605551116,614.647176757452,58.3821724518934,-211.914847179454
9655,999,-0.324989271542968,0.259843334824083,9.77523391524923,610.750687420884,55.7575257481442,-213.573385106695
9665,1000,-0.324780299317574,0.259502787597895,9.77405756839129,610.584251227056,32.4973977935824,-211.117900614569
9675,999,-0.32502332063484,0.259454549167896,9.77362477505266,589.86708610205,48.2168841176604,-205.788500985933
9685,1000,-0.325691925222677,0.259679169192895,9.7736097718063,594.450368698681,58.1202978932012,-212.409503668004
9695,999,-0.324294826731669,0.259780262700398,9.77478331477131,608.376610970823,43.3519628304231,-203.367759633894
9705,1000,-0.324603561996046,0.258794905957342,9.77497870750423,610.179882772788,50.2579688126584,-212.079732675638
9715,999,-0.324511806197188,0.258309156222401,9.77508369844603,613.318763641474,40.6485669594094,-216.021634883189
9725,1000,-0.325088324087355,0.258520699154912,9.77369018957468,609.799079393441,47.8445947337557,-216.696526568768
9735,999,-0.324678075062984,0.259111133390071,9.7737301933525,616.495777166281,47.1581813210469,-213.738435653424
9745,1000,-0.324830181231558,0.258528233722995,9.77505800321687,611.784981221582,47.7865348443119,-205.951488400829
9755,999,-0.323520056222388,0.259391362224946,9.77402681315245,613.106678253761,30.496390318948,-214.673722084895
9765,1000,-0.324721767469658,0.259660889875846,9.77314357762913,604.740832588187,42.6466525368548,-204.577442599302
9775,999,-0.325166540870069,0.259980358340533,9.77439667774487,619.677013559068,44.3935635705789,-205.018265101193
9785,1000,-0.325259956499511,0.259761520987069,9.77331310482948,606.13991210242,37.3827522892343,-207.380496034416
9795,999,-0.324526672028512,0.259359846446716,9.77281063806337,607.253807517526,39.7212154446453,-209.144528769441
9805,1000,-0.325089186868827,0.259129609438437,9.77431432029088,604.447200986788,58.8384276668951,-209.881259393195
9815,999,-0.324155797749717,0.259357753381199,9.77446433930907,621.117031079412,42.4991894038101,-207.273955906502
9825,1000,-0.32505818943741,0.259881970876229,9.77478786836288,629.060356339166,42.3605530942294,-209.688892980982
9835,999,-0.324680596434671,0.259246209028027,9.77397234426881,617.523348967677,37.4298670869167,-212.473048128495
9845,1000,-0.324595971127776,0.260034645241537,9.77446517405367,616.906602386432,39.8518217342831,-209.194236492432
9855,999,-0.325244449875131,0.259031547226012,9.7749576772885,639.729408609461,32.7866439713474,-220.863117587267
9865,1000,-0.325483601047845,0.259065596080212,9.77576258324728,630.844859087801,49.8558032019989,-215.597289927547
9875,999,-0.325349479121926,0.258823247176991,9.77556090668182,624.1006323917,62.3180083193771,-205.210824072378
9885,1000,-0.325241911141344,0.259475804938222,9.77486856937982,632.881885051146,60.6665319400478,-223.539274660371
9895,999,-0.324290443773294,0.259823329426536,9.77572153838459,627.39792132211,42.4664738721991,-214.701230509349
9905,1000,-0.324864846619386,0.260117412215615,9.77577400295425,627.716447241583,40.632701386453,-206.775915881745
9915,999,-0.32588597162791,0.259836307141764,9.77443002152493,612.013369513178,51.3690757729039,-193.409709981188
9925,1000,-0.324940238105454,0.259815785563044,9.77457187897388,616.12101201615,56.3117087217122,-212.354541835943
9935,999,-0.325885946526284,0.260084399195055,9.77344448874575,621.301502626293,56.0271446535388,-212.858166070865
9945,1000,-0.324981493298814,0.259272025613438,9.77407585946056,608.402132683406,47.0819128102281,-202.131641072584
9955,999,-0.325181272859002,0.259257008505957,9.77425242706981,621.508431491577,37.6951303203604,-216.489278098924
9965,1000,-0.326170186491917,0.259216230235059,9.77375259494286,609.024201872769,48.2642187079295,-212.272099087851
9975,999,-0.324196080794569,0.259399367338778,9.77354589165195,614.75139568813,35.9445138064343,-222.953757845846
9985,1000,-0.325077164901403,0.258839118001816,9.77392366461835,610.332517428366,49.5828728270584,-211.1453815306
9995,999,-0.323724174808318,0.259996464016424,9.77402490680709,603.146628023982,42.134427406157,-214.48116311371
10005,1000,-0.324859608435798,0.259738849224055,9.77568742895037,600.354954499361,37.9214323136572,-204.49499985121
10015,999,-0.324309520670028,0.259878279162465,9.7750568785709,590.036785746441,39.1581831151183,-196.655704066876
10025,1000,-0.324602441177475,0.259135028376383,9.77547304052803,601.614347762589,50.9856101824323,-204.769809011515
10035,999,-0.324243473982426,0.259352207356168,9.77570553961913,625.012350263182,59.1496811877591,-204.550621885458
10045,1000,-0.325104073508564,0.259691900364866,9.77596513999249,621.364741828903,60.367629922247,-202.598816645103
10055,999,-0.325628807230769,0.260123871332673,9.77488823505919,603.842629249224,63.2876382313159,-213.518368257785
10065,1000,-0.324969690487859,0.259145916317957,9.77532118850464,610.038092352371,54.5722423230067,-224.913320461897
10075,999,-0.32534718531331,0.258914410440095,9.77574175921534,606.063593936626,55.9102648760659,-201.992338411144
10085,1000,-0.324184783091349,0.259364636253177,9.77531567031658,615.459686384406,57.9784126227994,-220.92858763747
10095,999,-0.324531030834622,0.259426035512161,9.77525624886755,608.742854071862,69.4995389123782,-214.481163113709
10105,1000,-0.324239571339712,0.259647854751399,9.77478960273821,602.358635726228,55.3395913733398,-214.25072504205
10115,999,-0.324058683478963,0.259125557561346,9.77365626011689,605.0957732029,52.6612775526619,-217.259513983663
10125,1000,-0.325044659171833,0.258749091473988,9.77506368330746,587.516606956206,61.3590204131941,-212.959121988615
10135,999,-0.32468119662556,0.259265199899019,9.77367177463417,584.293866837986,41.964493520364,-216.049143307644
10145,1000,-0.325075522390938,0.259994813123924,9.77521692298344,596.633742797293,48.2945601000033,-223.649198324493
10155,999,-0.324619907751277,0.259244838955088,9.77561328025974,603.094143359707,49.3419705476167,-216.626820221199
10165,1000,-0.324337428966039,0.259633914742696,9.77507578524878,615.272705568151,58.5406750461791,-219.774389164187
10175,999,-0.323898346646303,0.259218622450562,9.77485224321141,611.379180513503,60.9843963616968,-213.353317711054
10185,1000,-0.324726926992829,0.258823143565878,9.7748240656217,614.4648843079,76.3986838139723,-226.067518935179
10195,999,-0.325360943705078,0.259407106328761,9.7747316082223,600.544708341789,74.6929616516018,-218.222308839588
10205,1000,-0.325397529604245,0.258572541655229,9.77403259140052,596.24985274514,48.1937470058587,-218.840038019149
10215,999,-0.324764551988919,0.259016569272037,9.77550546014583,626.224314825628,52.7385290078798,-213.023216617595
10225,1000,-0.324004738343751,0.259329601411498,9.7746898463886,593.259314894529,68.4865590731266,-206.748434965714
10235,999,-0.323818381961471,0.258098093047357,9.77498899374645,608.161454431485,60.552301241928,-198.581293778726
10245,1000,-0.323992705418574,0.258682252886972,9.77446997317544,610.513665014299,54.0817099607551,-210.925534202355
10255,999,-0.32476099082062,0.259192116231529,9.77446218820344,599.582834033787,63.0214722273887,-226.33729405381
10265,1000,-0.325137292865214,0.259398748141639,9.77600273465845,610.134118673886,59.4830131976612,-219.252251759607
10275,999,-0.324058345231161,0.258936354908061,9.77777537445327,616.937019252435,48.6066822286106,-212.693115524135
10285,1000,-0.324593018979939,0.259617212227576,9.77816274425482,599.486822883169,48.3001890125804,-213.288892980981
10295,999,-0.324771047681722,0.259693309336354,9.77536346311758,595.566484553542,51.6118701216272,-207.411498028777
10305,1000,-0.324926634344386,0.258857349748847,9.77633870787636,605.304090016566,57.0785561003847,-214.360648706172
10315,999,-0.324685416132084,0.259653297591723,9.77646875750001,614.056783172877,56.5854891612411,-210.574966841101
10325,1000,-0.325027865760604,0.259394006649443,9.77593098175182,605.865351083618,63.5124734566242,-203.45072504205
10335,999,-0.32630991295964,0.260349738499002,9.77614390726135,604.49930214616,45.0033460191646,-208.786919251527
10345,1000,-0.325516372593879,0.259438470984631,9.77514130304384,609.645033509873,37.1579960008372,-215.102633438997
10355,999,-0.324539838487766,0.259930867530884,9.77418576849947,609.707911346878,34.4730537321363,-224.081603248501
10365,1000,-0.324513458855286,0.260078799210862,9.77537262326332,617.077692265709,47.128606707001,-217.053778477165
10375,999,-0.324572468738976,0.261100833634719,9.77517623964463,621.107344895109,39.516107140857,-210.574966841101
10385,1000,-0.325121015409345,0.260155273542202,9.77534779761805,608.951617646922,44.2473665293204,-217.85072504205
10395,999,-0.32357641792897,0.259699182843996,9.77630518300705,601.975589790911,39.6329316045797,-211.922879639395
10405,1000,-0.325034550893084,0.259970096587063,9.77706211776074,598.206199146451,64.3451318695687,-222.742328095485
10415,999,-0.325151401491885,0.260022098206661,9.77731948721427,608.616315427709,51.7313118248489,-219.817797457978
10425,1000,-0.324604018539485,0.260054359207769,9.77689521590242,594.243867877465,78.3185962641063,-211.365228858844
10435,999,-0.324841449009325,0.260609582714639,9.7769372597287,582.401026344764,68.1770198029355,-214.591196811529
10445,1000,-0.325255237081654,0.260105201606746,9.77706362089408,592.000651148867,68.468616544477,-202.104160156554
10455,999,-0.325625826030571,0.259575511672377,9.77710155805469,578.48192133841,71.7078743141247,-199.901698152565
10465,1000,-0.325516912385575,0.259315293121173,9.77656954100301,596.876336533217,65.9921907168923,-205.209503668004
10475,999,-0.325436266299955,0.259373703385646,9.7764078066351,583.583241346962,54.8756600252162,-210.932576359016
10485,1000,-0.325130494655107,0.258831195388307,9.77742080039654,592.072451253635,59.3979443315353,-202.791183057317
10495,999,-0.325397448370431,0.258962466647819,9.77697841013352,598.736908981462,78.2637098614952,-208.786919251527
10505,1000,-0.326246511137538,0.259896871837903,9.77630665281425,581.521682641307,73.8544734803642,-212.327060919913
10515,999,-0.324706066176338,0.260157337022803,9.77725040020613,591.746178292929,67.7360344781523,-208.484326582522
10525,1000,-0.324746294494077,0.259627959972814,9.77727098452438,605.788062960088,74.0918450342572,-211.227824278691
10535,999,-0.324883388236961,0.259131169617708,9.77815181978242,604.604385438393,84.8011280633862,-212.99570819314
10545,1000,-0.325462343953831,0.259765559040556,9.77753706806611,598.790018468617,87.1238412783132,-206.611030385562
10555,999,-0.32543976816966,0.259157931756335,9.77931692044454,592.285799108059,84.6954487210379,-209.062003496076
10565,1000,-0.326473409390421,0.258528190948265,9.77767510089678,600.473208448555,98.8805591873483,-203.97286244663
10575,999,-0.326552534060542,0.259150896480821,9.77831803400564,598.1239494256,94.6714932693948,-209.859747805271
10585,1000,-0.325864956481364,0.260148954309157,9.77686587073744,600.213324655204,67.949334673614,-213.096526568768
10595,999,-0.326505323822923,0.260202955731097,9.77823987027856,612.203714856513,76.4034957508334,-209.612171985177
10605,1000,-0.325516143063298,0.259593065640129,9.77652159881362,622.844828905677,63.1655771664795,-213.865992217622
10615,999,-0.32629728651274,0.260117094932284,9.77615986368841,603.47215346287,70.8548348912627,-207.659073848872
10625,1000,-0.325344026711539,0.260277504810493,9.77723975474231,600.098434548083,89.2827495694993,-214.498053286325
10635,999,-0.32597610257673,0.259462757931947,9.77716167075446,619.963299371828,65.5732447313955,-214.976314753899
10645,1000,-0.325866305575148,0.25946098154677,9.77538414452167,615.586629771346,72.2270095109946,-210.568282293958
10655,999,-0.325838266234434,0.259792724880435,9.77718450914234,625.353886351213,66.9921267206991,-205.540925165838
10665,1000,-0.326559931185601,0.260859277203828,9.77623735109604,616.438349478716,81.2209269334866,-218.757595271058
10675,999,-0.324945506453405,0.259370650410838,9.77694940929271,626.631813544494,89.1280835196837,-216.434261250014
10685,1000,-0.326285656330026,0.260017680284063,9.77619996298873,615.687366306632,69.6966843843754,-214.498053286325
10695,999,-0.324723220064304,0.259189465282766,9.77614087919791,614.933504212546,81.5382832307382,-206.091093654937
10705,1000,-0.32557319571151,0.259453293012518,9.77730948673365,615.11368693616,80.7158241437459,-210.485839545867
10715,999,-0.325851195520063,0.259736369423366,9.77694927147155,616.926788352146,77.7779107408933,-208.346784460247
10725,1000,-0.323794145967496,0.259632263469178,9.77683025854774,612.052107988092,77.6604107265905,-205.099580003882
10735,999,-0.325241187193648,0.259383364767016,9.77756160491467,623.721194830971,77.0101172371764,-196.793246189151
10745,1000,-0.32541987231186,0.259293239437622,9.77667789505115,605.259136145207,80.2988265712647,-197.844618171821
10755,999,-0.324696560912573,0.25946516679876,9.77704476111793,607.673165557861,86.1544380521665,-209.117020344987
10765,1000,-0.32541578104748,0.260058939984036,9.77742906069514,605.936389217442,66.1408847797787,-205.264465500066
10775,999,-0.324843242440724,0.259415655936159,9.77762555176292,622.399896558034,65.2310338238346,-208.209242337972
10785,1000,-0.324867747510296,0.258965178973195,9.77711533708574,634.557757419153,75.5969227702511,-198.641564736706
10795,999,-0.324382018199676,0.259062389913594,9.77676925828571,626.431382732255,74.0101830075604,-202.157388957874
10805,1000,-0.326239732668763,0.260133143644383,9.77685166540633,615.492848867472,68.9161605522924,-202.40645023289
10815,999,-0.325492480631852,0.259779127782516,9.77743501205467,601.906490211151,76.570156423509,-216.379244401104
10825,1000,-0.325490266703472,0.259691525649022,9.77759901464687,613.182765456591,81.811018187681,-202.571335729073
10835,999,-0.324614426528101,0.260338046374459,9.77669906750411,610.029187390005,78.8936325590383,-199.076445418915
10845,1000,-0.325595439941355,0.260367427890803,9.7769091248111,622.710272433747,80.8610339955568,-197.047671606935
10855,999,-0.325567442174716,0.259145897068056,9.77877117756259,634.987200991433,75.4017338437083,-199.04893699446
10865,1000,-0.325161074485496,0.260079842572946,9.77677485741444,618.292811880209,77.5050593530194,-213.536221225256
10875,999,-0.324502731346561,0.25892522601676,9.7768451049609,612.690226842708,64.9239552207914,-215.223890573994
10885,1000,-0.325225256063602,0.25952407782875,9.77761883687069,599.16956984428,74.21711040062,-213.536221225256
10895,999,-0.325503077898292,0.258760098280264,9.7766133935078,612.942471318727,75.2878265972455,-211.097626905746
10905,1000,-0.325227089083708,0.258948978964859,9.777198277823,608.019176499361,75.2463065554532,-215.322480767241
10915,999,-0.326077831773317,0.260215176828162,9.77725329662264,610.928727768976,76.635667895332,-207.356481179867
10925,1000,-0.325759941626907,0.259023376671996,9.7770453428784,605.878139832697,90.0339731742447,-214.085839545866
10935,999,-0.326097108199165,0.258877582241363,9.77745225511962,613.322328520156,84.3126105641074,-210.299882596551
10945,1000,-0.325970396702013,0.259856839481168,9.77568695375347,610.543671489799,82.3744416317929,-216.064465500065
10955,999,-0.324800864872579,0.260510402541625,9.77696610940962,616.129369799125,75.0671717036689,-213.49085983333
10965,1000,-0.324943077767222,0.261101377499053,9.77846193394051,602.285282850501,80.5403914252836,-204.962175423729
10975,999,-0.324993377807632,0.259423423110717,9.77819936270966,620.938341136789,75.1782964993759,-208.704393978161
10985,1000,-0.325339083291275,0.259405132379799,9.77730779575075,598.544059803648,88.7420802133267,-202.543854813042
10995,999,-0.325452346219011,0.259707550117893,9.77839414110879,589.918774442069,82.2165665052084,-200.836984584035
11005,1000,-0.324275608999307,0.259728574670555,9.77879664017384,596.937754269748,91.9052791565601,-211.337747942813
11015,999,-0.323941920611594,0.259663225142032,9.77754903262934,604.004476000955,81.1522477058326,-200.86449300849
11025,1000,-0.324288316696273,0.259730779793076,9.77787655514086,593.869438392179,74.596538798607,-203.643091454263
11035,999,-0.324133261785129,0.260448998105223,9.77737889926415,597.310392433237,69.6855832434433,-208.374292884702
11045,1000,-0.324755098829115,0.26005521246191,9.77675213653355,605.423640461574,70.7042542052257,-207.407976950447
11055,999,-0.325229112885929,0.259320531955283,9.77680051301791,603.54235640204,79.7755659702408,-195.610383937587
11065,1000,-0.325580994925825,0.259114234461774,9.77783014850253,617.006053983302,75.7062258788266,-199.740801377928
11075,999,-0.324676893960354,0.259680799588448,9.77904974844807,614.150753642443,63.268964816071,-214.398637840345
11085,1000,-0.324888974346543,0.25952088883838,9.77763878047264,628.995410269544,72.1567422503298,-212.656831912279
11095,999,-0.326232882015157,0.260838721995125,9.77935081978216,607.950269086858,75.0282612952567,-210.795034236741
11105,1000,-0.325427984832984,0.260735586020444,9.77648067013628,604.668099491027,81.2260013681257,-216.586602904646
11115,1000,-0.324292980428446,0.259506986222949,9.77880318323037,616.30010956619,82.8537030189414,-214.882786110752
11125,999,-0.325561660631574,0.260804621664095,9.77849292250947,614.801278112735,79.7217199574605,-200.176782397115
11135,1000,-0.325840163466711,0.260860629219596,9.77804267278059,616.547059532221,78.7088471020806,-199.383549469531
11145,999,-0.325721452534163,0.259788090478505,9.77772924782155,614.144871042413,63.6326782791028,-203.587827029534
11155,1000,-0.325700904537445,0.260429783637959,9.77751281007277,607.08276991764,64.9861939754753,-199.933167790142
11165,999,-0.32524944277412,0.260175316581825,9.77722350684017,608.534822978387,56.9368285179936,-196.270586124506
11175,1000,-0.326053319206045,0.259483473581776,9.77846359030437,602.804131509489,65.1202637827099,-203.258358629836
11185,999,-0.324760033068222,0.259791006258373,9.77864047512137,621.266404135582,62.9601297688798,-197.453448376071
11195,1000,-0.32489655281524,0.260593187858747,9.77861141439383,627.532104860117,69.9061182103559,-204.962175423729
11205,999,-0.324841518579211,0.260614185624238,9.77568016726002,614.300799192707,61.8835185065061,-202.294931080149
11215,1000,-0.324798431661251,0.260065805754877,9.77811485946898,618.336429533771,64.7201146570637,-195.014083820676
11225,999,-0.324808689485811,0.259799495688686,9.77830516017105,619.597584811765,46.7529554955918,-202.0198468356
11235,1000,-0.325903667527298,0.259607850896401,9.77824594831887,620.161563175267,55.7519433044083,-202.681259393195
11245,999,-0.32554018930021,0.260579912956764,9.77633646558005,622.799080777807,52.1693829479847,-208.264259186882
11255,1000,-0.325254227869976,0.260949000528916,9.7769864789489,617.179639623381,45.4604309517818,-212.71179374434
11265,999,-0.325652256964739,0.259542375395286,9.77639577015355,622.49967837658,48.8721371518218,-199.461563361285
11275,1000,-0.325333945261121,0.259167468978266,9.77811194042456,633.204243678678,52.8151191588876,-204.302633438997
11285,999,-0.326123388818773,0.259001408891566,9.77752364087933,615.002082806396,63.3585208002582,-194.757622779482
11295,1000,-0.325750168455524,0.259016571960911,9.7782472178717,610.504042982819,59.8850279083155,-208.06751893518
11305,999,-0.325370856314048,0.259731762607491,9.77857290066831,606.950506937835,67.8186531143979,-202.790082720339
11315,1000,-0.325912159390711,0.259879219518458,9.77865095616795,606.119363822592,74.2549185812196,-207.930114355027
11325,999,-0.326240058289669,0.259555842903405,9.77893052965906,608.857499357766,73.2973951727229,-212.473048128495
11335,1000,-0.325100132041728,0.259416318861702,9.77866582048098,625.589229979762,66.2136111438978,-203.258358629836
11345,999,-0.325461641573247,0.25931656125205,9.77965203933589,607.706628723523,66.7629760228418,-197.150855707066
11355,1000,-0.325789002234124,0.259337187464194,9.77888670019313,596.26707683787,68.6319883396075,-202.763702141287
11365,999,-0.325129520365079,0.260326348812465,9.77694337527081,607.724934005485,76.8458077892161,-197.095838858156
11375,1000,-0.325458233350426,0.259308897730962,9.77860668720788,609.031052767399,72.3694814638924,-209.551488400829
11385,999,-0.325341913655758,0.258935501294561,9.7781213562386,612.244252939701,77.1701334135796,-198.086142138536
11395,1000,-0.325094551071628,0.259127354966477,9.77851259164771,603.413529956732,58.9401524648698,-201.939274660371
11405,999,-0.325627861214582,0.260539960739587,9.77818013448682,609.910840497582,65.3032231359987,-203.697860727354
11415,1000,-0.325914210154073,0.260537940954173,9.77673493191131,611.582912087233,74.3289295220271,-199.465992217622
11425,999,-0.325825561653555,0.260476481428616,9.77902340250169,619.849318319123,58.538775552006,-199.15897069228
11435,1000,-0.324966542036576,0.260362688567143,9.77847983514404,608.284940895142,71.2087841654224,-206.363702141287
11445,999,-0.325860863236193,0.259377882754072,9.77910209563404,612.965836205199,73.5276924938487,-205.568433590293
11455,1000,-0.326760847274454,0.258761688095463,9.77947850324237,614.912682998028,67.1492212579796,-209.524007484798
11465,999,-0.325792714139328,0.259596532701819,9.77829985420601,607.082124613251,92.0094178454327,-212.363014430675
11475,1000,-0.326071046505118,0.258929204574046,9.7788713976984,607.676298096227,87.7371176141369,-203.698053286325
11485,999,-0.325629083311378,0.259125223022704,9.77891707106611,618.731302699197,89.4457242464941,-218.442376235227
11495,1000,-0.325495890552056,0.259417233562925,9.77962783393899,628.874885316949,71.3792406495426,-207.215610538233
11505,999,-0.326223430540018,0.259422475586154,9.7788648483801,630.991549501072,69.1285334152754,-209.447121438447
11515,1000,-0.32687621747057,0.258885131722523,9.77967367166258,619.145048360686,72.4356664084219,-211.420190690905
11525,999,-0.32608202815406,0.258755413514317,9.77888905402784,620.759285336503,71.9772094974664,-211.565270121481
11535,1000,-0.325676548103285,0.260080630143949,9.7788190595504,618.870630057659,59.0461473460059,-210.293473133653
11545,999,-0.325870799203324,0.259110243584146,9.77956921561003,629.155478301763,54.5766488567199,-201.909813137779
11555,1000,-0.325353851470206,0.260070812338068,9.77968135169747,637.511229628605,57.2493033214575,-209.414083820676
11565,999,-0.325273405006611,0.259876470728586,9.78003337250496,651.382044162663,63.9601522104326,-206.173618928303
11575,1000,-0.326114358112668,0.259667821111916,9.77923842423107,630.387084393926,79.5798485912438,-211.310267026783
11585,999,-0.325450035436999,0.259499673677166,9.78012064324184,608.348400167184,69.9099088316864,-209.309579316172
11595,1000,-0.325456485753939,0.260001200853065,9.77792929608304,634.715023325151,63.3967898117681,-210.870572370294
11605,999,-0.32498226233422,0.260485019885532,9.78009791546593,644.624140187431,53.8892751175073,-216.296719127739
11615,1000,-0.326027199032266,0.26003889486347,9.7806646322946,632.704741533832,72.5350852276395,-207.57286244663
11625,999,-0.32492808634657,0.260793614532101,9.77981902341642,629.130540556201,83.7498724992912,-206.063585230483
11635,1000,-0.325607455271194,0.260071047721558,9.77911728041269,627.30475066072,72.3496492512511,-213.316373897012
11645,999,-0.325583456061343,0.260656016175245,9.77902900189971,614.09998576865,82.4352031438541,-200.14927397266
11655,1000,-0.323966841660356,0.260113383919929,9.78056962475745,625.78401326447,70.102124746643,-213.7560685535
11665,999,-0.325414429595653,0.259162806754748,9.78057615055759,639.606150220629,61.2407640769497,-212.060421761671
11675,1000,-0.324498093006849,0.259229374820574,9.77957958505238,626.784446041424,74.7404311112787,-215.459885347394
11685,999,-0.324036630354534,0.258832015537574,9.77889880484897,631.658908470875,78.687774385821,-214.783755782715
11695,1000,-0.324551587186576,0.258917585624366,9.7801638040503,626.892661628032,74.8727557068497,-203.258358629836
11705,999,-0.324079244211364,0.260089107146829,9.77955161782476,638.81995078895,71.0458558553085,-218.002241443948
11715,1000,-0.324798189691926,0.259463983966348,9.77978523999749,622.965894933705,53.900806264348,-226.452251759607
11725,999,-0.32444883918803,0.259896714367442,9.77889931470889,628.837687837184,55.2627602170953,-209.722205682996
11735,1000,-0.324248767200868,0.25965345472448,9.77847194510257,620.855480015091,72.7062143095339,-209.57896931686
11745,999,-0.324975299065287,0.259124395955468,9.77973083040103,620.705665725865,56.2590553620122,-212.197963883945
11755,1000,-0.324932432043035,0.259083062126197,9.77912438129077,625.051754698856,65.5738201771963,-212.491946416096
11765,999,-0.324903589748154,0.2594236548113,9.77971122033511,611.422041856185,55.8009522331524,-212.473048128495
11775,1000,-0.324013696872081,0.259566875291137,9.77920067762304,606.975010966457,69.7939185581276,-208.012557103118
11785,999,-0.324629497064516,0.259895334143153,9.78101245072611,617.286316831008,60.3997532750234,-210.134832049821
11795,1000,-0.324899112331194,0.260484996389808,9.77985254942474,603.159577691833,53.9418923790282,-220.378969316859
11805,999,-0.325427383660181,0.260004827434731,9.77894355829616,600.062355560656,66.0485392742665,-212.00540491276
11815,1000,-0.324732631413135,0.259549390092846,9.77887255716965,619.191785051974,56.0096445509674,-224.308740309226
11825,999,-0.324052806866814,0.258448819120498,9.7799868711898,619.572938659159,46.135472352729,-224.52173803978
11835,1000,-0.324131271282675,0.259222383891881,9.77931813982336,619.762398297641,55.8188865713976,-215.569809011515
11845,999,-0.325459416374837,0.259858585897725,9.77981725878702,614.860330041222,71.8705502184845,-222.706182025751
11855,1000,-0.324837467660066,0.259694789504728,9.77859666090354,601.165733293036,71.549779048727,-214.25072504205
11865,999,-0.325226060348203,0.258455425760287,9.77855536399483,627.265539884289,55.0254762061066,-210.437424718826
11875,1000,-0.325471846707222,0.259561871873659,9.77980846207044,630.86968621726,70.5250173833932,-211.777442599302
11885,999,-0.324047791748406,0.25972623382854,9.77766649941853,624.837739574152,67.7830295874459,-223.641468457221
11895,1000,-0.326001550539689,0.259892649910591,9.77959163809714,619.968201041921,63.9104584325847,-221.725534202355
11905,999,-0.325059327413016,0.25930168868175,9.77989151597624,621.850232299033,59.6841127784287,-210.079815200911
11915,1000,-0.325283924584222,0.260168391707362,9.77902068752906,618.766025495855,57.0398388516817,-210.870572370294
11925,999,-0.325325323114103,0.258888707718447,9.77949139297114,627.160424848483,54.6511159114606,-209.144528769441
11935,1000,-0.325719663468443,0.259415835267206,9.78046837035664,620.991002935969,53.4643424012754,-210.760648706172
11945,999,-0.325022241015085,0.259777159769146,9.779972554841,630.889901364398,66.0041099254148,-221.605845047552
11955,1000,-0.324988162445811,0.259522121586198,9.77996431418047,634.073850711386,72.360811909452,-220.626297561134
11965,999,-0.325374057435359,0.25957591402453,9.77944751972857,624.693732283649,68.1021977422232,-223.751502155041
11975,1000,-0.325401647862158,0.259395592931529,9.77995043674315,632.509850929243,64.0433753754814,-214.855305194722
11985,999,-0.325582747357074,0.260542291542545,9.77914529184145,623.819301414624,63.7422899835537,-220.780592313902
11995,1000,-0.324454001866818,0.25913609673042,9.77834681558229,618.212414053297,73.874232111972,-220.846144889378
12005,999,-0.32493604481601,0.259598197353899,9.77798655601058,630.762590403919,80.3260711655873,-225.01688967997
12015,1000,-0.324402233050194,0.260531731518551,9.77948291469055,625.728258045105,65.4655283484919,-220.571335729073
12025,999,-0.325261506115791,0.260657133929479,9.77983490440274,627.605776127041,66.738808272776,-215.856584336459
12035,1000,-0.323689586530027,0.259820688945891,9.7802974683058,645.9990564378,69.4834204107912,-231.563702141287
12045,999,-0.325010455392054,0.259343467400467,9.77952642377661,638.777819468139,76.4977145361786,-229.198170197129
12055,1000,-0.325164474418985,0.259937998660631,9.78102505465993,632.610456098877,76.1745733026305,-220.159121988615
12065,999,-0.324959127582311,0.259563379046274,9.78132109109643,619.482552688109,60.1780331408169,-231.536386275803
12075,1000,-0.326101125539237,0.260051991295038,9.78103652687426,622.753405609933,57.728392498515,-226.12248076724
12085,999,-0.324746141726695,0.25988962352172,9.78101297221285,615.784973308114,58.9775688705345,-220.698067040537
12095,1000,-0.326005990686407,0.260102057191232,9.78032181105558,611.667948135927,62.6488900819545,-219.746908248157
12105,999,-0.324918063479524,0.259678775554063,9.78137475105838,616.970282457951,70.1550942727288,-221.248235529637
12115,1000,-0.32593736166574,0.25930548298274,9.78177697371073,617.169882616407,77.8594959078202,-219.444618171821
12125,999,-0.326257421905043,0.260198111209779,9.78136970491193,613.221838682961,70.6162857149456,-224.191636946321
12135,1000,-0.325595065975331,0.259021289091156,9.78012048178741,624.780532990208,66.3167335057277,-233.542328095485
12145,999,-0.325155174119399,0.258431444652879,9.78115416352165,609.933611632084,78.7514054408132,-214.37112941589
12155,1000,-0.325953460052261,0.259374511644707,9.78083035365558,601.322759379678,88.063155419759,-221.588129622203
12165,999,-0.326032526179026,0.260680772491824,9.78198091256423,610.864316126977,98.2434756884448,-224.411704341961
12175,1000,-0.325281235549334,0.259330722231244,9.78295328074458,613.7147444284,82.3273253961684,-218.757595271058
12185,999,-0.324427338945964,0.26000559531169,9.78237273869796,610.237265070289,72.0013103126521,-210.574966841101
12195,1000,-0.32516796213672,0.259430777484569,9.7809398103202,607.495739500388,74.3567897895635,-216.009503668004
12205,999,-0.325320630179094,0.259841509976861,9.78211830499165,607.434390476032,81.9477493493897,-216.736853919019
12215,1000,-0.325117535363094,0.258180961808161,9.78254386038257,584.970846267417,68.9415354553966,-213.673625805409
12225,999,-0.324628757033728,0.258336104312564,9.78049644599951,584.981374529747,78.5668055722866,-219.790289033522
12235,1000,-0.324096311133346,0.258148375334325,9.78172465853716,590.791988815159,90.0784475189376,-218.455305194722
12245,999,-0.324711201666253,0.259437508852519,9.78167585611822,593.41297391587,82.6033544970008,-224.989381255515
12255,1000,-0.325179016487358,0.258716567220506,9.78207425020909,606.227545516065,85.6604680832142,-217.795763209989
12265,999,-0.325711005111325,0.260470967195016,9.78143838468361,604.649845681146,71.204365217239,-221.688370320917
12275,1000,-0.326007166573622,0.25908246425845,9.78220537088156,606.749881782256,90.6116964106858,-226.369809011516
12285,999,-0.324759724268157,0.259913881502954,9.78253879888219,610.315243505582,88.7325206300322,-218.772477328688
12295,1000,-0.325483917019424,0.259527409647065,9.78174379776776,612.444364021178,88.9062801768888,-218.180496034416
12305,999,-0.326468270248047,0.260187035530396,9.78224016771231,604.686784767714,98.7203372689266,-222.431097781202
12315,1000,-0.325291494589671,0.259804900627943,9.78198402556555,603.657123129264,99.2043913960401,-219.059885347394
12325,999,-0.32517328077707,0.259479325793417,9.78258172619278,604.960293100517,100.638805510526,-221.275743954092
12335,1000,-0.325520235135395,0.260343839729585,9.7816797043683,607.278810070041,107.811977973507,-223.896526568768
12345,999,-0.324779472100181,0.259948528241989,9.7835109911571,613.430921356733,93.9051707750575,-224.164128521866
12355,1000,-0.324517070776693,0.25971957411905,9.78139862147669,619.31017086036,95.5202496203249,-224.583549469531
12365,999,-0.324988964046334,0.259981647685047,9.78110464966734,618.077901528233,108.195903784216,-217.947224595038
12375,1000,-0.326486535013555,0.260451539996237,9.7827765951255,609.758288990407,106.816312741843,-222.96217542373
12385,999,-0.324166866412817,0.259969738093434,9.781913532837,624.810073354426,91.0463718719255,-217.727157199398
12395,1000,-0.324845628238275,0.260328450372462,9.78190177371507,627.02310188385,87.1897120542121,-214.140801377928
12405,999,-0.324810402006042,0.260460763295729,9.78140894824879,620.524083208373,79.3752351440709,-220.037864853617
12415,1000,-0.325231910147478,0.26045475120448,9.78115250679107,612.270487988792,87.9951734942676,-229.997289927546
12425,999,-0.324973425267853,0.260160645862861,9.78139170187336,606.381149163301,75.0045699091373,-229.418237592768
12435,1000,-0.325074108417294,0.260854859894243,9.78143999937939,592.913366027594,104.147147049417,-229.804923515332
12445,999,-0.326154287950154,0.260045439990952,9.78131321509217,596.850080066919,91.9215511526193,-220.065373278072
12455,1000,-0.324952779690917,0.260338861774352,9.78139980584403,604.250280095038,89.0871591364993,-227.743854813042
12465,999,-0.324999255055921,0.260894206694774,9.78137706905811,612.709904304615,101.121730103908,-229.500762866133
12475,1000,-0.32497291149131,0.259528488310652,9.78081952901168,610.129136731366,93.0997508069416,-226.534694507699
12485,999,-0.326227374888568,0.259676998071968,9.78068550378017,615.470181757249,92.6234696600821,-227.630190003195
12495,1000,-0.324927588893801,0.260100431386953,9.78240148737753,606.408833837083,101.255304785461,-224.281259393195
12505,999,-0.324600706031049,0.258650158999199,9.78199908342756,622.738832230028,98.3064839247748,-228.565476434664
12515,1000,-0.32546800681324,0.259520842758667,9.78157548608706,617.415481280103,105.812539219296,-224.116373897012
12525,999,-0.324965230566948,0.259956057557506,9.78189093362449,612.921563744216,91.9995548921347,-230.683625117698
12535,1000,-0.323829946287499,0.259407558961186,9.78160356156392,602.671264878879,103.061152881249,-233.075152522966
12545,999,-0.324694543162094,0.259918986586313,9.78240858319619,612.125862245243,91.4868720022569,-225.924667686985
12555,1000,-0.325463740929791,0.260092443295963,9.78262465501945,618.592722130425,84.0107373201464,-219.279732675637
12565,999,-0.325605164714445,0.259632900954939,9.78226136365221,599.592189243003,86.9513516244112,-217.232005559208
12575,1000,-0.324803971647656,0.258735289361389,9.7838962792495,605.38295513135,95.0385814874127,-228.320954049684
12585,999,-0.326526975981027,0.259841023105908,9.78231814174159,600.805824226138,96.0747512119952,-211.592778545936
12595,1000,-0.325779658140291,0.258724864694584,9.78146729130922,599.854817868631,91.4554989280092,-226.067518935179
12605,999,-0.325319264946196,0.25953918689553,9.78227985548602,603.72520051137,95.749700009539,-222.926249421391
12615,1000,-0.32459377902011,0.259131990649513,9.78182924891764,585.085750806971,90.6869864145506,-216.036984584035
12625,999,-0.324693941208767,0.259777754391226,9.7825461551144,598.009292485177,95.826970298112,-212.252980732855
12635,1000,-0.324426345437847,0.259548722024089,9.78212659120348,611.152532342603,77.9319929831217,-209.304160156554
12645,999,-0.324260729716593,0.26037687386231,9.78249575073479,623.538890025964,71.2738988191773,-209.557155136266
12655,1000,-0.324453948829523,0.259644862457324,9.78159160380393,638.784003418088,60.7748274122353,-218.290419698538
12665,999,-0.32459415255769,0.259565073737037,9.78161808304009,617.163362238494,67.9481035685405,-222.073488263286
12675,1000,-0.325033965548778,0.259009719587678,9.78197002739035,632.241021376353,65.2108442727823,-214.635457866478
12685,999,-0.324823241638859,0.25945750262497,9.78312205515094,633.62624469144,74.703025337166,-220.918134436177
12695,1000,-0.324750796675446,0.260593715960101,9.78293591839928,625.5704621167,93.2440100616853,-214.388129622203
12705,999,-0.324923791502747,0.260505389895632,9.78231699019697,615.919095276404,94.9106990126174,-221.880929292102
12715,1000,-0.324994809520355,0.260494302977259,9.78289945253232,596.544237167186,101.986768765646,-222.797289927546
12725,999,-0.325241834957833,0.260132192664369,9.78215673174414,601.890439542467,97.6436467701543,-213.903486200155
12735,1000,-0.324452211969326,0.260063272902468,9.7831559989364,614.353954014115,86.2919721389523,-222.879732675638
12745,1000,-0.325945490914967,0.259980688531725,9.78252115791693,617.132725872139,87.9053682874332,-220.131641072585
12755,999,-0.32528729684494,0.259471680764677,9.78310900246742,608.085902195579,87.6361730417779,-212.418031279585
12765,1000,-0.324569469401126,0.259854562885946,9.78198245982698,610.568915978465,95.6709098272446,-218.455305194722
12775,999,-0.325491696015136,0.261340202579621,9.78233202377454,618.639204968602,88.6804425067092,-225.704600291345
12785,1000,-0.32533419521546,0.26098223085959,9.78325187186491,622.722583701105,83.8080304302454,-206.363702141287
12795,999,-0.32524251841391,0.260768185264562,9.78401993519083,625.295746531533,73.5275428143363,-220.312949098167
12805,1000,-0.325974194998177,0.259932383122983,9.78239010410262,598.550192527324,88.4901962433094,-211.420190690905
12815,999,-0.326492104862745,0.259931163536037,9.78438755211175,606.669049398019,108.482467219023,-213.76594407788
12825,1000,-0.325390061955173,0.261326173160209,9.78468923048774,614.755587041823,106.401649537384,-216.504160156554
12835,999,-0.32566005223393,0.260467021704214,9.78443994965541,614.168082214228,97.6438374691175,-209.392104589536
12845,1000,-0.325576935766068,0.26044782710759,9.78389982796718,621.712951838714,103.658568184896,-217.218663973348
12855,999,-0.324777975890663,0.260309911830132,9.78513192068687,611.251060294344,114.066443140563,-217.562106652668
12865,1000,-0.325431609097045,0.260562495807712,9.78470937738604,601.173266341296,89.3328838776518,-210.293473133653
12875,999,-0.32559885522735,0.260201975323529,9.78350513798562,608.334505326161,69.1030618170698,-215.113856876174
12885,1000,-0.326603754882456,0.260589122914082,9.78334131272634,580.358060911697,85.6252438794695,-218.977442599302
12895,999,-0.325598034771303,0.261433152225618,9.78339255024756,589.259098854677,82.9285892613819,-213.683418804515
12905,1000,-0.32664941890305,0.259925227070071,9.78442120503229,592.0094645236,84.937787084517,-212.629350996248
12915,999,-0.326195473553267,0.26106443333194,9.784129866206,583.877418778002,80.0338564336559,-205.953551532663
12925,1000,-0.325138211295166,0.260512671888744,9.78317428926151,596.793737283214,76.3097554474561,-218.702633438997
12935,999,-0.325704758959026,0.260520094749186,9.78462882791951,582.7669001963,91.9137634312978,-221.550828198642
12945,1000,-0.325592954677293,0.260974682871927,9.78481664318478,604.389352517761,108.18097919504,-213.261412064951
12955,999,-0.324640667058158,0.260202078326181,9.78420934583772,596.964319385972,97.2366325377703,-213.875977775699
12965,1000,-0.326310471209132,0.260688478138273,9.78401500521034,593.304941346932,95.9725320877548,-212.107213591668
12975,999,-0.325874860670864,0.261168536320872,9.78384432192094,588.604575243432,102.694056044146,-221.880929292102
12985,1000,-0.325288723330036,0.260432841202032,9.78391638716907,597.756102618134,107.90056458055,-225.188129622202
12995,999,-0.324862679929099,0.260107263899352,9.78385363635687,602.746212976834,87.9960917049346,-228.813052254759
13005,1000,-0.324973215290463,0.260369720749947,9.78469806699902,604.056367627628,95.7551081913698,-220.076679240523
13015,999,-0.324069819983383,0.260410367203919,9.78528612439165,615.901096911195,88.499140581093,-221.358269227456
13025,1000,-0.325461678014441,0.260100084356464,9.78541744259966,608.002855860967,93.8608913287899,-216.888892980981
13035,999,-0.326047765689045,0.260876237693451,9.78528043418839,618.899689083894,88.9910728111766,-217.232005559209
13045,1000,-0.325498508507823,0.261101642369467,9.78392663405925,611.163526682326,77.9845065061958,-219.939274660371
13055,999,-0.326022838781754,0.262016088135179,9.78436440523708,604.418769854415,83.4101821765986,-232.691740102912
13065,1000,-0.325430668768698,0.261199862471397,9.78569537548817,605.903514865663,95.3820925886178,-214.717900614569
13075,999,-0.325582620275174,0.259222821368558,9.78578282366442,618.883330130846,85.1397220586628,-216.901904465748
13085,1000,-0.325462335097596,0.259013919294744,9.78498281973392,610.809192113305,84.9462658960401,-223.456831912279
13095,999,-0.325269242482307,0.259871655936078,9.78558026277552,621.636014470541,86.2224171218612,-225.78712556471
13105,1000,-0.324941312798558,0.259977349933774,9.7857636128205,611.610746949169,77.4563451024607,-219.224770843576
13115,999,-0.324993376510034,0.259867342247977,9.78529126219635,615.04419912049,79.0258611477576,-219.735272184613
13125,1000,-0.325478317808694,0.260841503288731,9.78630478450091,594.953388124982,90.6997605902759,-223.51179374434
13135,999,-0.325491584082438,0.261219379982421,9.78471296588345,589.277770354661,95.8408442901167,-227.025004665184
13145,1000,-0.325556925066384,0.26047780808601,9.78481064403743,595.630796690623,90.1460847134632,-223.814083820676
13155,999,-0.326178449960179,0.260129554719546,9.78538921940627,601.789896272859,88.9830156016983,-228.180358492294
13165,1000,-0.325597443347736,0.259811008915164,9.78440265773291,603.322868115056,98.5728341493055,-226.452251759607
13175,999,-0.325816516027186,0.260388733412194,9.78637176740284,621.642236627155,87.1121244005946,-232.664231678457
13185,1000,-0.326494307287571,0.259691645367106,9.78597363592519,607.206991173256,98.3709481507581,-236.949961683271
13195,999,-0.325887068724777,0.260035966468528,9.78504436646044,613.603550762288,91.2632376270966,-232.609214829548
13205,1000,-0.325403285102337,0.259149336110835,9.78505799492448,621.370507651778,91.1879968073538,-234.394236492432
13215,999,-0.325719035942208,0.259517560874839,9.78647001052114,617.084115294182,81.6343518408825,-220.560524918262
13225,1000,-0.325318897590509,0.259788824479161,9.78574022601524,607.513866514958,93.442424560252,-218.510267026783
13235,999,-0.325348961526406,0.259678841638558,9.78487048020749,605.394521564229,86.3145019124912,-232.251605311633
13245,1000,-0.325779957853193,0.261107450265997,9.786087325459,622.098135796158,110.043882813766,-236.400343362661
13255,999,-0.326548130916716,0.260632489940112,9.78700598795894,630.849808853698,95.723364382859,-225.78712556471
13265,1000,-0.324966830141545,0.261353366973532,9.78644657068813,613.870920612859,95.7620366595826,-237.169809011516
13275,999,-0.32629563286067,0.260800467781625,9.78592742309714,615.542256272756,94.7475302382996,-221.605845047552
13285,1000,-0.326348354944134,0.26067306348408,9.78564441226586,595.379849607292,112.617375760728,-227.13927466037
13295,999,-0.325313586329582,0.260097535634537,9.78580191871666,586.854226301768,117.260676242695,-229.005611225944
13305,1000,-0.325190676705599,0.259924297806383,9.78608417476965,591.795784775304,117.744204837158,-231.288892980981
13315,999,-0.324257958276872,0.260552082715093,9.78708253968226,596.211076025719,103.573767539935,-232.361639009453
13325,1000,-0.325962812503772,0.26098517007015,9.78477579428428,585.781680082954,113.49904811545,-229.585076187088
13335,999,-0.325651338190671,0.260962506256002,9.78558626995311,609.362857608853,97.3106535441547,-220.753083889447
13345,1000,-0.325865379355858,0.261261497396053,9.78636658081307,592.62636692949,94.4014794234387,-231.398816645103
13355,999,-0.325773814997739,0.260997522615142,9.78684440187004,591.516509077374,92.0502564469701,-226.612378298359
13365,1000,-0.325965701638459,0.262319269009946,9.78745738598886,592.199671994735,105.291820607205,-232.965228858844
13375,999,-0.325941172075964,0.260710224301886,9.78723725921872,607.935354506859,115.534093730298,-223.063791543666
13385,1000,-0.326253675934382,0.261364857327964,9.78602696307628,605.233055980932,102.208636891857,-226.864465500065
13395,999,-0.326597448028777,0.261325662364111,9.78598445309529,620.847468284356,91.012994051946,-240.586657921494
13405,1000,-0.325850980021299,0.261034973270519,9.78542446178168,620.092201720836,99.8034137536969,-232.333167790141
13415,999,-0.326435119756361,0.261122384476855,9.78701117140908,602.665809178835,97.6772729730131,-232.719248527368
13425,1000,-0.326459496175813,0.260408850618195,9.78758640998051,599.233756530564,92.9353539042543,-226.507213591668
13435,999,-0.326081366539279,0.260433754785384,9.78595929384272,614.454265362923,93.9907488278853,-220.533016493807
13445,1000,-0.326880890956372,0.260655614469759,9.78714778893292,606.603918151079,103.012743738332,-234.724007484798
13455,999,-0.326042387579999,0.259772407553596,9.78546082649124,597.983531773492,99.9475388838,-236.405377404336
13465,1000,-0.32494425348399,0.259462909953932,9.7860226486897,608.409581486201,96.3521044798915,-234.559121988615
13475,999,-0.325687904542269,0.260345652935518,9.78763815252342,614.366048736028,91.7312786366412,-226.77742884509
13485,1000,-0.32671068111191,0.259128612535583,9.78661551314825,603.929641894427,99.6354576962541,-224.501106721439
13495,999,-0.326351033726017,0.260519128805942,9.78625462198065,608.067013506345,107.009284186817,-218.359850961863
13505,1000,-0.326758112346353,0.260283560318919,9.78586433980021,603.427607906819,97.3110929447968,-215.185076187088
13515,999,-0.326699863689418,0.260074541086802,9.78639315951323,610.631098462288,91.6219577890139,-216.901904465749
13525,1000,-0.326489731140688,0.261008441156255,9.7865432813739,605.025318307549,89.0902956024997,-215.487366263424
13535,999,-0.326109812746394,0.261119434089996,9.78664611114141,611.747180477351,101.395342683357,-221.358269227457
13545,1000,-0.324972760349465,0.260585235139085,9.78733671089203,632.112310404626,78.6271260275087,-228.623244126019
13555,999,-0.325727456340172,0.260184569702199,9.78605544378648,634.907135063928,82.2467503979618,-225.29197392452
13565,1000,-0.326471061959119,0.258876709060832,9.78661372157547,616.149555939792,91.190050306347,-231.536221225256
13575,999,-0.325075895159834,0.260859419016377,9.78766661305623,618.55959957467,80.4590079292091,-228.427934312389
13585,1000,-0.325651804022972,0.260544447770269,9.78684116713909,614.451155983553,86.1396342754543,-237.499580003882
13595,1000,-0.324747145836177,0.260951880627623,9.78533438574137,622.821445991751,93.817335597267,-223.786602904645
13605,999,-0.325416928405984,0.259854582220785,9.78609696036915,622.197346923206,75.0604868693441,-229.528271290589
13615,1000,-0.326447861414924,0.259504616493953,9.78724139118941,626.757835929322,85.6205257484029,-237.197289927546
13625,999,-0.324192581590494,0.259494169335731,9.78673820551318,616.809967559071,82.6930169868504,-218.607426781958
13635,1000,-0.325236029179668,0.260074367777988,9.78677501246776,625.285049127858,88.6429520923477,-237.554541835943
13645,999,-0.326043434981799,0.261225403206713,9.78600227661363,633.782832796285,69.197125958584,-239.73389676339
13655,1000,-0.32510725204533,0.260887945773362,9.78771696385499,631.150560091245,76.7504698615207,-227.881259393195
13665,999,-0.32521194147116,0.259646416206961,9.78745614823737,619.282037487787,85.323353281993,-224.714297010965
13675,1000,-0.325266098176988,0.260060126591032,9.78677769323808,623.457000489031,93.5218143961577,-234.559121988615
13685,999,-0.325543665669631,0.260021238917957,9.78658219551618,634.127342149181,86.1298626749402,-238.138408145
13695,1000,-0.325354883814744,0.260041554545911,9.78799816812218,626.063511450784,84.2864416624712,-229.17286244663
13705,999,-0.326304620610159,0.259486732193934,9.78774696330994,631.069421141002,70.1315649789497,-230.160965053053
13715,1000,-0.325156018032578,0.259874091084982,9.78806164727914,621.031948913103,84.2096823560976,-225.133167790142
13725,999,-0.32499591707879,0.259697372753025,9.78709066804931,634.051147236331,78.5378724638121,-227.05251308964
13735,1000,-0.325202036765182,0.259479811421922,9.78709177141849,626.325643596885,78.4466982124371,-227.991183057317
13745,999,-0.325443938704415,0.260804201546707,9.78765774062073,632.55294053853,78.7318485976118,-228.042816370019
13755,1000,-0.323657754585165,0.259839642927837,9.78909382937398,633.28218087317,82.7163122106093,-222.055305194722
13765,999,-0.325321398887145,0.259847147470626,9.78774491627072,637.456701588807,74.2049916039777,-223.118808392576
13775,1000,-0.324971058125049,0.258811307258759,9.78731318288466,629.901534793888,81.8741537949969,-224.143854813042
13785,999,-0.324696510102409,0.258816131271202,9.78786435548592,658.534985956907,87.7483931125479,-232.004029491538
13795,1000,-0.324830923292321,0.258835114237948,9.78821172422619,657.367481686767,70.7553747446986,-230.684312828309
13805,999,-0.324124059154104,0.258760538405219,9.78772372400552,650.614179533115,69.6092070683935,-229.803355535138
13815,1000,-0.324896709174182,0.25976416641059,9.78799325032085,648.61003131521,59.0754046180631,-234.366755576402
13825,999,-0.323911239684708,0.258863332606337,9.78785981657235,646.024647106404,62.6060898942317,-237.505714382536
13835,1000,-0.324740977203647,0.260402058796598,9.78711652196723,638.107169349895,72.3338776543747,-234.641564736707
13845,999,-0.323752239989767,0.260076499259035,9.78801186563842,644.069824564703,66.2637923260975,-233.599518109927
13855,1000,-0.324657716451093,0.259966321397349,9.78893222661329,629.126337343101,69.1934892998307,-230.766755576401
13865,999,-0.324413103978083,0.259950618305995,9.78760781592265,617.615590567238,67.0057218427049,-238.63355978519
13875,1000,-0.324993389122696,0.259473923483787,9.78857563188242,625.810607284992,74.0637264308185,-240.549961683271
13885,999,-0.324771934925372,0.259538523371194,9.78669526049619,634.82951277032,76.9261758314525,-225.374499197885
13895,1000,-0.324324381969735,0.260155322920542,9.78885193923152,637.175155441881,77.8006782058796,-231.288892980982
13905,999,-0.324517908789544,0.260971138558172,9.7890681612297,640.477025667462,72.9524091334498,-240.146523130215
13915,1000,-0.324770071315518,0.259655842275401,9.79016987391903,632.580420169998,78.6519899496604,-228.430877713806
13925,999,-0.324193659623292,0.259501556516737,9.78993280846885,629.207449146105,87.5647237464861,-218.139783566223
13935,1000,-0.324114659389667,0.258829552659115,9.78930419603647,642.718931335438,65.1597504286864,-229.392709774874
13945,999,-0.324596338266227,0.25991805112193,9.79042289078572,642.437258714798,64.6262398766209,-225.78712556471
13955,1000,-0.325214914879873,0.259185289489201,9.78976910858506,627.030160276347,53.0354252171822,-232.195763209989
13965,999,-0.32548388369347,0.259694083074395,9.78958257195145,637.557763725521,69.3660664837324,-229.940897657414
13975,1000,-0.326178468023674,0.259049410059542,9.78905727822669,645.688575816817,67.0759807735659,-224.501106721439
13985,999,-0.325245594466618,0.259227571226467,9.78884496398388,628.334086545917,74.1471122916782,-237.09308801571
13995,1000,-0.32647732277883,0.259191619444669,9.78976815931878,646.041181623814,69.5409562851516,-227.661412064951
14005,999,-0.324797177811714,0.260486890142308,9.78989996451116,643.757957719613,68.0518200566699,-227.520156305375
14015,1000,-0.326746860656941,0.259217341471381,9.78876062941674,633.970205821396,45.3995456775709,-224.143854813042
14025,999,-0.326162914118211,0.259623772584219,9.7906238323297,623.599804871992,44.6712598893201,-232.169080038268
14035,1000,-0.325996951186392,0.259981219263454,9.79021632121813,647.422756312158,48.72313094223,-228.513320461897
14045,999,-0.325501871283245,0.260219976647656,9.78830253224598,648.501817323137,59.3854149861813,-230.298507175328
14055,1000,-0.323833083660239,0.259693075575591,9.78757776830772,645.944664807248,50.2636285910488,-229.722480767241
14065,999,-0.324963278046612,0.259520811245743,9.78741231407973,625.211064652844,47.9551836567779,-223.999077975136
14075,1000,-0.324855440129833,0.260139590505018,9.78825862951179,628.379012911927,53.1979160393297,-222.769809011516
14085,999,-0.325341182057999,0.259668100437598,9.78975377778863,627.741671672733,55.0196406929767,-228.758035405849
14095,1000,-0.325889855175258,0.260341797757639,9.78929077772691,629.484477638841,61.5014986885843,-227.60645023289
14105,999,-0.326102158519898,0.259900229243513,9.78804396462705,649.158142794976,57.94105567645,-221.963454565466
14115,1000,-0.325268702092033,0.259206081411786,9.78900342453613,648.45790519564,56.1669118470272,-231.811030385561
14125,999,-0.325935451385357,0.259793402966294,9.78748023485351,648.747232668214,61.3953287335549,-224.411704341961
14135,1000,-0.327057703615276,0.260116064030246,9.78916213803258,660.533147704376,65.1611485993316,-220.269045652737
14145,999,-0.326233740556915,0.260072761084786,9.78855608381011,663.925921014288,54.6047320877022,-226.94247939182
14155,1000,-0.326244237314095,0.25944851796475,9.79007661986982,657.366736662109,72.6598962048923,-224.061412064951
14165,999,-0.325480199387619,0.258656934249157,9.78946678277263,654.537565040327,48.8050772281074,-230.711133542153
14175,1000,-0.326306471289987,0.260236371438154,9.79034864283241,648.500705289666,65.0598136269081,-232.937747942813
14185,999,-0.3249539274793,0.25989175869386,9.79065087796494,663.966525880349,61.01957817831,-239.376287245475
14195,1000,-0.324924529937088,0.259551630783973,9.7910652446147,663.945080177199,51.9957460839331,-230.73927466037
14205,999,-0.324793378252003,0.258877917562074,9.7902646416365,671.710996438075,63.5910741656804,-234.727363512581
14215,1000,-0.32548461857476,0.260089252263332,9.7893657177348,663.070535756876,78.2667968936742,-234.229350996249
14225,999,-0.325368540283065,0.260361852332909,9.78921234508821,658.848191847285,79.60400275784,-222.981266270301
14235,1000,-0.325655925073254,0.260691662253981,9.79056510018919,662.39048998899,83.6975498492342,-231.563702141287
14245,1000,-0.324585025972753,0.260885080665255,9.78916470490673,671.76288784377,72.0563206527544,-230.68431282831
14255,999,-0.324236200305334,0.26084542797091,9.790010660453,670.604567384677,69.6892301998716,-230.793658815518
14265,1000,-0.324438451974661,0.261400585577848,9.78983087171861,651.125382324456,76.5766157957534,-219.582022751973
14275,999,-0.324583609087267,0.26050214260403,9.78886429208387,640.256543225963,79.5968613958056,-231.426352577983
14285,1000,-0.325001115233663,0.260292197728132,9.78864163082857,642.381483460418,77.1455457178571,-235.658358629836
14295,999,-0.324691842631095,0.260261419356199,9.79050747236331,648.860649248313,71.5931565706178,-242.704806604529
14305,1000,-0.324197614911982,0.259910891528469,9.78882895813109,644.04860043008,71.0751569056543,-235.438511301592
14315,999,-0.324453232170945,0.259532064654038,9.78989808180218,648.005227079764,61.019602333073,-226.39231090272
14325,1000,-0.32551849905101,0.26011017907533,9.7895275240559,648.356425934004,65.9003497025796,-230.217137255791
14335,999,-0.325884177623154,0.259142080655456,9.79075087739982,651.194036004133,66.0006419711451,-225.84214241362
14345,1000,-0.324640236989641,0.259964041077136,9.78987000813818,631.279263786019,65.6154747881919,-224.088892980981
14355,999,-0.324891482107488,0.259162752272652,9.7903769818313,628.259467809938,77.4796414553355,-231.949012642628
14365,1000,-0.325023487884468,0.258904751726365,9.79045784540441,629.022169791224,78.5289826042513,-239.285839545867
14375,999,-0.324332836461491,0.260707083394096,9.79006891433368,633.029068469672,58.0135559069349,-246.170868085857
14385,1000,-0.324872781783412,0.260854736257184,9.79079033670875,623.760432502691,49.5700052150265,-254.949961683271
14395,999,-0.324630968514115,0.26080753762103,9.79082261394074,632.265930719417,63.8713154349953,-240.28406525249
14405,1000,-0.324088315498646,0.260234343982464,9.79251015305409,633.8219827926,71.8140671041149,-234.971335729073
14415,999,-0.325609334472261,0.259535707890508,9.78959143908596,628.143653993559,55.6157829155958,-225.044398104425
14425,1000,-0.325109514530989,0.259748826040672,9.78873033991319,633.845725179103,68.4543542734723,-242.693473133653
14435,999,-0.324838737397922,0.26054498020931,9.78969389510841,631.555185892485,54.5635553613782,-238.110899720545
14445,1000,-0.324638362745582,0.259261102828523,9.79182290519413,650.52417916931,46.0822271419528,-237.032404431363
14455,999,-0.324532254838718,0.259633779069712,9.79050285644108,650.528470096793,49.6257735810369,-237.230630137985
14465,1000,-0.326354991651529,0.259787368791341,9.79065946673474,640.110536200963,67.3645995158258,-241.319427332126
14475,999,-0.325357478406785,0.260986585481237,9.79056078004642,646.330901530101,76.6182181873124,-229.968406081868
14485,1000,-0.325392607832744,0.26041653512182,9.79005868909505,633.992732788579,74.7800492881873,-235.933167790141
14495,999,-0.324593137446352,0.260129684459191,9.79027279739133,632.157541361146,59.1361159920548,-229.940897657413
14505,1000,-0.324849194709772,0.259498620623399,9.78922863784924,626.899287860485,61.5910923957992,-230.601870080218
14515,999,-0.325541508054847,0.260798140316506,9.7896969840091,631.058200215667,78.6257709042153,-234.479787692487
14525,1000,-0.324909460996425,0.259354884519727,9.79045014338698,627.475282780122,68.5371517010334,-232.553015118386
14535,999,-0.324942194528436,0.259625303691915,9.7898045173668,627.1661586225,71.2133692725162,-242.182146539884
14545,1000,-0.324590215222537,0.260452766377897,9.79074895476594,633.416316948827,66.1604033789783,-234.009503668004
14555,999,-0.325277303989151,0.260552467820564,9.79214440500844,634.792238913112,51.9822160393802,-237.725781778176
14565,1000,-0.326136772433942,0.259543057641161,9.78989840187083,631.503920262287,63.5201128053359,-231.23393114892
14575,999,-0.325708048020241,0.259774249646143,9.79127304989555,652.593918986726,70.5319168010894,-238.385983965095
14585,1000,-0.325505782784168,0.260341572500223,9.79205216057925,651.345088185681,73.5620542262907,-234.559121988615
14595,999,-0.325592256248901,0.260874904922731,9.78993329542953,633.200252281596,87.5371947159804,-228.097833218929
14605,1000,-0.324838769412574,0.261226517468615,9.79042799717736,623.245923096582,88.3272045659274,-236.098053286325
14615,999,-0.324784970033397,0.258801928657651,9.79081884494053,633.390063871051,61.2730215692422,-241.962079144244
14625,1000,-0.324687320800506,0.25979768909588,9.79107794990379,629.860353767266,74.5839290538648,-232.690419698539
14635,999,-0.325364023090615,0.260631881528023,9.79233006064715,634.889902838894,75.9115950758463,-236.790495346706
14645,1000,-0.324401993169692,0.260438604309069,9.79092544284276,635.528360731375,70.92298848839,-231.646144889378
14655,999,-0.325313554941358,0.259638319266131,9.79037950775112,620.581343589761,65.9650344490128,-231.976521067082
14665,1000,-0.324557775382955,0.259816022787204,9.79119988257593,605.852685764618,67.3387486704462,-239.780496034416
14675,999,-0.325356774427472,0.260198739884603,9.79238765943774,617.041687921649,64.5425780497031,-231.343827304618
14685,1000,-0.325156779539491,0.260270994548362,9.79289829924941,626.314908895784,75.599356871509,-237.746908248157
14695,999,-0.325026226481576,0.260022162697327,9.79155904009128,620.262627986556,45.4916128552668,-241.384402230689
14705,1000,-0.325053536188924,0.261586713918957,9.79077463019328,627.800646728061,63.4813005500668,-232.085839545867
14715,999,-0.325331770150324,0.260253987180068,9.79324408567833,636.3553620459,50.793346731635,-242.017095993154
14725,1000,-0.324929155064256,0.260049973877751,9.79227849787164,649.474266922969,43.6137687902084,-229.612557103119
14735,999,-0.325091762674401,0.261209120390303,9.79085989321762,621.44555918464,64.8392735566701,-227.932782672199
14745,1000,-0.325558895173157,0.26034946146855,9.7902545673565,633.15007985477,82.2445070895419,-231.453778477165
14755,999,-0.325392375454305,0.259841317071935,9.7916596040129,624.993037552535,74.635019559331,-247.381238761877
14765,1000,-0.324179568494312,0.260771703003639,9.79125393468172,626.052814157917,66.3878301610864,-229.447671606935
14775,999,-0.324505884075223,0.260458405961697,9.78968874618907,623.736158352541,74.6273208348815,-237.615748080356
14785,1000,-0.325140652181679,0.260899173593484,9.79215441962135,621.929676413125,79.3993336087068,-233.734694507699
14795,999,-0.325328093099666,0.260680189843807,9.7931208133815,638.962414725552,54.3286246789762,-242.952382424623
14805,1000,-0.32498940503372,0.258854593189466,9.7920971060195,644.738510978607,53.672655411037,-240.879732675638
14815,1000,-0.324685208833234,0.259296776649072,9.79252029610897,643.404175217019,59.5820451281267,-237.719427332126
14825,999,-0.325040408459267,0.259386542775654,9.7925343873512,649.772552316833,59.2529622458513,-232.994332771917
14835,1000,-0.32485049860632,0.258829729776367,9.79164633778641,649.1686097512,58.7595485111748,-237.636984584034
14845,999,-0.325499290221513,0.259848859299533,9.79161767570812,642.012524459923,70.9689353506274,-241.411910655144
14855,1000,-0.324522805884345,0.258820263487696,9.7898064917158,639.071424448239,59.721093543094,-235.685839545867
14865,999,-0.325595800081922,0.26009410233712,9.79016485697466,636.848232936463,57.4856332487771,-231.591403124713
14875,1000,-0.325946265270075,0.259937714562243,9.79132999756795,637.482151993887,64.9458457329337,-235.3560685535
14885,999,-0.324139445977999,0.259320070516021,9.79093513119218,644.936890442619,56.4509400863603,-236.597936375521
14895,1000,-0.324502585782813,0.259571535493842,9.79156018380392,647.309247178233,58.1383685780784,-239.533167790141
14905,999,-0.324739435647526,0.260020403093296,9.79121741100423,646.91537100816,59.1101124558301,-242.842348726803
14915,1000,-0.325641107828884,0.25981742964886,9.79243688659287,643.126229899061,56.6374998314713,-235.273625805409
14925,999,-0.326377659038135,0.260275568609976,9.79057835175514,639.767901315806,47.1671367749909,-238.551034511825
14935,1000,-0.325383067376219,0.261271232783621,9.7905791759809,654.640029616759,58.1539962225577,-241.044618171821
14945,999,-0.325971894792171,0.260428914461618,9.79177617242939,653.405180633056,48.9347146649521,-244.300295222918
14955,1000,-0.325992926707954,0.260423108015883,9.79122412948215,638.150683167682,57.5296773130465,-233.404923515333
14965,999,-0.326004738557748,0.261685095950142,9.79234601709972,635.199349978959,62.6922574510715,-243.750126733818
14975,1000,-0.325664108016797,0.259926208959362,9.79267739485779,636.467507341701,60.9499932652592,-239.917900614569
14985,999,-0.325098315519101,0.261299462624616,9.79257313235077,638.576212315261,78.2895958354837,-244.300295222918
14995,1000,-0.324659018280426,0.259458691289731,9.79286210388618,629.738062268533,69.9878884752452,-239.340801377928
15005,999,-0.324065016288489,0.259520269538276,9.79386553375672,639.564765463415,74.617718178421,-239.156219849835
15015,1000,-0.325075765824214,0.260948876499083,9.79220764339472,643.584183013602,61.4066410263955,-241.319427332126
15025,999,-0.325287951922564,0.261094032917795,9.79276852067882,622.981454263351,66.9661081423581,-235.635141519596
15035,1000,-0.325517386491365,0.260579536673521,9.79279669358749,630.044968300275,63.4274942886447,-235.713320461897
15045,999,-0.324930708702055,0.259948241644657,9.79312521139081,639.173969911955,53.5338823822615,-245.895783841307
15055,1000,-0.324579270742757,0.2608419093184,9.79249185310945,648.77042071645,62.4570904182666,-221.615610538233
15065,999,-0.325026834250781,0.260307002631724,9.79356622342385,638.122958022632,63.6296031643322,-238.90864402974
15075,1000,-0.325976585713844,0.260476679571618,9.79220203251272,624.451254981656,70.7127548212494,-231.20645023289
15085,999,-0.325562594281168,0.260635517189457,9.79243249722833,630.423546699008,64.6087017326216,-234.754871937037
15095,1000,-0.325194441067995,0.260329505621996,9.79060692158604,647.815563475549,67.1403210049221,-232.553015118386
15105,999,-0.325169550776085,0.26080174383258,9.79142280816315,664.421438831434,55.277007481062,-240.476624223674
15115,1000,-0.324935938784714,0.260692255215199,9.79160141836994,638.474580743451,80.5193905670338,-246.073625805409
15125,999,-0.32572364785782,0.260595632127849,9.79104431442473,632.813735253071,87.0683949028463,-242.649789755619
15135,1000,-0.324672098141567,0.260644626346084,9.79241297648748,642.944875569525,64.7618513357607,-241.704160156554
15145,999,-0.324526998175355,0.259740285588465,9.7917029648071,631.524031353594,75.1571240025929,-248.674134711261
15155,1000,-0.324685684252328,0.260969971660347,9.79239642201428,634.076933665867,72.026004737659,-246.953015118386
15165,999,-0.32506260486216,0.260132015952443,9.7925213291511,644.238633128872,58.7307576884644,-250.434673876381
15175,1000,-0.326092606699972,0.261012632004727,9.79264630436042,628.8424413772,80.1190844449825,-238.131641072584
15185,999,-0.325285735237222,0.261002270563545,9.79274860453376,640.721531392807,67.7634007468657,-249.444370596001
15195,1000,-0.325445097822013,0.260051008462413,9.79197775246109,641.720916597341,82.6477236941051,-243.765228858844
15205,999,-0.325988976993772,0.259635645992914,9.79020891520538,628.43921604888,75.8719105353494,-249.141777926996
15215,1000,-0.324679014122142,0.26116452472818,9.7916452102154,636.353918321983,83.6887320818705,-244.452251759607
15225,999,-0.324791987036774,0.260588515820472,9.79047883095939,641.600476500611,76.2222544228181,-251.287435034485
15235,1000,-0.324803754694024,0.259806401113919,9.79169642964391,640.706507736387,86.6908050807806,-252.009503668004
15245,999,-0.324803615061131,0.259707515528481,9.7923490089309,637.919083246508,86.6305376904557,-256.596560954298
15255,1000,-0.324534539216001,0.260880314221181,9.79108723060626,641.239343432841,87.1757760381444,-246.788129622203
15265,999,-0.324942204946441,0.260123768325955,9.7924221640008,629.524588142357,92.0387754053655,-236.762986922251
15275,1000,-0.324531792757076,0.259238871944724,9.79197398120347,649.185677347371,89.7138740377673,-250.140801377928
15285,999,-0.324673247644471,0.260276731350592,9.7915259582088,654.460865848907,75.9657044925973,-247.161171366237
15295,1000,-0.3248621679191,0.259947317658006,9.79294263447227,648.838668762646,80.1274123623152,-250.443091454263
15305,999,-0.32428514044233,0.259537165247171,9.79068497691102,632.595710857779,74.5219253529035,-242.842348726803
15315,1000,-0.325484869202678,0.260264254559798,9.79298209500029,627.972763258081,91.6062694506372,-241.429350996249
15325,999,-0.324874349461763,0.259560908939515,9.79269401494871,651.126283348426,64.9862467216975,-243.227466669173
15335,1000,-0.324852571678883,0.261043998938986,9.79375372144043,648.797382943574,72.1204583111956,-241.978969316859
15345,1000,-0.324137376784843,0.25906458696981,9.79280791096676,644.579843064614,80.2078244663121,-246.540801377928
15355,999,-0.325104081156187,0.259255049223568,9.79298192390766,646.034658418346,79.0786424758008,-233.682043383292
15365,1000,-0.324361908671578,0.260645704344215,9.79160846310796,633.931061005891,88.9650230538627,-248.299580003882
15375,999,-0.325294464368285,0.259893169877528,9.79274827144981,633.004321789495,87.912533174397,-242.539756057799
15385,1000,-0.324915683514154,0.259524034650334,9.79339064063655,636.098326435324,83.7050049881322,-245.221717408462
15395,999,-0.325078947179569,0.26140649731031,9.79329486612731,648.169892723208,77.1201518540755,-246.996120819507
15405,1000,-0.324959324373527,0.259343119666951,9.79271683366933,663.811585919799,67.4799287949604,-250.388129622203
15415,999,-0.32550069332753,0.260808618647284,9.79234811661738,649.304693212375,77.7910847018936,-243.089924546898
15425,1000,-0.324794662279934,0.259412917923498,9.79275397128907,651.893447503625,66.5757631624102,-242.611030385561
15435,999,-0.325293621874351,0.260221206647067,9.79207696452104,642.888713372739,75.3024235363101,-249.856996962826
15445,1000,-0.324914531279875,0.259777669787709,9.79440309446458,639.454708096893,80.7439081256819,-241.978969316859
15455,999,-0.324553088041108,0.260550475385588,9.79128018580892,654.295555585245,80.2721367453158,-246.335918632587
15465,1000,-0.324550762089808,0.259347299203351,9.79198284602894,652.945522285871,74.8507898098605,-240.549961683272
15475,999,-0.325026791970201,0.25959735396601,9.79260263454611,647.733425522271,76.5389006155954,-247.243696639602
15485,1000,-0.324492454102821,0.259235820591171,9.7914823556891,660.692782083265,83.4438187141305,-237.142328095485
15495,999,-0.325270923414759,0.260182889607089,9.79210543773466,657.707805135564,80.464687121593,-236.322852130971
15505,1000,-0.324140070112209,0.259578593867574,9.7936466962116,669.811045353052,72.4996923833911,-245.991183057317
15515,999,-0.325230913444466,0.259757395300657,9.79396355529621,681.536203281219,92.4297158169276,-254.670971242449
15525,1000,-0.324731716699463,0.260316025065275,9.79433856462098,670.294934591598,93.8719223559104,-245.221717408462
15535,999,-0.325751997827875,0.26064536821709,9.79343771518886,649.468239123065,103.911074685443,-240.284065252489
15545,1000,-0.325651318982403,0.260033244316868,9.79369829118425,649.186327376736,88.3942566191545,-249.481259393195
15555,999,-0.325546177106954,0.259686389333998,9.79400100012376,653.065358911911,94.469665917151,-240.861742166045
15565,1000,-0.325577521608582,0.260609168316937,9.79482682520702,652.942671130875,90.7273875706059,-238.626297561134
15575,999,-0.324790600433048,0.260327793022662,9.79393603564653,661.804962991965,98.5383963731697,-240.751708468224
15585,1000,-0.32567179582833,0.259679854641594,9.79391044698974,651.801775501017,87.9317296435945,-245.63393114892
15595,999,-0.32522550748952,0.259122415352338,9.79344956954317,656.933992543749,104.46199546284,-242.457230784434
15605,1000,-0.323961371619925,0.26000804930817,9.7930653272909,650.745083210858,98.1481371723973,-246.018663973348
15615,999,-0.324693266187631,0.259235576865078,9.79316973836519,670.16111738057,93.7552803302824,-237.42318910917
15625,1000,-0.325183310474106,0.25991396591704,9.79313173723743,659.328178566295,93.329397586612,-239.065992217623
15635,999,-0.325360962748116,0.259466526991797,9.79498350498269,656.383813671287,99.9562986169874,-234.232211872392
15645,1000,-0.325010790772065,0.259790596928194,9.79515991801979,644.616898618639,92.58887247802,-244.06751893518
15655,999,-0.32529198173673,0.259469626425728,9.79409592223493,658.223571523356,92.7234953678812,-240.916759014954
15665,1000,-0.324241517116285,0.259213735354282,9.79346005979957,671.069222653759,83.1673747392468,-236.015610538233
15675,999,-0.32458301153262,0.260364484732592,9.79291146422848,677.262892656415,91.0383018172833,-243.420025640358
15685,1000,-0.324707996633631,0.259275559465665,9.79377311667375,671.82843864934,114.192191435463,-248.18965633976
15695,999,-0.325021365954355,0.259870344408888,9.79263099793831,674.420079839637,102.371960419023,-249.774471689461
15705,1000,-0.324470227258553,0.259777636828223,9.79382214576748,676.184703652329,94.7398912602161,-253.053778477164
15715,999,-0.324407409216981,0.260401014863057,9.7942301122409,670.33725182722,108.135749265346,-250.5447075742
15725,1000,-0.324625308845021,0.259335472533072,9.79460651191547,659.579094975295,122.706187027784,-246.1560685535
15735,999,-0.324513884125054,0.260049813542397,9.79412510447968,657.448866990053,97.0586566287283,-234.067161325662
15745,1000,-0.325970039227853,0.260221633119806,9.79222123833841,655.654502244554,101.09147444346,-242.968282293958
15755,999,-0.325303076513362,0.259748015765616,9.79396247283476,650.267078014909,88.5398667325433,-251.70006140131
15765,1000,-0.324827055805201,0.259363276677722,9.79461692813135,674.552150341725,91.170231768513,-248.821717408462
15775,999,-0.324687798631112,0.259721090190822,9.79280693929341,671.217833765124,89.4034479731829,-245.180564805477
15785,1000,-0.325640425017124,0.259470194960244,9.79225698922456,675.600168223145,86.1089819018142,-246.293473133653
15795,999,-0.324687186025085,0.260836737863011,9.793304053827,682.717136149133,95.151354532445,-249.334336898181
15805,1000,-0.324993615785555,0.260956743855279,9.79261317555424,649.823243430482,90.2644683414812,-259.621717408462
15815,1000,-0.325018025729517,0.259309173767796,9.79323733839804,634.25432057342,106.169614008447,-245.908740309225
15825,999,-0.325096071128501,0.259559252818263,9.79425551321557,636.213728367449,103.842933592699,-242.292180237704
15835,1000,-0.325605834932605,0.258688299816182,9.7926518673355,652.93966041479,89.5890190403786,-249.865992217623
15845,999,-0.324872500404237,0.260153227238537,9.79312937532161,650.143321405003,101.186069009826,-248.894202106901
15855,1000,-0.324920582931283,0.25914919127486,9.7929450012174,647.915919120204,106.346683442006,-249.398816645104
15865,999,-0.324553129654309,0.260521931685965,9.79516734103059,661.825588309892,113.630102213549,-249.196794775906
15875,1000,-0.32569512683454,0.259083714266724,9.79534475082313,670.514191156439,102.538930052358,-253.658358629836
15885,999,-0.324753156137188,0.259453364280011,9.79593651353422,659.05701070359,90.7507125012488,-250.43467387638
15895,1000,-0.32456353295461,0.260097543732753,9.79468759329493,647.998753340892,85.1604953773793,-259.044618171821
15905,999,-0.325321656221489,0.260290553646604,9.79432562739001,653.362277492662,87.2917567670006,-249.224303200361
15915,1000,-0.324626885344486,0.2604456844327,9.79433196450432,662.756407937665,82.3110479868985,-266.601870080218
15925,999,-0.324332568187311,0.25916118929342,9.79372826410904,651.263648159444,79.6710606581058,-248.701643135716
15935,1000,-0.324297369018591,0.26063308921804,9.79501544195364,638.525854134265,78.5762819794583,-238.791183057317
15945,999,-0.324373129949668,0.260901813177521,9.79521281176114,631.636980878503,90.246812218512,-246.418443905952
15955,1000,-0.324705938966536,0.259724235462784,9.79390456685354,644.393472365613,83.8743597274287,-244.314847179455
15965,999,-0.325343564513401,0.25978922618839,9.79315435952208,662.465932872712,82.9808162942807,-249.471879020456
15975,1000,-0.324562372883706,0.259597120937709,9.79534598447804,662.112702960184,81.7562502588191,-245.249198324493
15985,999,-0.32429300267622,0.259405367284754,9.79346246471786,660.760218005202,88.1681508298263,-238.991169303105
15995,1000,-0.325357864059568,0.259678838012251,9.79497736311738,654.072645067975,86.6598282883072,-246.101106721439
16005,999,-0.325073020443517,0.260312058999583,9.7938413456307,647.813678175511,96.0338968497027,-240.614166345949
16015,1000,-0.324082131988582,0.26055007271363,9.79413209723786,661.581668190177,102.346220802734,-262.891946416096
16025,999,-0.325375256914203,0.259723176893931,9.79460068670266,656.117138408098,105.061457357804,-247.161171366236
16035,1000,-0.325027207074681,0.259931328391342,9.79513008607778,662.994179472235,97.725009823307,-246.458358629836
16045,999,-0.325241778435791,0.259700368075359,9.7945620008674,658.382360537038,98.4881696907888,-249.251811624816
16055,1000,-0.323814098185689,0.258313705666983,9.79432232087276,656.30548658458,95.287304700959,-233.569809011516
16065,999,-0.324460361146045,0.258309833864426,9.79408549774903,644.932985388511,111.265449849277,-246.225884934767
16075,1000,-0.323939071793822,0.259548133810578,9.79468749591764,656.939778786356,97.2641842300074,-247.365228858844
16085,999,-0.325012422103758,0.260845773347392,9.79559005201948,656.476812193763,82.2341071534168,-254.340870148989
16095,1000,-0.323797180447462,0.260700575332235,9.79418270109001,664.056619201036,84.6491217582602,-248.024770843577
16105,999,-0.324296873662886,0.260512172272503,9.79377157467302,675.153951808654,79.9219158719665,-256.211443011928
16115,1000,-0.324651464406013,0.259493753858666,9.79467023053973,660.789114207641,80.7259202233518,-246.293473133653
16125,999,-0.324420087922031,0.259335160895365,9.79447236438726,667.529801664575,82.9146381530539,-250.76477496984
16135,1000,-0.323854279206907,0.261224667958292,9.79392626903005,655.733115307449,94.0427515172588,-242.418663973348
16145,999,-0.324949825876076,0.260183519648884,9.79402221185342,652.091536441043,94.2135407110412,-236.955545893436
16155,1000,-0.325091239022696,0.260919548478438,9.79209197573709,650.491049162129,96.901356387431,-236.949961683271
16165,999,-0.324130869342913,0.260495341628246,9.79240649978528,643.393133829713,101.023663745466,-239.211236698745
16175,1000,-0.323559862501113,0.25965448303626,9.79242365846787,640.162742312891,88.2766004852022,-242.720954049683
16185,999,-0.324198566907396,0.259442058436403,9.79445974430108,644.859926548928,90.8591468541514,-237.450697533626
16195,1000,-0.323544268980737,0.259452856289994,9.79411737281833,637.74489723572,71.1366742079688,-250.992709774875
16205,999,-0.32476508715695,0.259991193818835,9.79334727251409,635.478981210474,91.0511899971736,-242.319688662158
16215,1000,-0.324663518253641,0.259566014377979,9.79348931578947,629.941107422529,92.6744586052945,-243.710267026782
16225,999,-0.323691996842511,0.259679052080348,9.7926208367566,619.541762974393,83.9822403258657,-238.52352608737
16235,1000,-0.325083915307396,0.26020601654489,9.79433178784311,622.712968904097,91.2294622928332,-235.438511301592
16245,999,-0.325293982211557,0.261080961854082,9.794062000737,622.021307115345,101.634984825597,-238.330967116185
16255,1000,-0.325953106400356,0.260546706936707,9.79453842552331,637.214674263466,84.0162228287296,-239.807976950447
16265,1000,-0.325857661019531,0.260708832137279,9.79315451504672,635.868382169773,81.0349594993401,-244.836984584035
16275,999,-0.325430075443103,0.260996546549579,9.7940721566036,635.53777785417,86.5657590840499,-237.780798627086
16285,1000,-0.325348129516492,0.259671949768255,9.79490049641367,645.206639894162,90.6779083683235,-251.734694507699
16295,999,-0.325266182918731,0.260780915809532,9.79358591340698,644.887071159001,78.3766463254505,-246.666019726047
16305,1000,-0.325191474000939,0.259525578185403,9.79378408040689,634.816138049885,103.195656311254,-253.658358629836
16315,999,-0.325844626377918,0.259584448254135,9.79335717227113,625.87518168683,105.093568636586,-241.659486475239
16325,1000,-0.325794956360143,0.260259821036605,9.79372681491894,634.758683676866,107.073429396572,-234.504160156554
16335,999,-0.325244917863461,0.260313700034497,9.79382122555003,619.478349666623,109.520112451538,-244.300295222917
16345,1000,-0.325014391990771,0.260276713162382,9.79320403268267,620.899897431842,104.209302880782,-235.630877713806
16355,999,-0.325763338167965,0.260170815821377,9.7924389946775,619.299478919811,111.13803491271,-236.157801584241
16365,1000,-0.325850754587493,0.26071889188934,9.79268067433564,626.574399246704,109.609481885386,-239.011030385561
16375,999,-0.326269413984708,0.261227251986773,9.79312347022613,624.670929402466,112.382776050888,-236.377868979881
16385,1000,-0.325438135092389,0.260610141441522,9.79285107829373,627.034481705261,115.427931252118,-239.42324412602
16395,999,-0.324811789667461,0.260059326858737,9.79463572255762,622.127748786578,111.930586123005,-228.648001708029
16405,1000,-0.324624467367159,0.260154034955217,9.79328712409324,629.639992972857,115.708651416081,-248.464465500066
16415,999,-0.324645204051217,0.259928520729081,9.79345552566799,640.011987136845,109.42562131692,-240.999284288319
16425,1000,-0.324885005352267,0.25987620146964,9.79350639360156,637.424616956585,111.339471478155,-253.713320461897
16435,999,-0.325313445462073,0.26085742971799,9.7932371782865,626.991609642223,128.10116681209,-238.606051360735
16445,1000,-0.324653314111153,0.260263144625551,9.79409167615016,638.831344296027,109.628331645957,-243.160648706172
16455,999,-0.324872438623297,0.260757463021445,9.79584817767737,639.277583640062,110.748817051487,-245.648208021213
16465,1000,-0.324519660691232,0.259997910157781,9.79421456229409,645.104841775571,104.865686464176,-237.939274660371
16475,999,-0.325150538723241,0.259964555825468,9.79433767077654,636.112705993953,103.493102034609,-247.931407250976
16485,1000,-0.324317551513528,0.260574310514563,9.79350961957707,657.189055242915,100.775925966763,-252.531641072584
16495,999,-0.324441596361015,0.259807827944551,9.79372552169082,646.469560256336,106.790319138115,-252.96544892624
16505,1000,-0.324512445177804,0.259567525710205,9.79493895865059,644.647655152075,101.524543059503,-243.243091454264
16515,999,-0.32420176629407,0.260325876212235,9.79476037595262,648.700852240574,120.766852046062,-252.717873106144
16525,1000,-0.324558243684143,0.25903496539616,9.79496617320318,643.064479784828,100.540865983112,-237.059885347393
16535,999,-0.324998490030884,0.260448355603051,9.79468131162228,652.356862962946,107.462670283886,-234.974939332676
16545,1000,-0.324680914702596,0.260226504598337,9.79467868557375,636.477916303391,115.29732444709,-249.453778477164
16555,999,-0.325089766731081,0.261132378572156,9.79553219391268,630.179474077544,97.1565423264503,-239.18372827429
16565,1000,-0.325696088294145,0.260375356798423,9.79497800758663,635.134456322673,109.303010150106,-242.418663973348
16575,999,-0.325676514532504,0.260981751154467,9.79532828901482,639.705377217316,105.215299859076,-245.070531107658
16585,1000,-0.325581033766584,0.260764680623405,9.79563332789327,665.387396979606,95.9796374482608,-248.024770843577
16595,999,-0.325298493519331,0.260401513468601,9.79560168184538,656.821096400217,112.694664921205,-246.583494452682
16605,1000,-0.326067619356463,0.260004325368299,9.7953365405797,636.737862096017,112.452255985699,-238.186602904646
16615,999,-0.325896965661199,0.260092472075686,9.79632668294757,634.954383749986,126.477634594591,-240.61416634595
16625,1000,-0.325693789257403,0.259629381916836,9.79599430244516,637.94346128591,112.582077070616,-242.885839545867
16635,999,-0.326531936497812,0.260856740837236,9.79545374191764,620.566280839166,127.059376214627,-254.450903846809
16645,1000,-0.325025064919581,0.259202829463893,9.79625441141765,636.838104694359,113.649218407621,-243.655305194722
16655,999,-0.325941869172551,0.259018851469132,9.79642928258643,652.354229737521,98.8398022871829,-249.444370596001
16665,1000,-0.325326590958611,0.260996114383655,9.79605064636506,641.778258152398,102.267312185841,-250.223244126019
16675,999,-0.32621833788697,0.260687103705972,9.79664841159362,646.143534354907,115.781171694375,-249.141777926996
16685,1000,-0.326146840921202,0.26117483372949,9.79425917151185,641.581677573627,110.711165593006,-257.917900614569
16695,999,-0.325445936019115,0.260141612540542,9.79501439276889,661.682510767332,119.306275796647,-260.365215104632
16705,1000,-0.324976107247756,0.261102738977511,9.79568107390516,662.738196091443,112.464664679459,-251.020190690905
16715,1000,-0.325105547238927,0.260760928820861,9.79507330779157,648.53924411158,125.545736665492,-236.565228858844
16725,999,-0.32447062073995,0.261374192988374,9.79589254348129,653.035661418408,108.958710760048,-253.51561741534
16735,1000,-0.325188022221825,0.261428245501077,9.79573858305207,648.715263797263,117.723407351256,-251.872099087852
16745,999,-0.324442214132823,0.260754906390076,9.79661598594368,648.912130902563,109.561823677302,-264.408953499515
16755,1000,-0.324554674617999,0.26123664516485,9.79660384071236,650.537142704654,110.413182591427,-254.620190690905
16765,999,-0.325305533804591,0.260699772807718,9.7965533884899,663.557020265332,105.745939087995,-242.897365575713
16775,1000,-0.325131808174806,0.261439505579111,9.79588373721752,660.71709750437,107.747063542242,-250.855305194721
16785,999,-0.324790090896204,0.260689607643343,9.79609127119692,670.015440211823,94.2835481228661,-256.321476709748
16795,1000,-0.324998135600192,0.260964447744923,9.79571811776812,657.375321152273,96.0677640191079,-244.369809011516
16805,999,-0.325572669282605,0.260969344733413,9.79572337865142,667.053319893847,98.710027248984,-255.138614458183
16815,1000,-0.325911886041939,0.260711003393801,9.79714932157318,657.500932531595,97.5097073419696,-257.97286244663
16825,999,-0.324824378719718,0.260404805332447,9.7967003541329,669.33596078494,102.379971716762,-255.248648156004
16835,1000,-0.325490768455509,0.260256189052555,9.79486304185033,662.570049704562,84.2347299240815,-260.391183057317
16845,999,-0.32510494619076,0.260410513915548,9.79433114106674,642.332535731826,97.2804700791107,-262.345821665391
16855,1000,-0.325408254631605,0.261015296535275,9.79671740144484,632.357196464653,99.2397258785902,-251.102633438997
16865,999,-0.325624674899361,0.261214535209629,9.79621273857471,646.608722929273,98.9100897242289,-248.233999919981
16875,1000,-0.32391628820891,0.260938771426078,9.79460250992062,651.84285956303,93.6832931569517,-255.91179374434
16885,999,-0.324451095805499,0.2619728813692,9.79588048175033,650.703624438117,102.118157178294,-242.787331877893
16895,1000,-0.32506050390341,0.260106350204466,9.79453067832407,645.531895502691,96.225266537697,-251.624770843577
16905,999,-0.324933656628459,0.260783905197788,9.79517722471348,653.587726355896,102.739559979422,-239.29376197211
16915,1000,-0.324862941611965,0.260326401074398,9.79581296585281,652.675214380906,104.252365808136,-250.827824278691
16925,999,-0.323560819555494,0.260181048032244,9.79517306683096,641.895914049949,100.053192889499,-254.450903846809
16935,1000,-0.325004887224302,0.259498714925325,9.79547808782788,647.531722093681,95.5668155581971,-257.423244126019
16945,999,-0.325115194558102,0.260044931079429,9.79353658939693,640.645132137494,84.1315709757095,-249.169286351451
16955,1000,-0.325620081518847,0.259649053116629,9.7957841864251,643.950904320303,97.6995050278354,-259.53927466037
16965,999,-0.325512777959152,0.259188510694382,9.79478635248596,639.327052921465,89.134326686549,-254.753496515814
16975,1000,-0.324747576496033,0.260381977734703,9.79520809327533,646.582449876092,95.3227140268827,-255.444618171821
16985,999,-0.325590255933834,0.259692045579558,9.7950881919829,646.258309163871,97.8796007101191,-256.046392465198
16995,1000,-0.326079261659089,0.260749663024975,9.79482524090468,653.427913089214,87.1504480024966,-248.821717408462
17005,999,-0.325102321192126,0.260753943643276,9.79531765910504,652.629777711997,102.17438282952,-261.520568931741
17015,1000,-0.32540072372483,0.260936475968948,9.79578793423705,659.277061362419,100.809505715221,-256.131641072584
17025,999,-0.324993244637495,0.259955484388318,9.79509297522352,670.331303870233,93.9822820590448,-248.756659984626
17035,1000,-0.325157440054294,0.259994633132351,9.79483854333657,667.577918720016,96.1736640608004,-257.340801377928
17045,999,-0.324612657591429,0.259006454735984,9.79544065496911,682.026787380894,96.9420137841354,-253.735684810979
17055,1000,-0.324545937163477,0.260912401834563,9.79534612722691,672.855806026175,92.7986105464446,-261.655305194722
17065,999,-0.325329764477932,0.260599758048763,9.79456872795672,682.06079239887,101.109610520741,-254.038277479984
17075,1000,-0.32472805868372,0.259004804208377,9.7951699589049,675.679423245222,83.7324565658787,-256.021717408462
17085,999,-0.323682502385312,0.26058079775928,9.79583478200961,679.690292014426,90.8254090667929,-261.465552082831
17095,1000,-0.324450493624078,0.261405325122009,9.79505148550769,678.406109588625,109.544316958427,-253.273625805409
17105,999,-0.324041006458083,0.260571686067668,9.79527960444749,684.1362722421,96.1727412024299,-261.410535233921
17115,1000,-0.325218456607077,0.25974507838403,9.79567586319332,686.898821734736,93.2364079060472,-255.527060919913
17125,999,-0.323789860909203,0.260105608156897,9.79539298701015,683.739746586835,107.469313981865,-263.858785010415
17135,1000,-0.325709278796926,0.259851377017093,9.79557086749044,664.639757690282,115.978399304635,-249.20645023289
17145,1000,-0.325361917773276,0.259817874266862,9.79670473963775,676.908850831746,107.739458092947,-256.653778477165
17155,999,-0.325268995014059,0.260352870592978,9.79584050590664,683.880104766108,103.029548112599,-263.61120919032
17165,1000,-0.324597015439526,0.260186840267685,9.79537450355538,662.099794896761,108.602294520319,-254.702633438997
17175,999,-0.324518628498254,0.260040464894472,9.79537832437853,660.933845099669,93.6944680141052,-262.675922758851
17185,1000,-0.324025293320999,0.259876075361374,9.79433050920175,657.556009450959,92.9430822380502,-265.804923515333
17195,999,-0.325129150770298,0.260209683877055,9.7948003785779,657.552225016255,93.0148011864661,-257.449322112403
17205,1000,-0.325241157550885,0.260519592310635,9.79533747499164,666.898433303409,92.4445808404119,-267.23393114892
17215,999,-0.325326704609455,0.259769080981719,9.79571483923702,655.696967203213,86.6010059418021,-242.732315028983
17225,1000,-0.325652347857508,0.260592033774381,9.79499559193478,658.105224384339,88.4083048118192,-256.296526568768
17235,999,-0.326144490593837,0.260101638082034,9.79625071787932,665.088935252615,83.453642338519,-263.803768161505
17245,1000,-0.325155149874029,0.259731195253712,9.79519975827198,667.953323842316,84.7624488352241,-264.375915881745
17255,999,-0.324612053701787,0.25970549972962,9.79473981808079,668.728856249019,68.5032702520761,-254.863530213634
17265,1000,-0.324139631337028,0.260416530777075,9.79452012106849,666.567810058171,71.203526486857,-243.490419698538
17275,999,-0.324381086890335,0.259251856983402,9.79602904471258,657.169802441659,87.6441421666652,-259.677504493257
17285,1000,-0.325273997928864,0.260153671856077,9.79442383776694,675.299512976323,81.3419539676572,-261.435457866477
17295,999,-0.325538687663317,0.260378852347482,9.79607087685253,660.190212257827,89.312897155816,-253.790701659889
17305,1000,-0.32502663711246,0.260266805526834,9.79526648033401,658.37480555682,72.4207593055849,-259.127060919913
17315,999,-0.324812237865148,0.259283447375572,9.79580090001551,661.16732738709,63.4354088055916,-264.078852406055
17325,1000,-0.325526524713772,0.260036291486947,9.79572030192014,660.061826082662,68.5589848117629,-251.899580003882
17335,999,-0.326302196967014,0.260704502200175,9.79585516165047,664.166863152001,70.8782602819696,-266.03195054236
17345,1000,-0.325608173893598,0.260520264299267,9.79439629478154,647.192019029745,83.2366619698224,-258.165228858844
17355,999,-0.325929039427556,0.260614327159974,9.7955065706659,653.362810811278,93.6506355215837,-256.404001983113
17365,1000,-0.325942235034244,0.26121075937945,9.79343648029497,647.097551473102,93.530497381539,-253.383549469531
17375,999,-0.326479067103157,0.260059003009583,9.7950654917252,676.617155796417,91.0162129240247,-254.560937544629
17385,1000,-0.325251137900966,0.259650986331541,9.7950365088694,669.78768536787,103.48539246495,-256.681259393195
17395,999,-0.324109836232037,0.259721478743647,9.79496244142509,665.684997489336,105.038596866772,-255.386190278279
17405,1000,-0.324857792620258,0.261107222647645,9.79536224150013,654.380232700443,106.18940642607,-264.788129622202
17415,999,-0.325569383017284,0.259596722578445,9.79537820025801,662.741789496917,103.656917062255,-259.182352853067
17425,1000,-0.324205886554792,0.259900541306994,9.79458925983915,653.312789625353,89.7933962912669,-257.97286244663
17435,999,-0.324851083799122,0.259806188443131,9.79474284285191,648.054146612767,97.6021369898204,-254.065785904439
17445,1000,-0.324727327240615,0.260156319269,9.79435145910869,648.805855369106,105.732141835157,-263.826297561133
17455,999,-0.324130981934973,0.259445973489866,9.79497883538635,662.016171048272,107.787454972447,-251.397468732305
17465,1000,-0.324291636663058,0.260804457842266,9.79539054352916,645.426560750388,121.151618698541,-257.670572370294
17475,999,-0.325139249737468,0.260564804946766,9.79422996840551,640.640783342631,102.456714115501,-243.832652007183
17485,1000,-0.324556300130512,0.260891964612139,9.7950769498133,649.245033049594,104.302572972813,-257.45072504205
17495,999,-0.325515219596226,0.261181140858577,9.79549652320872,654.832921665319,106.339723308037,-253.158007897424
17505,1000,-0.325761969322688,0.261184470399729,9.79465201092159,658.740051249976,125.645575058504,-249.673625805408
17515,999,-0.325554810014889,0.260843153256633,9.79565144123201,642.876938836803,129.02958311679,-246.253393359222
17525,1000,-0.324959763936272,0.260332284301737,9.79556538585403,647.187102797343,105.551785939739,-249.124007484798
17535,999,-0.32452921113799,0.260546542040011,9.79396883532607,654.279134881102,122.239418253444,-250.132081207375
17545,1000,-0.32432141490225,0.260673409200836,9.79508109929799,640.886688646429,121.241127088562,-243.737747942813
17555,999,-0.324420006367171,0.260549457768278,9.79538751822947,657.547924369083,108.585682319495,-250.902317092115
17565,1000,-0.325032211229842,0.261118961950417,9.79486304923033,679.332461937816,120.035237577579,-253.053778477164
17575,1000,-0.324171297279954,0.260818856318355,9.79398957494295,657.936943278653,111.11865869973,-244.809503668004
17585,999,-0.324611345418633,0.260824900050506,9.79584056496892,673.878818359286,116.730789901828,-249.664437991641
17595,1000,-0.324645578410909,0.260533310086397,9.79351404655791,671.992631131481,116.982756564981,-244.809503668004
17605,999,-0.323748067220407,0.259970830497107,9.79472034840727,663.330415201736,122.616671008011,-247.436255610787
17615,1000,-0.324352316702768,0.259660388030911,9.79356052373109,662.632227678652,120.978765689617,-250.800343362661
17625,999,-0.325080067263935,0.261214400901039,9.79429653784483,670.508127680514,119.243029405697,-250.627232847565
17635,1000,-0.323903176646164,0.261188720505627,9.79563838435458,668.491274119054,127.46304970625,-246.540801377928
17645,999,-0.324476650263161,0.261429945335984,9.79467518721934,654.254149399281,120.182809709433,-255.386190278279
17655,1000,-0.323839338430178,0.261407086692969,9.79518264898517,672.285978312526,125.806243647492,-253.603396797775
17665,999,-0.32421728783549,0.260938536027644,9.79551342930961,660.509782259896,125.881970231208,-254.340870148989
17675,1000,-0.324699926050134,0.260820968020085,9.79535457251141,650.437735040483,130.848099315525,-254.592709774874
17685,999,-0.324033590339081,0.260150738810812,9.7946123702305,651.469569629878,131.287432630394,-256.624069378753
17695,1000,-0.324215453307143,0.260479242278729,9.79468359854239,664.566174708703,111.618967454669,-248.354541835943
17705,999,-0.324277922572404,0.260048704704648,9.79461316701933,667.856115075318,95.8421768979064,-245.538174323393
17715,1000,-0.323550028950259,0.260931854979895,9.79399566240508,671.834637711086,104.494928659404,-254.125534202355
17725,999,-0.323785784405493,0.259749281144235,9.79401630373248,668.381803387303,112.908066004438,-256.046392465198
17735,1000,-0.324107920914253,0.260075943175482,9.79445868316768,675.1836026481,115.874592930213,-249.838511301592
17745,999,-0.32388117102254,0.260877384210672,9.79507744277163,672.715378869893,115.384392703694,-252.002654070315
17755,1000,-0.323460138815934,0.260298153298966,9.79716092632139,669.863523727205,107.64239167845,-254.620190690905
17765,999,-0.3235957911891,0.259783336162347,9.79600237866294,654.658677093423,120.6707828309,-250.159589631831
17775,1000,-0.324026830624347,0.260088826717969,9.79349483946585,659.7510874938,120.810244447875,-240.385076187088
17785,999,-0.324506823742432,0.259885714478988,9.794641198051,660.785320895119,129.117839794554,-245.813258567942
17795,1000,-0.323232777795703,0.260791549416685,9.79503162403473,671.670106528732,120.290094492203,-248.71179374434
17805,999,-0.324691745590145,0.260231965551784,9.79496883078408,666.409717021319,134.384970072717,-262.235787967571
17815,1000,-0.324363655194486,0.261037103971266,9.79567113089073,657.081554951556,141.07967402225,-252.229350996249
17825,999,-0.324578509809822,0.26062854925631,9.79602964117417,664.09890064437,129.748307495787,-258.577167515057
17835,1000,-0.324006825234011,0.260515995681154,9.79558480736649,662.522284681544,123.19509149687,-260.501106721439
17845,999,-0.324122480440892,0.259207574532918,9.7959177032457,668.746068808339,110.599735005285,-253.488108990884
17855,1000,-0.324044526057669,0.260832917311198,9.7962562912581,649.415328355894,113.316709343213,-247.832404431363
17865,999,-0.323658510417685,0.261193036105882,9.794725095105,667.863021884272,106.920495837002,-261.438043658376
17875,1000,-0.32369857376142,0.260627077189709,9.79532470041375,668.444890216056,118.479827798729,-254.043091454264
17885,999,-0.323943799282023,0.260491592771793,9.79527331110638,662.261403474802,112.15984519825,-257.091712594488
17895,1000,-0.323805036525741,0.26137039418541,9.79542173781697,675.379907956182,116.865328273746,-251.047671606935
17905,999,-0.323941980269727,0.25994805097321,9.79552004416727,679.940340162854,102.155048468576,-256.376493558658
17915,1000,-0.323001650032733,0.260079473334062,9.79576437238146,672.135075228084,109.972026259722,-253.3560685535
17925,999,-0.323050459028947,0.261259870051008,9.79500132318163,657.006548460828,114.211823057236,-247.381238761877
17935,1000,-0.324367196216933,0.26006974712514,9.79565452427031,661.93539263127,130.166498571862,-249.646144889378
17945,999,-0.323730665532126,0.260446654167543,9.79569397319888,667.016992709361,111.801243179949,-252.992957350694
17955,1000,-0.324017434668963,0.261007272764641,9.79547752559251,647.15221086641,127.582716808393,-256.324007484798
17965,999,-0.324036004946972,0.26091979115115,9.79433634630414,651.080034852746,120.196496959598,-249.031744229176
17975,1000,-0.324010780966177,0.260637436274686,9.79658609301754,669.854532498302,109.376754435658,-252.146908248156
17985,999,-0.32299981655979,0.260877886205151,9.79571842883704,671.215975614443,106.060374332062,-264.849088290795
17995,1000,-0.324321013113112,0.261901350314261,9.79584176169348,678.77754133166,104.960475395254,-253.3560685535
18005,999,-0.323161459941023,0.261942973499439,9.79546364603485,666.488630362882,109.184215168321,-257.366796839038
18015,1000,-0.323681458541635,0.261208589340641,9.79398458069468,671.286899127866,103.737665490103,-251.542328095485
18025,1000,-0.323309530307485,0.26155669712108,9.79468033888509,675.053797004448,123.713231407253,-257.230877713805
18035,999,-0.324243946613338,0.262200972109143,9.7946970745911,683.460313600682,125.626498440562,-250.65474127202
18045,1000,-0.324230104583814,0.261045546099364,9.79491289282875,679.845779885315,131.559490220831,-258.824770843577
18055,999,-0.324385906521137,0.260598902610053,9.7958689558786,671.401810631563,114.828111924828,-248.591609437896
18065,1000,-0.324145324252605,0.260736105053897,9.79542424692242,665.533890689599,125.920955645338,-250.635457866477
18075,999,-0.323456933353723,0.260419146042641,9.79587807500799,673.696895262511,115.110128776539,-245.428140625572
18085,1000,-0.324362799482896,0.25963735855353,9.79595177559926,662.19680229065,123.153021497616,-249.563702141287
18095,999,-0.324019182702632,0.260350059901726,9.7955382471642,661.729559256783,126.581495342213,-249.306828473725
18105,1000,-0.323504940135499,0.26065085496814,9.79522317750881,676.205507023044,111.762472107533,-265.585076187088
18115,999,-0.324351297892895,0.260783462410249,9.79625428061314,678.541476908469,119.573705116484,-258.467133817237
18125,1000,-0.323894970664696,0.260703367226281,9.7944545990367,665.614766946441,112.387032696151,-246.073625805409
18135,999,-0.323593853691014,0.259930762593252,9.79580014448452,674.106440688757,124.700073789933,-257.311779990128
18145,1000,-0.324562465628139,0.260614216070691,9.79414537219229,659.545436156445,130.590259689593,-265.117900614569
18155,999,-0.324242216290875,0.260717291272578,9.79634718114473,674.193306116101,133.701035941388,-263.473667068045
18165,1000,-0.323689019070627,0.260803607748819,9.79493850218314,671.084609563549,125.294323752279,-250.827824278691
18175,999,-0.324914641524856,0.260682539448606,9.79451295406931,674.228363268831,129.235654378449,-265.729357873355
18185,1000,-0.325096944042311,0.260310745373289,9.79437103617494,668.165523206216,121.950671962317,-263.908740309226
18195,999,-0.323658967211673,0.260559553331517,9.79478285765608,665.41788164591,113.707209415046,-260.557774075817
18205,1000,-0.323220761220329,0.260767819922962,9.79499750748973,667.89824091895,115.109356471609,-254.235457866478
18215,999,-0.324112641477682,0.260922948303492,9.79351970596712,671.62521989771,119.849879796547,-263.198582823495
18225,1000,-0.32356747188921,0.260612909437888,9.79521135742936,668.316677758839,112.17430744214,-266.382022751973
18235,999,-0.32388748742194,0.260105349880056,9.79421877560005,662.795255083205,110.636613236443,-245.538174323392
18245,1000,-0.324637599331884,0.260959275646269,9.79301129286813,662.828502185643,122.640392376554,-258.110267026783
18255,999,-0.324256865384577,0.260642098286877,9.79311480944498,642.787418475138,122.882241867824,-243.007399273533
18265,1000,-0.325074174116412,0.260974560295508,9.79527924549304,647.902585020288,118.358356008997,-245.469045652737
18275,999,-0.323828352818382,0.261122772808577,9.79479883517349,649.553698087735,119.068654649591,-251.947637221405
18285,1000,-0.324231862534772,0.260494304416004,9.79383358754091,652.713151909338,118.749489308054,-257.9453815306
18295,999,-0.323109360925616,0.261052331992641,9.79536897379815,670.778572613209,105.026546548569,-257.669389508043
18305,1000,-0.324421398095646,0.260312622168717,9.79475778387033,673.694368998992,109.231086089605,-244.177442599301
18315,999,-0.324117273760239,0.260281233211394,9.79387401974942,676.232148080701,101.162730834048,-241.081809561684
18325,1000,-0.324868841902679,0.260065773878414,9.79476062237863,682.967824082041,103.61787143448,-243.847671606936
18335,999,-0.324998869872804,0.260969811020717,9.79427720385761,672.615939912416,116.270347551584,-242.319688662159
18345,1000,-0.325030935534073,0.261513921995826,9.79404676896471,682.803777182565,115.173425207143,-236.812557103119
18355,999,-0.32394225166815,0.260112487748757,9.79588483456327,682.289582635729,98.6845947542173,-257.614372659133
18365,1000,-0.323930612411264,0.260522821763958,9.79530208024108,673.396247921444,102.037895628861,-247.227824278691
18375,999,-0.324608038817224,0.261043855230846,9.79434212805778,670.029201666219,111.129466271442,-245.648208021212
18385,1000,-0.324769883649511,0.26110154116879,9.79458384363687,662.842124329648,100.660099171878,-250.80034336266
18395,999,-0.3253546814772,0.261341057762736,9.79537141382074,658.464180325361,120.425800493086,-244.960497409838
18405,1000,-0.324071742595575,0.260724697222425,9.79459137190828,670.776864889676,113.147333955896,-254.592709774875
18415,999,-0.324811972690163,0.261318202827917,9.7957530925397,666.120472551415,116.169042564686,-244.822955287563
18425,1000,-0.324194399832585,0.260724694416565,9.79531596257556,654.793786206051,112.898347696764,-248.272099087852
18435,999,-0.324253391021387,0.260256120213658,9.79527661356507,651.03408666289,115.627843026043,-244.272786798463
18445,1000,-0.325467935862052,0.261691974342794,9.79416162983321,659.554062319009,113.914666407412,-247.722480767241
18455,999,-0.32447353808563,0.260467631724426,9.79561850349608,636.92490851517,108.192446826399,-238.74359348301
18465,1000,-0.325099127577356,0.261120988035391,9.79597650881921,645.969953764014,99.4712545039588,-241.731641072584
18475,1000,-0.326688554332756,0.259980899752403,9.79396933982296,635.578052671611,107.15037400814,-243.160648706172
18485,999,-0.32385500269441,0.260520707823507,9.79345730489995,661.699540632008,100.216092150088,-239.816422036755
18495,1000,-0.324020273480485,0.261160538894903,9.79331775457306,647.750121827287,117.486519634982,-245.331641072584
18505,999,-0.324441861821393,0.260889694560803,9.7933520129047,638.978552149596,104.710711618795,-251.70006140131
18515,1000,-0.324481594832955,0.260866169927017,9.79361717686553,642.770461713461,101.391000518024,-241.814083820676
18525,999,-0.323660561028115,0.260829385347175,9.79535230133864,645.053210930663,100.532216304305,-245.785750143487
18535,1000,-0.3236355628726,0.260280627944497,9.79456777763762,652.032436556671,121.75772841039,-246.705686874111
18545,999,-0.324200343564832,0.260570797059343,9.79496584246648,638.828862094079,119.084647689753,-240.806725317134
18555,1000,-0.324876845383077,0.259878073355507,9.79494265903049,642.146934473372,116.066783060656,-245.056831912279
18565,999,-0.324504625295972,0.260901232932225,9.79479814322045,645.615143666026,135.293436718459,-242.429722359978
18575,1000,-0.325219322616246,0.260793841926615,9.7936359970572,638.003176259571,129.225423973982,-235.520954049684
18585,999,-0.324851796795057,0.261280011345416,9.79383017940642,645.084864747769,141.500952320009,-254.891038638089
18595,1000,-0.325360452482365,0.260654260352576,9.79442176777567,649.666932491377,120.453694280743,-256.324007484798
18605,999,-0.324303697027996,0.259986006797032,9.79416348756255,647.800063375153,135.191257946704,-249.334336898181
18615,1000,-0.324666998579086,0.260843208547202,9.79381622160214,658.282284099003,120.058485669667,-246.348434965714
18625,999,-0.325356063254091,0.260663019974922,9.79456965018171,641.189726717177,112.436309893077,-259.292386550887
18635,1000,-0.324920834717592,0.260841804566145,9.79402542209821,659.585068711331,104.505909583088,-247.1453815306
18645,999,-0.324696432020193,0.26027137656605,9.79365368789967,658.512555995972,82.6375730405005,-259.952588737807
18655,1000,-0.325497700781618,0.259107852470605,9.79449174187517,663.381006289796,90.883331063513,-266.601870080218
18665,999,-0.324463828689821,0.260156828680788,9.79385674328834,660.307301373876,85.6231162240601,-265.674341024444
18675,1000,-0.324895668383198,0.261028965236405,9.79365521433374,660.798371068268,74.8382932304271,-245.11179374434
18685,999,-0.325405419940375,0.260825607039873,9.79481741474718,651.920546516412,105.051575486277,-252.03016249477
18695,1000,-0.324043133748887,0.26116525971882,9.79399439659591,642.905104611301,95.7234290218985,-239.45072504205
18705,999,-0.325303421506659,0.260516410555502,9.7951676867906,648.371217569402,119.386434801624,-260.750333047002
18715,1000,-0.324124691226351,0.26135419226226,9.79352920196576,650.571065438514,110.591963963698,-248.299580003882
18725,999,-0.324733863690856,0.261437800946515,9.79333428040298,649.612092581574,122.076561090722,-253.295550019699
18735,1000,-0.324352962154805,0.26123721388316,9.79405064335766,650.434692876228,121.17842628751,-260.775915881745
18745,999,-0.324675011831216,0.26095450928637,9.79402916746315,651.615325372201,102.123937304794,-254.175819602259
18755,1000,-0.324414456235921,0.262480630308764,9.7945263235581,666.548414582195,122.999954542079,-252.146908248156
18765,999,-0.324463439716056,0.260659621488922,9.79301200996579,663.098649746929,122.989783938639,-251.70006140131
18775,1000,-0.324992351629798,0.260941462961063,9.79450813503514,648.14110850745,123.144385076461,-252.83393114892
18785,999,-0.323955990704759,0.260493654792766,9.79406595597711,641.359971122506,126.276518928879,-247.628814581971
18795,1000,-0.323709127555508,0.260699923581048,9.7939828807321,646.325567557151,129.910496616472,-259.236984584035
18805,999,-0.325517544078985,0.261550397183282,9.79334094544823,650.828143245384,129.251002901228,-249.224303200361
18815,1000,-0.324392623988045,0.260994201916346,9.79504066992767,649.005665546914,121.828496940688,-263.936221225256
18825,999,-0.324863646247592,0.259903654209775,9.79386266002947,642.726478364925,133.499510081837,-254.615954393539
18835,1000,-0.323171453045955,0.261154352013568,9.79482747273747,647.691258369219,119.79838789158,-264.403396797775
18845,999,-0.324035416814652,0.261148822911706,9.79432180648808,657.455880605641,119.814892801705,-267.847506556389
18855,1000,-0.323853347168228,0.261016649440551,9.79444586358387,664.583208404596,115.313777356352,-259.182022751974
18865,999,-0.324269897206703,0.262124872135845,9.79432490988782,659.325227811482,118.965074084905,-262.318313240935
18875,1000,-0.324081775013494,0.260588720284495,9.79463998868287,663.170848688225,112.393254072559,-257.560648706172
18885,999,-0.324498974267522,0.260050726400265,9.79321546843968,658.358936760717,115.02252965108,-261.630602629561
18895,1000,-0.324455098611395,0.260668250766693,9.79396639900233,650.068836724449,127.88978141419,-253.163702141286
18905,999,-0.324218549854288,0.259873819580298,9.79348388433637,665.865411796379,127.649255755072,-258.192049572687
18915,1000,-0.324855167436484,0.260293103182344,9.79286295914841,654.48389728835,120.406573553608,-266.601870080218
18925,1000,-0.324186728446868,0.259954916834732,9.79404432787547,659.26736886333,118.304536840203,-273.472099087851
18935,999,-0.324269812061793,0.259832082211006,9.79514198836131,675.246496498692,112.075471578969,-269.828113117148
18945,1000,-0.324516485964929,0.259927100703416,9.79370287421018,651.264592446971,116.772851838013,-261.902633438996
18955,999,-0.324052758420447,0.260394209511767,9.79294611395121,649.1794852473,106.55456770612,-262.923498578946
18965,1000,-0.324075777802314,0.260072926267167,9.7933111450819,656.629601237845,99.7190063637833,-265.66751893518
18975,999,-0.325239940705781,0.258839972396599,9.79372817021224,650.821773277446,104.563643357677,-253.983260631074
18985,1000,-0.32478742797713,0.260057956559024,9.79424403201076,639.618423797813,109.930965079255,-247.502633438997
18995,999,-0.323640305917863,0.260569054178951,9.79445694417058,639.905481592169,98.3151367975094,-246.005817539127
19005,1000,-0.324209038573145,0.261547113359486,9.79392869425381,659.680994464731,105.603149265121,-244.507213591668
19015,999,-0.323552893889074,0.260436406266023,9.79317547209665,656.993147183219,89.9812631556563,-251.75507825022
19025,1000,-0.324186500723774,0.25988777907647,9.79318238058992,659.624794083029,118.792151627749,-255.169809011516
19035,999,-0.324309061505466,0.259903028599785,9.79370330374037,657.977876899667,110.187588324097,-248.399050466711
19045,1000,-0.324535744981992,0.261142348922668,9.79338636502277,675.97189419947,118.781169157383,-259.978969316859
19055,999,-0.324203617465837,0.260560771857547,9.79347148112829,684.42828070608,105.540490673882,-256.211443011928
19065,1000,-0.324529757813375,0.260422617287574,9.79439166554599,674.971006140996,107.821631209344,-249.096526568767
19075,999,-0.324196248228645,0.259733847075951,9.79489309451418,676.628431944309,95.1093255466358,-261.217976262736
19085,1000,-0.324573535621467,0.260044621278804,9.79483021427603,669.729313463055,100.470221435289,-244.61713725579
19095,999,-0.324420033268518,0.260707251133703,9.79496082906216,668.416334161439,97.7690629576811,-245.373123776663
19105,1000,-0.323696899255799,0.259696081065495,9.79383451215808,683.145421031962,105.821912229252,-254.235457866478
19115,999,-0.32393703904727,0.261052048644843,9.79431059012991,670.696029913299,103.369493533524,-257.751914781408
19125,1000,-0.323988692149804,0.260878983654711,9.7940541655162,671.274000615585,114.964263956318,-255.829350996249
19135,999,-0.32355260204066,0.260960382240753,9.79436260008093,687.143552809364,113.671633850612,-259.209861277522
19145,1000,-0.323480366212955,0.25987884308018,9.79455170587343,681.354294850839,111.589107441314,-266.052251759607
19155,999,-0.324557158904713,0.260041627658888,9.79540941634336,675.116849306723,107.276934468357,-260.502757226907
19165,1000,-0.32451528602347,0.260278049809318,9.79416875814985,667.269610110616,105.372478562569,-272.015610538234
19175,999,-0.324578246323108,0.260910342258826,9.79495982973645,658.073848471509,104.401987315285,-269.305453052503
19185,1000,-0.324877982979121,0.26003588213051,9.79316817423715,665.492221401119,111.411944378915,-273.197289927546
19195,999,-0.324579855301965,0.260907159381043,9.79322432281731,663.035885679012,102.998142997361,-260.502757226907
19205,1000,-0.32420872137096,0.261519282156947,9.7937202123193,661.502595396076,113.174872554807,-259.841564736706
19215,999,-0.323856488327026,0.261032861259099,9.79298862337776,654.370786742743,106.018892793906,-250.434673876381
19225,1000,-0.323804734966511,0.259138405494051,9.79359939108509,658.469759216196,98.7242007073177,-252.943854813043
19235,999,-0.323997802780368,0.260107376065141,9.79470823696679,654.090630396856,112.861992765646,-259.099827579702
19245,1000,-0.32545660765667,0.259759176787525,9.79326872966149,655.441764593936,95.1575777890218,-259.236984584035
19255,999,-0.324412246696545,0.259852648844909,9.79351834304238,650.943097999483,103.82613646905,-256.238951436384
19265,1000,-0.324511239381801,0.259548554249649,9.79361177844905,660.568588885413,93.530509025005,-266.272099087852
19275,999,-0.324966675194731,0.261154350411509,9.79336665825485,659.328784385326,93.0529361404176,-258.026999025957
19285,1000,-0.324405153322126,0.261474570033403,9.79335843155649,676.191833968959,95.4674080433699,-254.262938782508
19295,999,-0.323487287497041,0.260989483158898,9.79354159750273,665.653787048492,97.8370295979415,-258.192049572688
19305,1000,-0.323989969614815,0.26014847205118,9.7931270655861,657.0149246831,118.917927453657,-258.000343362661
19315,999,-0.32497756258905,0.261325156610843,9.79492965465552,668.909735447335,109.661966713069,-258.192049572687
19325,1000,-0.323706958539936,0.260348501133594,9.79299347902905,652.073397571002,98.7854876562704,-266.21713725579
19335,999,-0.32509854773763,0.260509770012032,9.79425358013165,669.269970244749,91.0155905614099,-256.321476709748
19345,1000,-0.324233259659806,0.260932613852191,9.79452061797914,660.788651980059,111.586238665836,-258.632404431363
19355,999,-0.325693613933613,0.261310015136996,9.79525705052944,671.865633678978,101.17974122145,-266.444576909184
19365,1000,-0.322554665919832,0.261379445864137,9.79415741800742,667.873266510514,103.900016301246,-263.469045652737
19375,999,-0.324965078900757,0.259738048233523,9.79387775700118,654.634759733366,117.801709646105,-265.564307326625
19385,1000,-0.324449712846446,0.260834190628963,9.7938720268867,663.0741254392,99.5389710027651,-266.299580003882
19395,999,-0.324994417601362,0.260645081763662,9.79273913759356,653.271324945418,99.0361118756084,-267.324846491744
19405,1000,-0.323622368713968,0.261165046814854,9.79315121511277,650.871536814294,98.5132893201393,-261.243091454263
19415,1000,-0.324997558771194,0.260033650507813,9.79287268464319,659.430832106417,106.292786995259,-258.907213591668
19425,999,-0.324479993553741,0.260940299078259,9.79258257122749,650.926469048492,101.642495505965,-258.302083270507
19435,1000,-0.323270745634995,0.260065742639823,9.79251600702434,669.522534840992,92.4299712655662,-266.766755576401
19445,999,-0.325025162449685,0.260394560057941,9.79277793970226,650.257363402298,102.612764626868,-262.208279543116
19455,1000,-0.325103800644301,0.261134284816152,9.79332389572082,669.729296188689,100.075588962827,-274.598816645103
19465,999,-0.324858285690124,0.260657183307374,9.79391302586971,658.466492717848,112.928948908181,-269.360469901413
19475,1000,-0.324067913793772,0.260592335814238,9.79364427173007,663.341596725276,96.2112481243496,-271.163702141287
19485,999,-0.324046768891375,0.259460114850386,9.79302076534218,655.737188276561,102.160440387328,-264.76656301743
19495,1000,-0.324524759568935,0.260631659689824,9.7939142941211,672.719854253591,101.879448047736,-259.841564736707
19505,999,-0.325444021089315,0.259790513133635,9.79286268833021,654.205863345968,102.812353779831,-271.643669131177
19515,1000,-0.322992729190723,0.260730181462493,9.79245104527062,661.793745625984,108.558668337642,-268.140801377928
19525,999,-0.324360560357194,0.260807907033844,9.7934921936651,658.028886909162,108.309972066324,-273.294174598477
19535,1000,-0.32478264601934,0.260072121822768,9.79297556508183,665.295928921405,107.677918921809,-269.240038019149
19545,999,-0.325226925530616,0.260504661282049,9.79474814198321,680.032963168019,114.696359035278,-263.913801859325
19555,1000,-0.323701626285837,0.261147475846053,9.79376721068959,681.533262146696,108.612715534261,-267.343854813042
19565,999,-0.325217969061366,0.261240350391492,9.79348008590839,676.400729561338,107.343902180453,-282.509496790898
19575,1000,-0.324110640510453,0.260004195595033,9.79648448638827,661.349550212081,119.505724289782,-251.569809011516
19585,999,-0.325213717479141,0.260282653831025,9.79381316848942,663.276445759257,124.949602555732,-268.232624498759
19595,1000,-0.324349038492693,0.260161268429743,9.79375069457885,659.332962948853,139.566256340554,-267.398816645104
19605,999,-0.324117255546823,0.26076787830562,9.79515968274464,653.425578319359,121.977011364089,-258.934777032972
19615,1000,-0.324175108429308,0.260517309930495,9.79565146028538,654.527652411584,125.950235772423,-276.879732675638
19625,999,-0.3245935790126,0.259992358098061,9.79553292894974,674.92703496283,113.718648121785,-271.616160706722
19635,1000,-0.32438082634826,0.259691911866986,9.79472963917417,677.955539108934,115.97889844622,-268.882786110752
19645,999,-0.324758390018256,0.259937946519942,9.79485722069188,664.903141032533,111.494894142276,-267.379863340654
19655,1000,-0.324136365923433,0.260469211820401,9.79477283985089,684.438752984295,118.079523245366,-257.203396797776
19665,999,-0.323887681523534,0.26148169397419,9.79419702803433,687.461449979988,118.689672103662,-259.705012917712
19675,1000,-0.324445257771764,0.260417341666345,9.79610760873109,685.784626376223,125.004957988066,-255.774389164188
19685,999,-0.32435082872519,0.259815930024714,9.79601874399013,685.141216745572,122.417198588953,-257.669389508043
19695,1000,-0.32422734525197,0.260704782384823,9.7955675824914,693.547037231157,112.433057659142,-260.775915881744
19705,999,-0.32403970235763,0.260957603881443,9.79508573572237,703.229887435551,120.812341540498,-266.334543211364
19715,1000,-0.324680793674835,0.26151792207587,9.79632513241328,693.191926948945,114.309333321312,-258.687366263424
19725,999,-0.325408563882168,0.261100687438024,9.79493151916794,684.96472351293,121.821771329578,-260.585282500272
19735,1000,-0.325841334422535,0.260598766060491,9.79587257648051,686.396331863174,105.969424992736,-263.524007484798
19745,999,-0.325326820072667,0.261176437815604,9.79569166351363,694.828464431096,100.179343531767,-260.832858320366
19755,1000,-0.326325812457497,0.260512455892928,9.79532924101883,681.742043432356,100.821227807344,-253.246144889378
19765,999,-0.325473251078843,0.261139281145152,9.79485248510445,684.962446542712,112.83931154808,-266.086967391269
19775,1000,-0.32489354359954,0.261406641507621,9.79495576697296,673.585393557247,117.291595874752,-263.826297561133
19785,999,-0.324219934898934,0.261057938980094,9.7964532103256,678.770692047412,96.9661021447344,-261.135450989371
19795,1000,-0.324983702557844,0.259781180696346,9.79608855003957,686.565753446365,98.3961988814351,-262.562175423729
19805,999,-0.323956029600659,0.260709594803417,9.79632449005708,684.708954971089,123.537901393362,-276.210067590705
19815,1000,-0.325580514543918,0.261219812834818,9.79660554874344,672.217121341739,127.053279016706,-265.942328095485
19825,999,-0.324549909097718,0.260548456427493,9.79476118935084,669.094491575151,123.018470617367,-260.145147708991
19835,1000,-0.324905378925961,0.260500002999059,9.79625758617963,682.578836469662,117.07661839359,-268.80034336266
19845,999,-0.324664157326013,0.260211598882482,9.79497764396576,664.202100103302,112.925890778798,-258.797234910697
19855,1000,-0.324727865220556,0.259790093007721,9.79675605630921,657.081270204377,125.605651652565,-258.797289927546
19865,999,-0.323593688751899,0.260612327543068,9.79531358351595,662.051794999159,111.326966975781,-266.141984240179
19875,1000,-0.32416826634115,0.260580601247161,9.79593275366647,664.229255084608,109.140981627504,-260.198816645103
19885,999,-0.32599480223003,0.260708950919543,9.79478282554239,656.94430501122,117.71454597684,-269.277944628048
19895,1000,-0.325098218121376,0.261108558264862,9.79676759377097,672.518734919696,117.467772437008,-265.777442599302
19905,1000,-0.324815893497706,0.259722021446366,9.7962016977604,666.008870441097,126.533858908426,-259.127060919912
19915,999,-0.32494941940317,0.260426443338852,9.79542518242849,682.76858138658,127.842106494413,-256.816628349938
19925,1000,-0.324347196999373,0.260468440717226,9.7964105573411,692.516765807168,121.871947391502,-267.124007484798
19935,999,-0.325110141899562,0.260212762981043,9.79687958780498,686.932146628452,124.179691644349,-263.363633370225
19945,1000,-0.325823650843354,0.261305898589082,9.795691056529,672.532849647179,117.452157548333,-267.838511301592
19955,999,-0.325415232814446,0.261055497302208,9.79587747832503,686.3112132965,115.466961903183,-260.585282500272
19965,1000,-0.324227723121825,0.261205567072025,9.79578607080481,692.204029581984,104.201567304997,-272.949961683271
19975,999,-0.323838655591381,0.260295416028974,9.7960232367889,686.748079242879,102.235712980142,-270.295756332883
19985,1000,-0.324269493830966,0.260021727379618,9.79537018362097,684.801593343603,96.9189653327136,-264.403396797776
19995,999,-0.325011337182296,0.259678884390621,9.79605798556455,686.063554035573,99.291277118775,-274.311986303311
20005,1000,-0.325563628345973,0.260676883566786,9.79584803615679,673.473707326544,97.5651075642139,-262.314847179454
20015,999,-0.325396742255503,0.261044485665737,9.79561673128035,667.234213040833,109.348001673754,-263.941310283781
20025,1000,-0.324239228625757,0.26021894213605,9.7948541536328,675.319218558181,108.213938681898,-269.349961683271
20035,999,-0.324763609398533,0.261058712462395,9.79591424283182,693.338827023008,99.9903671124713,-265.069155686434
20045,1000,-0.32453258916564,0.260707524594997,9.795651181151,673.493365777318,108.242190142896,-257.011030385561
20055,999,-0.325469764240295,0.260642943781646,9.79556041982084,668.700044359838,104.754783173927,-262.34582166539
20065,1000,-0.324509828587546,0.260301859563695,9.79514673365801,687.667432866628,110.635472771491,-263.578969316859
20075,999,-0.324944611022085,0.259658547296184,9.79505825573595,685.22077992727,119.19274143899,-265.26171465762
20085,1000,-0.323828907881414,0.260298920114848,9.79521870656415,683.04824356409,122.601312459949,-267.536221225256
20095,999,-0.325065292272614,0.260957514592314,9.79506935699912,672.4461692239,121.327081179261,-259.732521342167
20105,1000,-0.325688422772518,0.260656058726416,9.79510207129963,659.390187435368,125.460971333679,-256.543854813043
20115,999,-0.323988360283146,0.259969345268869,9.79657195143838,664.946701598433,125.310662603501,-263.66622603923
20125,1000,-0.325112242685402,0.260369510780976,9.79622701144297,660.245735333498,115.050823702889,-259.072099087852
20135,999,-0.325260813773291,0.260195725749821,9.79575949659986,657.978663337283,119.097049145701,-259.952588737807
20145,1000,-0.324774324920909,0.261010982790772,9.7962165141869,656.518028057012,127.635132010123,-262.919427332126
20155,999,-0.324712825051322,0.260148866717506,9.79650527510461,658.072699069909,129.965017305768,-269.360469901413
20165,1000,-0.32520187264366,0.260521181497172,9.79553083851321,658.080925614549,121.838596636912,-264.980496034416
20175,999,-0.325163807384731,0.260008413799926,9.79441886037253,653.855141872839,114.623122239466,-262.373330089846
20185,1000,-0.326088447086038,0.259084683276121,9.79433811148857,664.829792497792,115.016171603547,-260.665992217622
20195,999,-0.324671655702299,0.260859056161135,9.79338798365631,668.754878123874,118.291084943373,-265.04164726198
20205,1000,-0.325386461368337,0.261028619824621,9.79469257880845,670.089856134595,107.734260034654,-266.134694507699
20215,999,-0.325201204179559,0.260619475709635,9.79529563420484,669.102939110044,110.132866337511,-261.080434140461
20225,1000,-0.324313569785655,0.259098928331244,9.79524781653354,666.699710816211,96.3526165610372,-272.812557103119
20235,999,-0.325079075327725,0.260042577752922,9.79415781661684,666.254994406595,119.030030028059,-271.643669131177
20245,1000,-0.324704597321165,0.259962830004659,9.79479462192667,657.88818043164,105.831475754217,-266.656831912279
20255,999,-0.324268982423634,0.260246736925898,9.79524287108294,651.032655962964,103.233219995917,-256.596560954298
20265,1000,-0.324966716336332,0.261232702756697,9.79467197838499,638.114675060834,105.509182986982,-253.823244126019
20275,999,-0.324204687518257,0.261206684874914,9.7955569621433,642.407673403948,101.870069268506,-268.095082376484
20285,1000,-0.325259090106042,0.260797234604745,9.79436005103899,655.470557083871,88.8550762499104,-265.777442599302
20295,999,-0.325715249767018,0.260142226029964,9.79435575710913,648.151774933739,94.8079116810114,-264.408953499515
20305,1000,-0.324573815546178,0.259993083197866,9.79426355510349,654.537209044768,91.2243298260583,-267.096526568767
20315,999,-0.325910793566579,0.259884793929147,9.79442571201495,658.130688732999,99.8302386947361,-268.425183469943
20325,1000,-0.325465690622568,0.260610356682363,9.7954118578873,647.120406699657,91.7067747194286,-261.902633438996
20335,999,-0.325560209360221,0.261285877707397,9.79590699572015,660.908951879478,101.624721214601,-267.654947585204
20345,1000,-0.325987377781915,0.260506399390221,9.79548028018909,671.565960607118,100.377789822669,-274.92858763747
20355,1000,-0.325132016924182,0.260967199819057,9.79472080228155,677.285327396736,110.256084082764,-261.435457866477
20365,999,-0.324958606959226,0.25966536057756,9.79418292635128,671.480967565325,101.559263694639,-262.043228996386
20375,1000,-0.324799477264961,0.259934607801783,9.79540040245982,687.350211930599,105.251482162069,-263.661412064951
20385,999,-0.325095048353681,0.260494124884333,9.79494152520969,683.114570259314,95.6678008682198,-276.760236079805
20395,1000,-0.326475831227933,0.260603126478366,9.79278171192697,693.095121940898,97.6902243918703,-273.087366263424
20405,999,-0.323924913275595,0.260732970373311,9.79513321885561,686.722175515338,102.385283003124,-267.352354916199
20415,1000,-0.323461570818384,0.260462496354215,9.79555436080692,695.319514435527,103.427145093331,-267.508740309226
20425,999,-0.32505602081293,0.26070401956058,9.79622211886597,684.050206728847,99.2175048946805,-268.012557103118
20435,1000,-0.324513516561176,0.26075225026799,9.79578947318054,684.653039539293,117.52704409999,-258.907213591668
20445,999,-0.325168481084099,0.25986983845109,9.79546254546466,684.289362432755,106.70196453672,-254.698479666904
20455,1000,-0.324799186893266,0.260082197095134,9.7947892101443,681.482167337255,113.846122944145,-261.627824278691
20465,999,-0.325493803939835,0.259843082830091,9.79514638504894,690.746777452584,118.168324296921,-265.674341024444
20475,1000,-0.325521323148522,0.260219649778072,9.79509889821002,691.023696278018,128.080318691112,-267.508740309225
20485,999,-0.324839752880113,0.260724601445188,9.79633504575239,705.385529144804,123.397105693735,-267.434880189564
20495,1000,-0.324992971095518,0.260726828990973,9.79520847367939,685.635022167845,122.583485470264,-261.985076187088
20505,999,-0.325535148266923,0.260493819979284,9.79365825017878,678.459498439233,122.146991908918,-274.669595821226
20515,1000,-0.325556490333423,0.259412823009648,9.79420969994384,676.789066997422,122.148956726605,-266.162175423729
20525,999,-0.325741379559569,0.260093070613887,9.79411624710306,678.712463664257,129.11201513721,-265.894408420085
20535,1000,-0.324240829910592,0.260796753251146,9.79518678456444,679.442908709766,140.46481820362,-275.203396797775
20545,999,-0.32516285423447,0.259076260246777,9.79526924238158,678.853983382804,130.988044564522,-261.740636327381
20555,1000,-0.323767185156001,0.26100160010844,9.79460005428792,683.241017699583,139.091776690397,-273.746908248157
20565,999,-0.324774820508092,0.260352972703341,9.79323832399171,675.587940921966,134.868519158325,-275.082222188051
20575,1000,-0.324698344924175,0.259982272934156,9.79468701596952,679.54619164285,140.03455343905,-267.453778477164
20585,999,-0.32543570693004,0.260381344612292,9.7943517163112,675.388352777977,127.705386216694,-262.538380636576
20595,1000,-0.324854262419697,0.260677859370868,9.79418295918176,682.134815072743,135.646102297705,-275.725534202355
20605,999,-0.324514017007574,0.259338640642042,9.7945550760272,670.289598404954,123.398937666319,-273.596767267481
20615,1000,-0.325214050929416,0.260031199891918,9.79432168732547,677.5504895628,133.287859749079,-273.417137255791
20625,999,-0.324287114134351,0.26092426634385,9.79489221651483,673.938861133188,138.043169909902,-276.870269777625
20635,1000,-0.325144190329775,0.260397792621407,9.79405348718762,671.369023877384,146.037822549781,-266.299580003882
20645,999,-0.325346033952472,0.25997544953865,9.79538746104114,682.140175219454,139.291750429967,-271.148517490987
20655,1000,-0.32485666363669,0.26091025531775,9.79449042275367,683.856467377088,110.686778361721,-262.122480767241
20665,999,-0.324953921673299,0.261273262468769,9.79377990017195,690.254809146876,120.851244704941,-269.332961476958
20675,1000,-0.325276405035101,0.259418572276273,9.79540125530074,694.163313944723,119.211845241334,-273.774389164187
20685,999,-0.324185272977415,0.259648681499894,9.79599775360861,696.535767029581,110.56523262561,-272.303871318097
20695,1000,-0.325099121162927,0.259978039672113,9.7964072251277,709.123455063935,115.607282251143,-266.107213591669
20705,999,-0.324916716340443,0.26071643332418,9.79568024312708,697.370589416104,124.408844423483,-266.252017937999
20715,1000,-0.325074024728826,0.259293616906122,9.79686873975506,696.855573312328,133.778596823445,-268.855305194722
20725,999,-0.325442479381904,0.260880711439184,9.79607554398535,698.94769233378,113.718338730365,-266.307034786909
20735,1000,-0.32530573043631,0.260124313793542,9.79790539866655,679.666562503362,131.65679925517,-273.691946416096
20745,999,-0.325037538022522,0.259652146585253,9.79718745292442,692.322922833873,114.550771732111,-270.598349001888
20755,1000,-0.324479851727218,0.260684665780394,9.79698199408669,705.474035114917,116.479920209742,-269.514847179454
20765,999,-0.326281359538213,0.260702866155054,9.79563814541527,696.770827861266,115.926840288138,-268.672759290038
20775,1000,-0.325494587101088,0.259967666380485,9.79589648324224,685.984408703348,117.260387100074,-264.760648706172
20785,999,-0.325849489464983,0.260285788368336,9.79626711970646,683.761432087711,119.060825186605,-267.544913887384
20795,1000,-0.325343862029266,0.260148697258746,9.79517329627569,678.238413023441,137.61980509015,-253.026297561134
20805,999,-0.325731911128644,0.260333686201957,9.79516704283029,695.138149855113,131.355647701337,-259.484945522072
20815,1000,-0.325331878538588,0.260284962421402,9.79471940387653,686.43031485807,124.174372978731,-267.261412064951
20825,1000,-0.325740543343012,0.260261599322747,9.79353412947786,690.761696893073,113.237159442759,-265.007976950447
20835,999,-0.325018557225627,0.260450321313846,9.7944821113922,678.398989402555,107.149481085088,-265.069155686435
20845,1000,-0.325468796059554,0.259918925868384,9.79487563091857,672.49348076306,109.965432108424,-260.253778477164
20855,999,-0.324807585585023,0.25966646265511,9.79379200603683,678.60288679415,114.380924759823,-259.732521342167
20865,1000,-0.325435975926363,0.261169298226145,9.79567313111886,683.387494836583,108.648717094777,-245.63393114892
20875,999,-0.324947171693384,0.260193511534379,9.79585176191569,690.676262746979,120.889080157803,-252.002654070315
20885,1000,-0.325356719029152,0.261676536241935,9.79440708137167,679.917111540142,132.320115501019,-254.015610538233
20895,999,-0.324503478182465,0.259724967940935,9.79456959161584,690.1605257864,123.693338140723,-259.512453946527
20905,1000,-0.325050778426404,0.260922285509747,9.79489969572255,683.565172311218,110.612307499658,-258.440038019149
20915,999,-0.325147554690527,0.261036223261704,9.79544491699673,685.099631166631,109.981983455737,-263.693734463685
20925,1000,-0.324790844249577,0.259632693780497,9.79552831136954,682.794093742275,104.719344562592,-259.869045652737
20935,999,-0.324582476906577,0.260129366892424,9.79426182821725,680.900965822432,111.463816041826,-257.091712594488
20945,1000,-0.32610911162664,0.260565133602061,9.79708275646244,679.714996760951,111.493561927408,-274.104160156554
20955,999,-0.325418689481222,0.260152617800753,9.79524964764796,675.419516675104,102.189826139242,-262.510872212121
20965,1000,-0.325871459978996,0.260220420917183,9.79607295604573,677.464444882211,111.013481736163,-264.183549469531
20975,999,-0.325303631115773,0.260626377967843,9.79607726126389,676.649722180834,121.572592482947,-259.870063464442
20985,1000,-0.324997437710819,0.259706662812513,9.79497279299509,704.299565695663,119.784528738721,-255.114847179455
20995,999,-0.325510377367214,0.260418058829496,9.79511766818936,674.386818202383,115.736537546414,-253.24053317079
21005,1000,-0.325360919880088,0.259681113541863,9.79533388057019,671.826459143266,124.653471856506,-257.230877713806
21015,999,-0.324919804918722,0.259447551652497,9.79566894855691,669.293677753674,121.810238622083,-264.463970348425
21025,1000,-0.325122033250451,0.259120690428308,9.79661889294403,690.128364938338,109.308619680672,-255.307213591668
21035,999,-0.325237808588204,0.26043098643165,9.79598470590163,696.484814359251,115.869098456826,-256.761611501028
21045,1000,-0.325787874646124,0.259806656908634,9.79644268235807,698.157664318294,111.858735116361,-262.424770843577
21055,999,-0.326123066013544,0.260549788344083,9.79696274063396,685.704869150198,119.106999977166,-259.264878126432
21065,1000,-0.326599967584754,0.260071423904639,9.79620065038349,692.049677586407,108.527604374685,-261.298053286324
21075,999,-0.326314421143168,0.260534422518037,9.79703898658698,677.042328635056,116.237196223699,-274.449528425586
21085,1000,-0.325785942795457,0.260777955663886,9.7966852228366,670.972605695919,108.417596863739,-272.262938782509
21095,999,-0.326187766302458,0.260282154609997,9.79713526431445,679.030473428848,126.956569552229,-274.834646367956
21105,1000,-0.326194984930323,0.260483523854254,9.79599449499832,672.772686047372,116.329011267168,-271.493473133653
21115,999,-0.32605320657005,0.259916103450169,9.79605667512206,673.764292858934,118.87261245988,-267.709964434114
21125,1000,-0.326063663953908,0.260455574581136,9.79834341341992,667.783058128429,112.827423105163,-267.096526568768
21135,999,-0.325139195640301,0.259388772836826,9.79654422742991,669.005835014377,104.893581367679,-263.94131028378
21145,1000,-0.325181501317318,0.260296960248726,9.79655936607831,676.787212726994,99.1950068610037,-277.401870080218
21155,999,-0.326368719446313,0.259280864029416,9.79678180460608,680.853583781273,99.1739818776449,-271.093500642077
21165,1000,-0.325539036455559,0.259060735068366,9.79664690230709,677.756481977137,116.718875446017,-276.549961683271
21175,999,-0.324846833746305,0.260603825425249,9.79675322689487,692.943788990871,105.906341251939,-263.418650219135
21185,1000,-0.324606286794508,0.261094560723908,9.79769449046224,687.682869231766,93.5333936383059,-265.227824278691
21195,999,-0.324519058965229,0.260733920308162,9.79653043440982,698.747912017979,79.8240916535817,-259.567470795437
21205,1000,-0.324681703124387,0.259921431868562,9.79600029680913,703.875411360614,90.4527183339238,-264.705686874111
21215,999,-0.325363198424863,0.260405657614395,9.79613697436637,704.643394584506,104.734512582812,-266.059458966814
21225,1000,-0.324931049002888,0.259984609507692,9.79646518168321,691.261772401433,108.565424166577,-265.585076187088
21235,999,-0.325790873694226,0.260123658750374,9.79621462573678,688.018728222347,108.735764896132,-264.904105139705
21245,1000,-0.324941633527622,0.259637684450639,9.79653282235228,696.723575867736,92.5839653084877,-257.753015118386
21255,999,-0.325839239353781,0.260188513485297,9.79774798671157,699.330083104229,108.115161479827,-260.200164557901
21265,1000,-0.325561088855523,0.261565204614435,9.79695140818169,705.240394465768,115.616577875433,-266.107213591668
21275,1000,-0.325593246717523,0.260586469463369,9.7968055047582,696.844650607758,116.572517989577,-251.29499985121
21285,999,-0.325504712116063,0.260565726207024,9.79680173047463,713.015588096856,106.056386894065,-276.29259286407
21295,1000,-0.32560835175232,0.261042799547525,9.79713447447184,710.207518269051,111.183887352427,-272.922480767241
21305,999,-0.324998469733053,0.260253768341595,9.79701403987511,697.848521859139,119.712561537651,-265.86689999563
21315,1000,-0.325544776858424,0.260142573844613,9.79533836487025,697.386299403592,121.96021077824,-265.365228858844
21325,999,-0.324776310763477,0.260990937330121,9.79554057480213,702.752823695358,110.414105476764,-262.62090590994
21335,1000,-0.325147164707518,0.26124798363054,9.79743924407414,696.445818041047,122.707746859828,-258.577442599302
21345,999,-0.325213801232423,0.260525802903515,9.79613203650745,707.210057849622,98.0697322023054,-274.449528425586
21355,1000,-0.32571874505765,0.260733814952595,9.79796277271873,703.849422518333,103.353033593701,-264.898053286325
21365,999,-0.325060114965545,0.260425354743176,9.79741701138712,687.599600107063,107.665665998427,-264.794071441884
21375,1000,-0.324495429248984,0.260684773753852,9.79696178013284,704.093852319574,102.875537900402,-264.65072504205
21385,999,-0.324418048253307,0.261519410496638,9.79691489502549,698.69027666337,97.2468417546322,-259.017302306337
21395,1000,-0.325431061009249,0.260455755033456,9.79726666309496,689.761981303455,101.234796887906,-259.731641072584
21405,999,-0.325827541071583,0.25992673759511,9.79692658259732,693.764482285816,107.413558548063,-257.834440054773
21415,1000,-0.325344684485136,0.26016013136213,9.79758264606051,699.040502538262,126.799244026303,-265.530114355027
21425,999,-0.325272151748284,0.259881416740843,9.79757357204372,689.786961085851,126.277455706627,-268.782792987858
21435,1000,-0.325881791970873,0.260145508252808,9.796364572968,678.611900585022,132.934385323151,-250.25072504205
21445,999,-0.325483072527167,0.261176897242618,9.79761354760738,683.149992081965,125.850564981377,-259.044810730792
21455,1000,-0.325852916756283,0.260456180536892,9.79675085047852,677.12227082536,116.720192305528,-260.913320461897
21465,999,-0.326241231159287,0.260232508704092,9.79802315327322,686.82749995564,118.732253998456,-267.709964434114
21475,1000,-0.325736882892878,0.260425342836634,9.79696919794758,684.34304726231,102.134181715032,-263.276679240523
21485,999,-0.324968772405964,0.261262986250931,9.79724679589139,686.605995800552,101.266407889667,-258.604675939512
21495,1000,-0.325335104919164,0.261105012129527,9.79755176120613,697.411608722164,98.6297118728492,-265.777442599302
21505,999,-0.325230707737396,0.259513336926439,9.79808164944394,691.88584426301,102.986633929064,-257.669389508042
21515,1000,-0.32433844969104,0.260286517920047,9.79923475518022,694.707573302277,95.3911732076451,-259.731641072584
21525,999,-0.325822534027208,0.259724173548803,9.7978520137815,688.642952788352,111.936017587315,-255.303665004913
21535,1000,-0.325632435257483,0.260706014385096,9.7980201152599,691.218086418541,119.488514218077,-263.578969316859
21545,999,-0.325176046466522,0.259111972032076,9.7972495305763,700.969187355479,116.354894939213,-269.745587843783
21555,1000,-0.325873180762824,0.260284622737778,9.79838843699041,694.21882490926,107.773954755581,-262.09499985121
21565,999,-0.325445081543026,0.260165863636478,9.79783638543042,683.595447788661,106.253648851094,-257.614372659133
21575,1000,-0.324915338558795,0.25978201983797,9.79679484367662,679.896227613974,106.942107139128,-265.640038019149
21585,999,-0.325097626145246,0.259829172454462,9.79675532590101,684.334702121565,115.725545674069,-265.069155686435
21595,1000,-0.324931811241267,0.260005636202549,9.79690538314221,689.198350928094,118.437232189102,-272.89499985121
21605,999,-0.325910665883754,0.261272464394375,9.79619615277229,703.880379992639,118.456536829516,-270.818416397527
21615,1000,-0.325464009522379,0.26033149545944,9.79673186903727,701.731876272106,98.5119887027668,-259.099580003882
21625,999,-0.32406572071955,0.26017165353827,9.79641090026191,702.866909865606,103.092121274266,-266.829694851554
21635,1000,-0.324904202069923,0.2603256648634,9.79668939531309,695.707951304871,115.368347075886,-263.908740309226
21645,999,-0.324457654877078,0.259850947850301,9.7966157154635,705.368104124037,110.862108919095,-256.293968285293
21655,1000,-0.324809186036001,0.259709173203466,9.79775441185528,691.028164615787,106.984889649835,-258.220190690905
21665,999,-0.325201206216277,0.260327515890196,9.79621053860653,684.748793422042,111.835602927007,-255.028580760364
21675,1000,-0.325557972043161,0.260141459061169,9.79662687258308,683.29898835779,108.623423816942,-257.753015118386
21685,1000,-0.325741016831866,0.260305736950865,9.79644782313815,688.717124850526,98.907252243685,-268.003396797775
21695,999,-0.325952055765897,0.25967407120568,9.79630408709567,701.448621962235,104.306694430903,-261.933195298566
21705,1000,-0.325544477678739,0.260644695308776,9.79584214271627,684.58256355843,110.090150195494,-263.331641072585
21715,999,-0.325202306124249,0.259054253026751,9.79706891837431,682.894918983192,106.098400819044,-266.527102182549
21725,1000,-0.326438796767759,0.26021377967357,9.79692302930615,693.908938317447,106.417021505026,-270.669045652737
21735,999,-0.324250347729824,0.260469828307966,9.79716572579592,690.12466014153,100.987315212342,-263.198582823495
21745,1000,-0.32520182969515,0.260126453887343,9.79693364093386,690.09454658314,89.4984154612279,-260.06141206495
21755,999,-0.325561107163019,0.261234262638086,9.79632423527801,683.698060890072,99.2365572908967,-255.056089184819
21765,1000,-0.326179050221445,0.260192451551442,9.79608554883386,680.556442845176,105.97845226793,-260.473625805409
21775,999,-0.326440467589426,0.261261434768859,9.79659251367871,681.465867929467,114.429809299478,-274.477036850041
21785,1000,-0.325647687883816,0.260483855009933,9.79687974787501,670.512837478173,112.689475844903,-273.307213591669
21795,999,-0.326077737531732,0.26032940781352,9.79621574232415,680.476029341897,112.803064688288,-257.091712594488
21805,1000,-0.326152571615794,0.260571908352158,9.79655991224943,704.743232710074,101.511857649077,-259.51179374434
21815,999,-0.326199312584663,0.260306850011467,9.79560892733883,671.820490229122,117.093874180044,-261.300501536101
21825,1000,-0.32548794860691,0.260328152714018,9.79603211092504,667.241600343563,119.005357806598,-256.626297561134
21835,999,-0.326094156659184,0.260946234591506,9.79745986320588,683.977594424788,115.296997137972,-272.964073505017
21845,1000,-0.32630916200272,0.260412501487097,9.7959362275975,664.935145412086,108.496360524096,-264.595763209989
21855,999,-0.325247796309504,0.259584069887143,9.79636233980435,674.530905386756,123.467885845772,-272.303871318097
21865,1000,-0.325188071796622,0.260123937709633,9.7959856867043,674.964931108151,126.147665845602,-281.688892980981
21875,999,-0.325103392884701,0.260392227754345,9.79671871804677,678.800558639549,127.491898966947,-280.858991323599
21885,1000,-0.326098077234852,0.260278622274962,9.7965818365964,682.436578427856,133.749215436443,-263.359121988615
21895,999,-0.326195412453251,0.25953480700797,9.79832947066851,687.99782750941,120.486469596166,-269.305453052503
21905,1000,-0.325319088080781,0.259783774102155,9.79753231618563,696.760281290124,115.353991817777,-267.508740309226
21915,999,-0.325763433140172,0.260303592636366,9.79917051732303,687.352004535366,140.862790232132,-264.684037744065
21925,1000,-0.325471060083255,0.259690386776408,9.79709691388415,689.933535516255,133.260210027186,-274.021717408462
21935,999,-0.325657082198441,0.260425481761491,9.79773777782068,677.991205265448,124.116141878275,-269.773096268238
21945,1000,-0.325162430337715,0.260352364841777,9.79866198322435,682.11480640584,123.016727272883,-273.38965633976
21955,999,-0.326043567517081,0.258966670498656,9.79868970235194,691.495460464163,126.858056940743,-264.794071441885
21965,1000,-0.32448322583809,0.259555213934947,9.79860951295643,692.337457782861,128.984642339927,-267.508740309225
21975,999,-0.326258628256479,0.259546637892708,9.79937025942905,676.063644875059,126.814488187165,-269.140402505773
21985,1000,-0.325061129669273,0.259662898429704,9.79947944529803,681.15251951845,125.394638714115,-260.693473133653
21995,999,-0.324774757746199,0.26038161792565,9.79974648343334,679.980937805726,130.392989550671,-270.350773181793
22005,1000,-0.324727936381564,0.259072642345721,9.79779278064226,675.379090337686,126.725147934186,-249.398816645103
22015,999,-0.325440552437368,0.259770090068859,9.79876423418844,712.665132171618,122.940749269917,-268.067573952028
22025,1000,-0.325375616797144,0.260273430624268,9.79887116397862,701.40383338035,140.271987259103,-272.922480767241
22035,999,-0.325961092873489,0.260098955451038,9.79915423178072,696.58553192606,137.012961603069,-267.572422311839
22045,1000,-0.325438857459289,0.259628222944732,9.79908759415299,695.077245267409,137.381403478277,-267.783549469531
22055,999,-0.325762128482202,0.259671208029563,9.79892730256127,692.496478948524,135.619858605892,-271.176025915442
22065,1000,-0.325873332745674,0.260744365435496,9.80037961748528,693.920740448274,126.559273555535,-270.559121988615
22075,999,-0.327031359948678,0.260511610743457,9.79978752259939,704.648905954839,134.913104792204,-270.680874275252
22085,1000,-0.326632523934541,0.259690671579253,9.79901228868603,703.510349864338,133.405807642782,-270.31179374434
22095,999,-0.32694721974078,0.260828253576997,9.79826985160305,695.117773415157,131.318973928671,-277.44794669118
22105,1000,-0.326780055050395,0.260911438679094,9.79856643528201,700.117691948441,134.271429825465,-277.539274660371
22115,1000,-0.326197065038983,0.260203178015257,9.79804761468151,708.831705918088,124.013414424007,-285.014083820676
22125,999,-0.324687392122517,0.26050999151699,9.80013695421286,725.714915210953,130.033505367229,-267.627439160748
22135,1000,-0.325340347476226,0.260364318633964,9.79810629336018,705.410833989573,139.050123149157,-289.273625805408
22145,999,-0.325922780648308,0.261226028026066,9.79683428121951,701.453573116775,133.746488772263,-279.841179618764
22155,1000,-0.325111941211312,0.260441254917164,9.79810832567574,705.3364782532,122.565323230233,-281.743854813043
22165,999,-0.325551678860174,0.26010757518558,9.79883629615709,713.66339893736,139.836108019498,-278.410741547105
22175,1000,-0.325434129849963,0.259696825108802,9.79857045216196,699.120483282732,138.814284444892,-273.004923515332
22185,999,-0.324945717852346,0.260507341739757,9.79808298694569,705.595428983428,125.066545049742,-270.350773181793
22195,1000,-0.325730113646647,0.260646190437182,9.79879827964979,713.206443383885,129.891587891142,-270.201870080218
22205,999,-0.325330282918077,0.260059940668881,9.79933689781848,700.440618758464,124.977967631883,-266.554610607004
22215,1000,-0.324680508352972,0.259750704668596,9.79967601820836,715.764330628711,125.002797223941,-272.455305194721
22225,999,-0.32500084570264,0.260065137184884,9.79935008248312,702.356020077669,135.704031806805,-269.690570994873
22235,1000,-0.325188324614018,0.259786732381462,9.79892426074463,703.4011542246,128.031012152813,-278.5560685535
22245,999,-0.326251356934109,0.260213732782098,9.79892284421612,696.276753221053,137.674905472936,-276.237576015161
22255,1000,-0.325529596662445,0.260106128860504,9.79812439453623,686.696701026429,136.60900327097,-273.252251759607
22265,999,-0.324936141815995,0.260002831999889,9.79808782849021,691.696610891944,134.523339034404,-274.284477878856
22275,1000,-0.325588636353764,0.260999874104705,9.79810838641899,690.909092477752,147.511193411815,-269.734694507699
22285,999,-0.325608929639351,0.260882421968391,9.79766180268604,689.984903911735,141.330625073418,-265.344239930985
22295,1000,-0.325591666111032,0.259945792832251,9.79899977791743,690.220197052009,141.356150888546,-278.418663973348
22305,999,-0.324694717564738,0.259620839265595,9.79836804243289,675.969203776853,135.174049545132,-271.286059613263
22315,1000,-0.324744331141357,0.260780849478081,9.7991793934923,672.166459462206,121.678717796588,-283.1453815306
22325,999,-0.32452352227765,0.259924021213006,9.79917205348339,687.805759333947,112.116118251361,-288.891451264455
22335,1000,-0.324605594387361,0.260123704922637,9.79928177749909,696.190385033372,105.639612870748,-271.136221225256
22345,999,-0.323951379801343,0.260875439190322,9.79858195052343,682.212158773589,122.716754368999,-275.219764310326
22355,1000,-0.324965435371097,0.259802982522356,9.79728190320644,689.441513774049,131.201972767131,-265.640038019149
22365,999,-0.324952555492202,0.26013780390478,9.79738942131505,677.205460022673,117.516106569317,-271.726194404542
22375,1000,-0.323962440981788,0.259834049928178,9.7979614803123,668.912017905876,118.501018074812,-274.104160156554
22385,999,-0.325462601280152,0.26042089513467,9.79659461991593,675.829431621855,114.633708744233,-273.404208296296
22395,1000,-0.325318805692474,0.260166115007138,9.79853615826202,691.061414154169,113.90096048341,-271.246144889378
22405,999,-0.324773225755197,0.260937695446711,9.79835407657652,676.404642587928,123.748570129667,-271.863736526817
22415,1000,-0.324515225871932,0.260005486097672,9.79702372311104,681.080211740834,94.8433548145866,-267.151488400828
22425,999,-0.326030878452104,0.2602283739031,9.79870146606112,693.881495025886,105.266867170597,-264.684037744065
22435,1000,-0.324975989042168,0.259849763422667,9.79915428108833,697.548132602844,118.967007120495,-263.469045652736
22445,999,-0.324643243302372,0.25960128955788,9.79846522715288,704.181216649829,111.945390685153,-269.745587843783
22455,1000,-0.323975334301291,0.259968697987354,9.79991642780109,711.867420669567,123.828972575485,-275.588129622203
22465,999,-0.325447124605989,0.261127930990946,9.80021689425501,700.433101595348,126.46326531505,-280.281314410044
22475,1000,-0.324308175051541,0.259892112736887,9.79857912774714,691.244094545489,115.230639302964,-269.734694507699
22485,999,-0.326030298059032,0.259767838582208,9.79842742941402,694.341107401874,108.200602864556,-276.870269777625
22495,1000,-0.325477935411297,0.259940046889135,9.79789821635668,709.038891366295,116.041237256019,-276.577442599302
22505,999,-0.325689797702621,0.260758563420322,9.79896581109908,707.746456387842,111.53358499006,-289.441619753555
22515,1000,-0.325839494661702,0.260918973411946,9.7979008924762,699.053307553889,112.213971298616,-275.340801377928
22525,1000,-0.326445284857707,0.260302956764194,9.79795188310384,704.193501596584,121.13436187565,-277.236984584035
22535,999,-0.324790575531756,0.259265655295482,9.79901872263499,699.93645043859,118.610316705338,-280.776466050234
22545,1000,-0.325178175872359,0.260765932157739,9.7986309773558,718.221293306284,114.314607132048,-288.559121988615
22555,999,-0.325049941630414,0.259744009592163,9.79946598802953,701.919135784558,129.951803790404,-277.805556209094
22565,1000,-0.32540902499209,0.260581026620966,9.79850774078807,684.825797290042,131.517842056635,-273.197289927546
22575,999,-0.325864442231805,0.260259874816174,9.79846765363815,699.581416203034,124.443758118623,-278.520775244925
22585,1000,-0.324908428397571,0.259579869496631,9.79863673126735,712.025922753073,129.52011916345,-278.198816645103
22595,999,-0.326621797378688,0.260217881834162,9.79963884348669,696.603441289617,138.817283411356,-269.965655239423
22605,1000,-0.32438750033728,0.259813939999962,9.79915141841751,712.127328665362,135.649507187358,-276.137747942814
22615,999,-0.325758960179373,0.259531479401803,9.7996298576331,709.044941825447,139.470433762253,-277.970606755825
22625,1000,-0.325952924207239,0.260645497522143,9.79846940719901,713.467847142953,132.457188289351,-270.559121988614
22635,999,-0.325448483470963,0.260502159391353,9.79947202114062,723.879675365503,138.332003501195,-277.695522511274
22645,1000,-0.324682981496316,0.260867439546356,9.79794586175556,708.549985421882,139.418079699965,-293.148434965714
22655,999,-0.323603317958827,0.260039109400611,9.7991121674577,717.594111656657,132.030430856452,-281.986836726253
22665,1000,-0.325159031658303,0.260456283993519,9.7976110077065,703.245227823426,132.462808902579,-288.064465500065
22675,999,-0.323804987361346,0.259965419484132,9.7981864044844,719.653731777749,133.403210008837,-270.680874275253
22685,1000,-0.324943022267698,0.260117515827487,9.79856988561746,702.747114390774,135.734994484521,-271.493473133653
22695,999,-0.324279026903394,0.259994339259721,9.80034179100323,704.835462933997,136.051920057224,-276.62269395753
22705,1000,-0.325357657907801,0.260229410636724,9.79949427134878,690.339623368531,137.593001615544,-272.757595271057
22715,999,-0.325420950864736,0.260027122398208,9.79890822654658,691.616621199259,117.331112001475,-280.941516596963
22725,1000,-0.325637038006405,0.259302628300422,9.79994912848246,697.280360867631,114.603151201764,-280.836984584035
22735,999,-0.324859958376252,0.260848554620293,9.79897402173186,709.367199710833,110.65091834646,-279.923704892129
22745,1000,-0.324744050839185,0.259658596519346,9.79948938591402,708.803536181651,115.196118619808,-276.934694507698
22755,999,-0.32458544932521,0.259654737866149,9.79979346353031,705.564800014722,125.006658359435,-268.232624498759
22765,1000,-0.324608114831612,0.261115864025859,9.7993613593517,701.826916506424,127.854423088913,-269.459885347394
22775,999,-0.325056229872301,0.261097654679526,9.79945867005602,706.705102341572,131.102626947642,-287.626063739526
22785,1000,-0.32509737645705,0.261063997268542,9.80015181016143,713.050888585083,133.814685425388,-273.829350996249
22795,999,-0.325067396679109,0.260843006101955,9.79800717071591,704.064388686689,126.436434007621,-269.525520448143
22805,1000,-0.324551248418413,0.259883473672067,9.79815478772018,696.219290430365,115.258009316981,-269.569809011515
22815,999,-0.325517158412456,0.259309263129352,9.79926724427779,684.489730579118,118.597901409279,-275.852458072791
22825,1000,-0.326116956556182,0.261252759243189,9.79833936720543,679.078993569337,129.159505513687,-273.307213591668
22835,999,-0.325198184620079,0.260013043769637,9.79871205331803,685.75753096025,128.740475131719,-268.892826685679
22845,1000,-0.325052059557655,0.260886579692466,9.79814443739277,689.612918887156,135.145694345425,-271.988129622203
22855,999,-0.324392337434621,0.260736966105727,9.79888032438501,687.133819501633,133.720563118931,-270.763399548617
22865,1000,-0.325120094162771,0.260810514597705,9.79845976652203,684.795223947908,137.374757317268,-270.476679240523
22875,999,-0.324522509763818,0.261147268357665,9.79894506147728,679.583587810722,125.337651054285,-273.046598778381
22885,1000,-0.32497364169455,0.260972454796951,9.79872298522448,681.952044127046,141.97089970011,-266.71179374434
22895,999,-0.324356959624831,0.260710595505554,9.79856995352124,681.989219227657,133.981451906049,-266.967236973829
22905,1000,-0.3254413148109,0.260335952613009,9.7994057672427,685.218925329961,131.196200849031,-275.120954049684
22915,999,-0.325766485981269,0.260043590104339,9.79917644379434,687.414393494801,132.526714699565,-267.214812793924
22925,1000,-0.325759491895712,0.260167350261641,9.79846119054921,673.156249085118,154.966477313884,-258.357595271057
22935,1000,-0.324969725847054,0.259223052669094,9.79948381280518,686.800353063495,161.827705769157,-257.230877713806
22945,999,-0.325772605290214,0.259844009472007,9.80027083968715,704.795490529818,151.419036854284,-269.277944628048
22955,1000,-0.32563278389509,0.260334225161581,9.79901538783115,682.008737128339,132.200021424098,-262.232404431363
22965,999,-0.325102662999321,0.260825694262778,9.80015056739479,674.793555745339,129.081193961749,-265.454273628805
22975,1000,-0.325512933386947,0.260122401445469,9.80017804421349,678.638022725212,124.210825675474,-270.036984584035
22985,999,-0.325318604534383,0.26068707075422,9.79970460043695,675.197077844463,129.281184629424,-257.531847385768
22995,1000,-0.325814892259123,0.261020853414603,9.79967198138665,689.084558489215,133.663765301105,-269.459885347394
23005,999,-0.325612370465159,0.261510593204188,9.79775415174214,675.440904239963,113.777419287901,-260.640299349182
23015,1000,-0.324971040772883,0.260551936510919,9.79870787909312,683.075571714168,112.508224582277,-265.062938782508
23025,999,-0.32538057740642,0.260369036634754,9.80028617444047,682.496769067346,122.052220336972,-265.48178205326
23035,1000,-0.325670283247205,0.260620712677257,9.79888777977814,685.348959545638,120.511151071893,-262.342328095485
23045,999,-0.325448463014731,0.260319422154897,9.79856830336338,683.859159118309,103.674856130285,-274.146935756581
23055,1000,-0.325494087442031,0.261626200729487,9.79847452896059,688.072390179633,107.88571807091,-268.992709774874
23065,999,-0.325365054237922,0.261051202910514,9.79734619286829,686.725823355327,107.341978772116,-264.87659671525
23075,1000,-0.325235327759381,0.260183714519072,9.79888603832881,702.47231964117,108.384828370214,-267.838511301592
23085,999,-0.325107949022852,0.260125716091591,9.79948045674855,700.575760120772,111.128077389455,-267.187304369469
23095,1000,-0.325136832202918,0.259870487620972,9.79847083894893,700.721348152843,124.017449630846,-271.960648706172
23105,999,-0.324350293969936,0.260866159298782,9.79842249345349,688.174655312388,116.923953798201,-269.498012023688
23115,1000,-0.324601455433361,0.259378977590413,9.79865467060636,684.269105402335,129.361845270298,-272.675152522966
23125,999,-0.324435091138471,0.259616547748067,9.79840837680461,699.310806952888,120.620540091921,-271.616160706722
23135,1000,-0.324454435215924,0.259547967645086,9.79926987750819,681.086626808234,122.880361865024,-269.652251759607
23145,999,-0.325278615501729,0.260057383315228,9.79870170852007,683.036469523949,126.425066334851,-266.719661153734
23155,1000,-0.324439305741081,0.26052038224782,9.79757282872724,669.3064260636,129.176882005972,-268.827824278691
23165,999,-0.324393218947853,0.260033810230303,9.79907547688445,691.84892418945,134.136310742577,-259.760029766622
23175,1000,-0.324813303299583,0.260747989623859,9.79940939627527,687.631679864081,145.258252186738,-272.592709774874
23185,999,-0.325464381825742,0.260178841541581,9.79853775417737,678.260428176302,137.187169472675,-268.810301412313
23195,1000,-0.324885748592139,0.26066440731912,9.79885187852923,696.320129434881,135.070345020373,-281.359121988615
23205,999,-0.325280223804663,0.261320562888209,9.79864453884452,693.281053819242,122.001239316151,-278.43824997156
23215,1000,-0.325517800413531,0.260320282387194,9.79852480240251,681.196196761803,118.904230662615,-278.775915881745
23225,999,-0.323752299549818,0.260811093739695,9.79877407673682,687.3199860539,106.298717406149,-282.289429395258
23235,1000,-0.324089111864532,0.259846282138022,9.79762463053584,672.219472507139,124.511848968349,-271.575915881745
23245,999,-0.325214470505252,0.260150640966704,9.79794799846707,686.530786705938,107.552218108662,-280.721449201324
23255,1000,-0.324732776055434,0.258901856877098,9.79888485140796,688.539544635739,107.328651152509,-262.369809011515
23265,999,-0.324444427235164,0.25979634249953,9.79914412341524,677.243425010806,118.1250101885,-257.504338961313
23275,1000,-0.324644255168573,0.260624876984768,9.79941726216968,679.066035852797,124.019721868741,-275.698053286325
23285,999,-0.324822327985254,0.261304920446509,9.79873546469616,692.153077428567,133.772858663547,-274.972188490231
23295,1000,-0.324834732831377,0.261029402692179,9.79772958591556,699.305638955914,131.905623664448,-281.661412064951
23305,999,-0.323544356533091,0.260181499547043,9.80057719553276,698.536286548209,121.796294311678,-276.595185533076
23315,1000,-0.32446754430733,0.260037876401324,9.79986319260978,682.45049364102,127.766593458446,-277.072099087851
23325,999,-0.325323845060435,0.260644685511828,9.79858076250321,694.994555435047,134.680911066209,-279.098452158479
23335,1000,-0.325498162226789,0.261331241728765,9.79898823187831,681.42725640513,125.820419383706,-274.873625805409
23345,1000,-0.32485501291676,0.260907610779944,9.79944184034346,689.555613230449,130.797042666294,-279.682786110752
23355,999,-0.326626907627403,0.261852754289353,9.79936709504748,675.806254652713,131.614751690744,-268.975351959043
23365,1000,-0.325147402053856,0.261083903295925,9.79864965530925,679.522925109299,124.306543637645,-272.620190690905
23375,999,-0.325209333797644,0.261501894286667,9.79826139004755,675.797640372588,133.991451943044,-266.747169578189
23385,1000,-0.325402142540204,0.260621873687881,9.79938721068707,675.904016638735,121.026664364255,-272.043091454264
23395,999,-0.325835157754367,0.260799484502843,9.79960204831525,675.458181016773,129.043154258306,-285.507915056491
23405,1000,-0.325250987369142,0.260874890734601,9.79852678972158,676.887257992705,130.076810827086,-276.000343362661
23415,999,-0.324795229005153,0.260687802898642,9.79951872166521,680.330426045287,134.968357795948,-277.33791299336
23425,1000,-0.325463459175758,0.260689476390301,9.79950775892297,682.484655969956,140.69833222339,-272.730114355027
23435,999,-0.325057327346476,0.260758426811861,9.7989522444342,676.940518758392,142.849331977017,-269.635554145963
23445,1000,-0.325733381345729,0.260416842176954,9.79831260533694,681.803368674707,143.216494366525,-278.665992217622
23455,999,-0.324342252932026,0.260504608958817,9.79944719158581,678.2050089254,147.11080417243,-266.307034786909
23465,1000,-0.325328910012684,0.260693963759911,9.79950364420225,690.791511291605,146.594324337646,-273.059885347393
23475,999,-0.324687521307619,0.260698441405863,9.79980623342413,687.434664032743,136.61086183346,-277.145354022176
23485,1000,-0.324176372333217,0.26093218350425,9.79883441217203,685.81021044029,131.670411939901,-265.447671606936
23495,999,-0.325546994886561,0.261129181703544,9.79895760832813,688.921560944892,133.220852781511,-272.688989260467
23505,1000,-0.325486330648256,0.26106171724156,9.79872835992911,696.338002754379,135.039133772473,-281.881259393195
23515,999,-0.324368472220474,0.261180434458454,9.79956672211403,679.863290605314,129.171815328542,-263.44615864359
23525,1000,-0.325203580877472,0.261793591306918,9.79944114333971,675.767847744983,135.155150773945,-278.308740309225
23535,999,-0.323951513167897,0.261273959482865,9.79983279066232,666.272430962814,116.326541716257,-274.807137943501
23545,1000,-0.323690549545316,0.26098793924439,9.79796004501592,674.266139170266,117.90493769301,-262.479732675638
23555,999,-0.325006676384555,0.261217923649034,9.79947940374655,673.047558862489,120.349511932565,-274.201952605492
23565,1000,-0.324224827462131,0.261955886342719,9.79976265545787,667.180560540814,135.455310154475,-271.658358629836
23575,999,-0.324293843294122,0.259929520924249,9.80111615299045,685.993899127678,118.123373897582,-272.578955562647
23585,1000,-0.324978634025321,0.259953628591649,9.79942322679634,677.251119638262,121.2384159521,-273.829350996248
23595,999,-0.325536111691891,0.261511435915864,9.7981300261808,680.833730563548,128.125238402185,-262.923498578945
23605,1000,-0.325015562120143,0.260992950379901,9.8006343286404,680.746963728589,130.869450312529,-262.397289927546
23615,999,-0.325243374032864,0.26126624748512,9.80010253017048,667.925112437143,137.940566363481,-267.104779096104
23625,1000,-0.324978871151316,0.260976371470857,9.79895796691357,679.467420898072,135.185746129987,-273.829350996248
23635,999,-0.324835248312994,0.259874230052512,9.7986247903221,684.012986021096,144.624578469766,-270.680874275253
23645,1000,-0.326829936402279,0.260243970768017,9.7999736423046,663.956897496541,126.050089077974,-263.304160156554
23655,999,-0.325674322858918,0.261810951916355,9.80044522348326,666.257625634199,136.88170060735,-264.188886103875
23665,1000,-0.325207882263729,0.260885198354768,9.79861448736191,685.111098974071,136.357227013194,-266.849198324493
23675,999,-0.325411951891265,0.261382427063268,9.79843854672126,675.23270444982,143.039179192845,-278.05313202919
23685,1000,-0.323579770844305,0.260944375902858,9.79970474497205,679.139337532517,142.118367768524,-264.705686874111
23695,999,-0.325255203863745,0.260431121750712,9.79954103085821,687.364109426146,123.613675772169,-271.396093311083
23705,1000,-0.324480849037411,0.26031872080288,9.79963543609236,679.768568517249,123.554814775828,-273.664465500065
23715,999,-0.324811235289215,0.259640309752185,9.79963410560968,667.404623315355,122.405688865131,-275.082222188051
23725,1000,-0.324627392064104,0.260403211236134,9.7984483486755,662.955663115264,122.003904011342,-261.600343362661
23735,999,-0.324948403479039,0.259903881584381,9.79808539386697,676.63005999601,124.991168851949,-273.706800965301
23745,1000,-0.325368456527008,0.260906455722342,9.7984360568872,672.99561430003,124.054158500696,-272.620190690905
23755,999,-0.325403489167577,0.259462199462761,9.79781935189238,692.46830275575,113.233303282372,-274.587070547861
23765,1000,-0.324653999109465,0.26051791628894,9.79804876654338,686.467642197231,123.856114782159,-265.859885347393
23775,1000,-0.324580679174269,0.259855075588525,9.79779344909018,683.100014498477,122.851001896392,-278.748434965714
23785,999,-0.325451324127335,0.25978444213284,9.79680517497528,699.947083494596,123.491920204543,-277.94309833137
23795,1000,-0.325081624419085,0.260854364340916,9.79850034551361,713.676095191955,118.26939136716,-284.18965633976
23805,999,-0.326283216128337,0.26207119710214,9.79780591623902,699.06538328457,118.853376345796,-272.633972411557
23815,1000,-0.325019964707402,0.260565719480494,9.79790119659078,700.513015186241,126.000884929269,-274.901106721439
23825,999,-0.325109982162607,0.261625416510614,9.79801539310551,699.843012791015,119.148891493231,-266.802186427099
23835,1000,-0.325644046438974,0.260600131132723,9.79961241053113,685.53269307601,124.570156005066,-266.354541835943
23845,999,-0.325547055115497,0.261010382595759,9.79948312128022,690.954423569552,130.263363061591,-278.685825791655
23855,1000,-0.325102874096657,0.259687290023819,9.80000122141875,706.803566394496,128.372036672263,-268.690419698538
23865,999,-0.324820836686504,0.260350085854148,9.79861425853558,692.310087243111,123.509470208848,-258.714709637332
23875,1000,-0.3243716408255,0.261015452840271,9.79996220892599,693.764570427149,143.460939682403,-268.113320461898
23885,999,-0.324351004943106,0.260120627833445,9.80107087490795,687.76542396585,142.175078297806,-268.370166621033
23895,1000,-0.324962894840914,0.260882196203983,9.79863776200043,694.798596266997,137.46635954488,-271.658358629837
23905,999,-0.325073958500067,0.261592028340169,9.80059841838205,693.104516977069,120.461146093451,-270.735891124162
23915,1000,-0.324417730361933,0.261659664530506,9.7997575052596,701.983024125371,127.973882309332,-259.182022751973
23925,999,-0.325853332319138,0.262121377625611,9.79882792289532,680.602134484773,122.074943199109,-271.010975368713
23935,1000,-0.325671609535775,0.261021220596645,9.79948638158499,697.43304465885,122.721085806558,-280.067518935179
23945,999,-0.324195996768304,0.26108498783683,9.79980022328108,694.985339127043,122.713188655125,-270.570840577432
23955,1000,-0.324826734618807,0.261136479464478,9.79939281327584,683.991397350238,136.336986369615,-275.780496034416
23965,999,-0.324579318263466,0.260243626031493,9.79920878003732,694.96319846388,138.932858168029,-279.703637496489
23975,1000,-0.324127140772458,0.260304843981478,9.79996087605165,687.061387547904,143.959593661125,-281.578969316859
23985,999,-0.325098536907563,0.260992858754744,9.79879059162602,675.198057785331,153.878453422939,-271.286059613263
23995,1000,-0.325180493657942,0.261498842866682,9.80020656000071,679.269631226972,146.355358375985,-273.444618171821
24005,999,-0.325148429322428,0.260369899256283,9.80023806818047,680.805432120581,154.512062778039,-273.129124051747
24015,1000,-0.324966998517174,0.260750804560961,9.80003368350439,693.83047503227,135.588807507234,-284.272099087851
24025,999,-0.32421653539207,0.25997633120848,9.79903420129912,711.26268574554,122.594453844631,-280.336331258954
24035,1000,-0.32419571130925,0.260457733445629,9.79957009195848,693.331931190832,115.643751273117,-270.861412064951
24045,999,-0.324316879893259,0.260573630090283,9.79882156964334,683.087436313993,112.805651519209,-270.708382699707
24055,1000,-0.324565181515111,0.260777254340248,9.79972922021501,675.268396881922,126.946469307639,-268.058358629836
24065,999,-0.325337557109418,0.261176657165802,9.80084967586775,668.014512460377,136.094322266446,-276.12754231734
24075,1000,-0.325061384209608,0.260864641050607,9.79926088946597,681.568493466614,113.131836934889,-276.110267026783
24085,999,-0.325035577521762,0.260338456102426,9.7996383657753,700.231248077192,120.438909703028,-276.622693957531
24095,1000,-0.32453230707718,0.259849691356723,9.79890977817832,683.730025810474,135.458451463563,-268.717900614569
24105,999,-0.324329297936642,0.259407411453947,9.79944018778189,684.859935585877,119.927281524464,-266.527102182549
24115,1000,-0.324424016613404,0.260514975050892,9.79969131309418,676.112414092427,118.352317759724,-267.096526568768
24125,999,-0.325966069728548,0.261247485052786,9.79816562383797,678.042681111177,137.507377154763,-269.002860383498
24135,1000,-0.325006168042069,0.261013832580626,9.79817939378047,686.042946946443,116.131991888526,-267.646144889378
24145,999,-0.324593522015306,0.260642871326286,9.79831566483943,679.423863135924,123.288561636173,-272.633972411557
24155,1000,-0.325727422414757,0.261254987996288,9.79814950217554,681.641479187643,134.320353431802,-276.412557103119
24165,999,-0.325050256496415,0.259824079984935,9.7971407999343,688.421102589818,134.498333147032,-271.396093311082
24175,1000,-0.324896768096746,0.261048164256727,9.79817412831441,682.479639179001,127.173453299449,-272.070572370294
24185,999,-0.324359427054862,0.260141979650514,9.79785010445892,674.076355235477,111.224138663848,-282.619530488718
24195,1000,-0.32512069565111,0.260342178199984,9.79751454318988,679.993703554396,129.717675470716,-274.159121988615
24205,1000,-0.324426762911125,0.259421132104158,9.79907713366584,688.15644732862,118.763275680917,-287.047671606935
24215,999,-0.325067692104399,0.260647785987403,9.79855860725924,681.610237519263,130.089974000017,-284.902729718482
24225,1000,-0.325416604538256,0.260678714436732,9.79818900308392,687.003647215973,122.980731817542,-282.156068553501
24235,999,-0.325404516676535,0.260957960618569,9.79840673148558,681.948609692531,118.742687974266,-278.878384762839
24245,1000,-0.324250595075932,0.26083916209462,9.79727659273646,675.645380383155,126.805705883426,-290.153015118385
24255,999,-0.324641460517583,0.260072408193404,9.79682453254878,693.568217064229,120.860548444491,-275.852458072791
24265,1000,-0.324187420350312,0.259821961710901,9.79684141564783,685.399230726753,126.054646789706,-277.814083820675
24275,999,-0.324434976414164,0.260523510193313,9.79759735466391,682.45572925047,127.067680148123,-279.483570100849
24285,1000,-0.325275847835022,0.260605332640394,9.7979725495386,690.525818128719,126.205878321674,-277.182022751973
24295,999,-0.325179634479725,0.260513671144334,9.79779648237744,671.880684528917,108.121545514893,-284.215019107107
24305,1000,-0.324529909735473,0.261008047099625,9.79784895200366,682.611895216917,109.542744848831,-272.427824278691
24315,999,-0.323694955389973,0.260873136176356,9.79775537646093,683.639040103165,106.199400522177,-276.4576434108
24325,1000,-0.32509472271639,0.260401694234558,9.79718856617489,665.45916842454,110.081074679884,-279.710267026783
24335,999,-0.324694600443038,0.261077310840677,9.79763374452977,678.30331467946,111.955206131498,-279.235994280754
24345,1000,-0.324444475753583,0.260263582897813,9.79937933667219,690.274949891029,115.30272249228,-286.910267026783
24355,999,-0.323816134391103,0.260650792976149,9.79862072340832,690.23938233348,101.424396867995,-267.985048678664
24365,1000,-0.32384064264695,0.25998175428087,9.79789730226647,683.673846810553,91.2278797062535,-281.221717408462
24375,999,-0.324518074747655,0.261408797916253,9.79689265242898,677.845344274621,97.3706890730351,-283.252224251183
24385,1000,-0.323397126580937,0.261293865352331,9.79753269458175,679.788910211195,97.5413109192268,-287.982022751974
24395,999,-0.323943487791471,0.261407272983517,9.79826988843836,670.776237324292,104.651945002971,-285.370372934217
24405,1000,-0.324683897317679,0.261262823613649,9.79766586821102,679.54695904799,98.7132945657375,-284.327060919913
24415,999,-0.325455518158485,0.260825334734219,9.79720165977192,685.237050110237,113.793566991317,-283.252224251183
24425,1000,-0.3249936076262,0.260937815599763,9.79713201381621,678.214243845962,135.80510550409,-274.461412064951
24435,999,-0.325403592044003,0.261694432985799,9.7982324185395,679.404573113216,133.378637275991,-267.902523405299
24445,1000,-0.324702078701103,0.260736105085269,9.7964065409212,683.070223529551,134.913181968284,-272.427824278691
24455,999,-0.324483590481754,0.260898821131374,9.79837580681114,682.170963028495,128.09006158636,-267.159795945014
24465,1000,-0.32413613208143,0.26118227007222,9.79884039845103,673.957141380986,135.561159546153,-264.211030385561
24475,999,-0.325735259223944,0.259669590811883,9.79739867078769,668.199385004432,124.246299788554,-267.489897038474
24485,1000,-0.324622481470542,0.260243345842459,9.79817912691472,686.318357343164,105.035919681339,-269.047671606935
24495,999,-0.32387265207165,0.26136181429063,9.79826588450499,682.329686651765,115.228068751998,-281.216600841513
24505,1000,-0.323776187188958,0.260152727601971,9.79769461244634,693.397787203239,110.868307859029,-279.07820595808
24515,999,-0.323941866057658,0.260230763111495,9.79908509676465,691.670097771767,109.177379471509,-277.61299723791
24525,1000,-0.324706320411963,0.261382231884142,9.79890781772555,668.510807467947,117.220714113688,-271.438511301592
24535,999,-0.324807556133412,0.26056259807979,9.79691524186765,673.322183793669,122.88930626835,-267.764981283024
24545,1000,-0.325065553523852,0.260610982668251,9.79793118598457,666.843788568631,112.205267563568,-267.398816645104
24555,999,-0.325288393013647,0.260347857206804,9.79722129834027,663.438847576837,112.581917398565,-272.193837620277
24565,1000,-0.325508004521856,0.261315382882164,9.79779370588355,679.838226345734,100.457338481827,-265.475152522966
24575,999,-0.324502107965504,0.261269381854162,9.79717649926053,655.252081920743,102.23983579996,-269.855621541603
24585,1000,-0.324455717885979,0.260427551439691,9.79788089854017,675.113098700551,104.993731070541,-277.869045652737
24595,999,-0.323620719396598,0.260302685458888,9.79846814914652,683.42451185397,112.16359271233,-271.973770224637
24605,1000,-0.323690419357484,0.26142333125584,9.79846678074881,682.281385140678,109.984303422162,-257.148434965714
24615,999,-0.324540617529925,0.260489650668371,9.7974619834705,683.432015413182,103.599402401528,-263.363633370226
24625,1000,-0.324987126539355,0.26139284074168,9.79682834829162,669.23906174504,121.724371877174,-271.218663973348
24635,999,-0.324279185637242,0.261453813261977,9.79715904045924,666.101049777916,123.927504117847,-277.805556209095
24645,1000,-0.324834228904455,0.261140664600417,9.79825424295172,674.737946555398,124.942889504317,-268.058358629836
24655,999,-0.324883372226234,0.260769148809702,9.79852606626714,661.033858245983,109.699418118242,-264.243902952785
24665,1000,-0.325489301769,0.260893425098027,9.79881295331482,660.478150056608,110.31745951344,-270.31179374434
24675,1000,-0.324960834930254,0.260506849563223,9.79832542914711,656.677593128796,121.521680200599,-262.259885347393
24685,999,-0.324569305718676,0.261929670499061,9.79667800562714,653.544517331852,116.208718818665,-270.158214210608
24695,1000,-0.324889487479736,0.261300834525974,9.79781948145357,650.026080159,130.782085788585,-265.969809011516
24705,999,-0.325659701755665,0.261438620166843,9.79789618295926,658.246771403557,120.954248266618,-254.093294328894
24715,1000,-0.324913067231393,0.260609344454543,9.7979624194,664.24533311992,119.16572037183,-265.062938782508
24725,999,-0.324677412166998,0.262133072901408,9.79819075804381,670.300968833388,114.153558251397,-275.329798008146
24735,1000,-0.325104234659588,0.260349741701873,9.79771678224392,656.827016442644,120.623451782614,-268.717900614569
24745,999,-0.325227254047367,0.262378039030452,9.79740921964294,643.665182264766,124.684283934157,-263.253599672405
24755,1000,-0.325050651332112,0.260442375049763,9.79939287752896,659.298723263075,117.774915052164,-275.835457866477
24765,999,-0.32547120263141,0.261091123183157,9.79888386129421,650.018247441898,126.695939676168,-271.836228102362
24775,1000,-0.325180812029779,0.259461255590728,9.7970279716569,664.919856326994,94.5147000186427,-271.768282293958
24785,999,-0.325438356599694,0.260437851000424,9.79716077213243,660.547194749126,91.3991113217784,-272.799022958287
24795,1000,-0.325370880264993,0.261428099869716,9.79783960668092,662.691027624078,109.51101303869,-273.994236492432
24805,999,-0.325160372618467,0.261255449524285,9.79811641005622,657.427500651286,114.960596027748,-269.195419354683
24815,1000,-0.325489187168143,0.262385190799256,9.7981294069515,667.063643221966,114.807458169004,-261.57286244663
24825,999,-0.324600852199874,0.261167239347699,9.79842309518253,663.811736035415,95.1251604337152,-270.103197361697
24835,1000,-0.324870921022763,0.26157931976198,9.79789168160491,652.584192512653,101.259110523753,-268.333167790142
24845,999,-0.324982609519444,0.260749099538727,9.79754654793707,671.291611733678,92.8324464152404,-282.454479941988
24855,1000,-0.325027263896021,0.261318441302296,9.7982991208676,671.471669559397,111.203044792592,-282.1560685535
24865,999,-0.324371025979411,0.260642499054855,9.79763341492695,671.513305325219,102.710264552188,-268.947843534588
24875,1000,-0.325189816150214,0.260394397236386,9.7985873348735,671.933691971634,105.256975807451,-283.447671606935
24885,999,-0.324304984272778,0.261545364778049,9.79822774313698,679.263279539004,106.99704459931,-280.528890230138
24895,1000,-0.324685370410486,0.260504664234021,9.79810746850242,661.508401329519,103.713743679878,-262.452251759607
24905,999,-0.325016802103857,0.260750510082167,9.79783310474002,662.656405130602,97.7711334128423,-274.697104245681
24915,1000,-0.324045359436281,0.26161025982896,9.79903708222206,670.916595348439,97.025659248956,-271.246144889378
24925,999,-0.324687256387674,0.261058557617828,9.79688823141395,682.143169258001,100.233092307557,-281.024041870329
24935,1000,-0.324987939774143,0.261388871996828,9.7979127651008,672.807436791845,101.240262755218,-291.719427332126
24945,999,-0.324705887233571,0.261293598821967,9.79622101416041,675.743822899341,104.71168743973,-277.99811518028
24955,1000,-0.324837094750527,0.261474097187028,9.79634792658689,667.451714524861,101.634038833628,-268.607976950447
24965,999,-0.32497303953222,0.261739984671613,9.79693531721255,663.459643973374,105.40354216483,-262.703431183306
24975,1000,-0.324947902125659,0.261146505017824,9.79607602029526,648.491649218142,89.004891283399,-264.348434965714
24985,999,-0.324780818658261,0.261576658713633,9.79680429021043,639.284885106636,93.4648358051148,-279.180977431845
24995,1000,-0.32537073412466,0.26110351790998,9.79733028381771,665.225797945872,102.458887576682,-273.114847179455
25005,999,-0.324345094693225,0.261351140667625,9.79755369978966,665.756773779798,107.135292797588,-263.61120919032
25015,1000,-0.324921484044136,0.261579200903822,9.79730346150163,668.994148906206,101.420134340182,-277.264465500065
25025,999,-0.325550174075771,0.259635800880204,9.79739690330499,673.596533862235,109.245454121708,-268.177607649849
25035,1000,-0.32597296427292,0.260786196902106,9.79845049545615,664.940789095462,118.731540234989,-279.957595271057
25045,999,-0.324753895595491,0.260220993638659,9.7993053376092,672.308999890908,113.038474991009,-279.235994280754
25055,1000,-0.32529494258796,0.261231648291914,9.7993855411207,682.720472992557,107.80945016177,-280.204923515332
25065,999,-0.325486410720582,0.260484325896321,9.7978508298697,666.047850759206,104.813789055691,-267.709964434114
25075,1000,-0.325100387531883,0.260769935726012,9.79814200520966,666.828463302911,99.8609736749604,-270.036984584034
25085,999,-0.32488955740939,0.260989562066826,9.79696077571077,680.332058038556,112.092815344573,-276.870269777626
25095,1000,-0.324168767927369,0.261053876005215,9.7968314615192,681.042980696327,109.350406021454,-265.282786110752
25105,999,-0.324953947890829,0.260796126298183,9.7977144822495,678.346980163227,109.770586207603,-271.368584886627
25115,1000,-0.324328448767239,0.261137360874526,9.79625222843966,681.289159687904,103.988741258895,-280.809503668004
25125,999,-0.32497050836851,0.26137705452207,9.79638582311435,694.755969985607,89.6134952044204,-279.428553251939
25135,1000,-0.324075630232575,0.261178259256305,9.79664584878953,707.91854712446,91.2893898911424,-284.821717408462
25145,999,-0.324712954718065,0.261170475463835,9.79662884489819,674.925855625481,104.846356378476,-278.905893187295
25155,1000,-0.32364787824738,0.260170986899348,9.79653602065784,690.286913871408,103.787373605694,-277.127060919913
25165,999,-0.324973941331353,0.260246355385486,9.79674399746647,666.91936293033,104.555812229511,-272.578955562647
25175,1000,-0.323814665803463,0.261206762725592,9.79651514593148,667.21682280615,100.135544026758,-271.630877713806
25185,1000,-0.324473715062463,0.260249774666858,9.79633472298005,680.695802206775,92.2494363080893,-265.640038019149
25195,999,-0.323796846498587,0.261059108592847,9.7965332867077,675.410634587247,84.6003342309054,-258.494642241692
25205,1000,-0.324033960110355,0.26189712382281,9.79649977213041,671.303421772163,70.9574710647425,-259.319427332126
25215,999,-0.324980522766972,0.260983451864426,9.7960779778012,672.796494267874,85.4227652733105,-273.239157749566
25225,1000,-0.324731498854851,0.260718398778514,9.79605364027165,671.181821803528,82.7380708684751,-274.571335729073
25235,999,-0.323478805539441,0.26135753356489,9.79724619023152,687.964759603449,82.4344013309175,-265.811883146719
25245,1000,-0.324336352657023,0.261248645440201,9.7974264931655,665.33897633712,80.7664904553999,-263.139274660371
25255,999,-0.324066258387352,0.261543760659365,9.79656938619231,675.225928644675,81.565660154007,-270.680874275253
25265,1000,-0.323803615275158,0.260580007427438,9.7968539929777,667.210712665363,90.7104722106337,-268.965228858844
25275,999,-0.325141087138221,0.261755154761822,9.79745225280747,656.626903110102,98.180315833351,-259.347403399797
25285,1000,-0.324023144244319,0.260589347537622,9.79736231672043,669.871920760283,79.6600777191972,-268.882786110752
25295,999,-0.32428336505166,0.261339940475088,9.79666726350803,673.151236461718,92.1805486787746,-263.61120919032
25305,1000,-0.324470672985212,0.260315061937814,9.79737472851298,668.680088494745,83.0074943189158,-272.949961683272
25315,999,-0.325474500900101,0.261174810574266,9.79752690787009,674.945673370922,92.0911381253716,-264.98663041307
25325,1000,-0.324684003153148,0.260963829968574,9.79732677026874,675.352974100902,100.529220362945,-268.882786110752
25335,999,-0.324716709321456,0.261148840940081,9.79863119604212,686.769821496613,101.849565252774,-270.818416397527
25345,1000,-0.324281621632983,0.261664839989732,9.79696137483833,689.938123537897,117.200986331679,-258.110267026783
25355,999,-0.324823256597686,0.260088952065291,9.79762589200513,686.734305870115,105.511217648436,-269.442995174778
25365,1000,-0.323745925082015,0.261686159149339,9.7970022708752,689.190968753071,101.726396348049,-260.00645023289
25375,999,-0.323726964672361,0.260953612752552,9.79631528614689,693.642398942867,96.2743817009161,-260.337706680177
25385,1000,-0.324219178242082,0.260432777899936,9.79598722265102,696.024594393935,101.714436572543,-265.502633438996
25395,999,-0.32478907852069,0.26168736189536,9.79686626589468,694.280651090273,102.11896986359,-266.197001089089
25405,1000,-0.323544746391089,0.260772744380386,9.79742480879748,700.272940513856,107.5432242221,-259.346908248157
25415,999,-0.324597860948572,0.261341656716285,9.79638579146723,703.960526437112,84.6717669264403,-268.260132923213
25425,1000,-0.324818888686781,0.26140922205466,9.79680968066178,689.356704649974,109.928619031876,-264.430877713806
25435,999,-0.323790862117583,0.26158480904116,9.79659460077189,700.219835501789,102.517053241258,-262.538380636575
25445,1000,-0.323938635335638,0.260237866658704,9.79666524005099,694.516042601948,99.4999298676723,-280.397289927546
25455,999,-0.323291835863744,0.261523283105168,9.79648951047989,705.07733666654,105.520128390999,-272.001278649092
25465,1000,-0.323516689318484,0.262026754823479,9.7962553371095,695.099622335181,103.026911144261,-269.844618171821
25475,999,-0.324180895191008,0.260510655736792,9.79737391328048,688.545194626591,105.742298269863,-272.716497684922
25485,1000,-0.324816252514197,0.262130544771734,9.79569008831842,679.894165296204,111.337190253917,-267.124007484798
25495,999,-0.325557187828088,0.261789125083756,9.79689086724319,685.083175187533,94.1886544875542,-263.226091247951
25505,1000,-0.324420788993968,0.261492355830788,9.79469263415347,677.320327980822,99.6774276063698,-263.716373897012
25515,999,-0.325395984815717,0.261279781245163,9.79486849522084,671.042180782488,90.9583716485158,-259.787538191077
25525,1000,-0.324619078642162,0.262342705733681,9.79522273997286,677.96640586057,102.208953432604,-276.247671606935
25535,999,-0.324136323012844,0.260994942538245,9.79536849193375,679.687831625755,89.6569300832254,-266.334543211365
25545,1000,-0.324558813457116,0.261214249669449,9.79556421631848,688.307407989152,108.437121465255,-270.201870080218
25555,999,-0.324738387329992,0.261041979935325,9.79460619763503,679.739766395232,95.1121825671741,-265.1516809598
25565,1000,-0.324265465692187,0.260498003618662,9.79577183288762,684.495668462558,92.8676602574808,-263.60645023289
25575,999,-0.324395597697603,0.260089633246451,9.79653376415986,695.610539557823,93.7023631240951,-277.310404568905
25585,1000,-0.324266670258876,0.261460748314621,9.79640013337955,673.233875442319,99.4443264049061,-263.194236492432
25595,999,-0.323235477254764,0.261421970753089,9.79513697947498,677.93915542051,91.2900306836751,-266.664644304824
25605,1000,-0.323525033682175,0.260809233887039,9.7952566321632,670.982822170415,107.190805392097,-269.76217542373
25615,999,-0.324092645533975,0.261730272744959,9.79548066600346,659.755032385305,118.3636852516,-267.159795945014
25625,1000,-0.323879478007704,0.261075388090326,9.79501401783188,668.012212038175,112.154439360631,-271.823244126019
25635,999,-0.324241400177279,0.260759243277907,9.79466049387161,674.156663550647,110.121852139467,-274.394511576676
25645,1000,-0.3250596835555,0.260576299430098,9.79470988551262,670.23036811479,105.425558742792,-285.343854813042
25655,999,-0.32422076208745,0.261655650907851,9.7950913508655,660.287093341215,112.02184033132,-274.697104245681
25665,1000,-0.324759264861216,0.26049053126332,9.79452734673552,665.148561491213,127.030985931142,-270.119427332126
25675,999,-0.325112755341305,0.26020166072475,9.79437611348201,662.619367092395,120.056095225513,-268.177607649849
25685,1000,-0.324546159394902,0.260685496545365,9.79386602731475,675.532155315019,129.55076415683,-273.93927466037
25695,999,-0.324945309132657,0.259993045521802,9.79522889490594,664.180416567538,126.940467674337,-271.506127008902
25705,1000,-0.324555285180866,0.260113801410384,9.79349637790012,674.645296558967,124.772023675012,-265.282786110752
25715,999,-0.324293811249452,0.260278482074999,9.79570768111011,678.844817174869,129.971216197163,-269.167910930228
25725,1000,-0.324396835610085,0.260549573386577,9.79413046399155,668.585525562208,122.111270792482,-284.821717408462
25735,999,-0.32444166649903,0.260431965347624,9.79394041151444,673.420910817953,110.953309935258,-263.198582823495
25745,1000,-0.324710878137685,0.259990753613957,9.79433062746261,665.669395993084,120.863027162346,-270.036984584035
25755,999,-0.324425298949059,0.260339621475539,9.79341945100742,652.972815335866,120.697492084253,-272.358888167007
25765,1000,-0.324966623256015,0.261652593225953,9.79257918477373,656.344359865575,119.181625349153,-281.11179374434
25775,999,-0.323448637453276,0.261021791284743,9.79414057158012,669.675741996869,104.890236208309,-275.687407526061
25785,1000,-0.323921948091075,0.262023140050595,9.7932537688885,661.292273799407,116.533381733368,-268.937747942813
25795,999,-0.324068008204808,0.261298173354407,9.79263748998856,679.154451477048,118.19951887973,-260.695316198091
25805,1000,-0.323453148787234,0.261633918415752,9.79450065280185,675.243665620692,116.61329172515,-269.734694507699
25815,999,-0.323621970737401,0.260792731465894,9.79459135419181,673.333224553072,108.934591775505,-275.549865403786
25825,1000,-0.324202707395125,0.26213108357021,9.79452681525066,662.771550060793,112.710463020414,-266.272099087851
25835,999,-0.324134207482205,0.260609823398406,9.79371359054951,658.99125777353,109.402935717432,-275.219764310326
25845,1000,-0.323724795844599,0.261752700254772,9.79280814166882,683.096735798754,106.333146338765,-278.281259393195
25855,1000,-0.324313766806268,0.261037065249016,9.7940250274148,672.074501928642,111.943925200508,-277.621717408462
25865,999,-0.324240512720309,0.26089746626359,9.79241241784441,677.791686555301,107.889851100398,-266.802186427099
25875,1000,-0.324839636470339,0.261124048274939,9.79401000944021,648.437708176069,114.903595483881,-264.12858763747
25885,999,-0.32470897118442,0.260466209275127,9.79288998021014,649.322428901245,104.727194080587,-268.342658196578
25895,1000,-0.324925145548682,0.260113616441568,9.79409251994647,669.191923557216,107.523620213062,-271.85072504205
25905,999,-0.324763537700733,0.262204130597249,9.79284093981105,669.675536940548,96.9429311438959,-276.29259286407
25915,1000,-0.325101103028264,0.259985967977097,9.79294146958168,652.700049551665,108.641414207237,-263.551488400828
25925,999,-0.324339238516531,0.261731767691782,9.79293915800438,652.563504926274,108.072530358881,-261.520568931741
25935,1000,-0.324462275611121,0.260674242521484,9.79200882628414,663.781943198879,122.077684985245,-264.458358629836
25945,999,-0.324760713257728,0.26197708543204,9.79361375609739,662.923293834538,115.741298694392,-269.085385656863
25955,1000,-0.324726121993997,0.261332480314359,9.79330932912269,642.763849830861,119.078599530724,-256.818663973348
25965,999,-0.325963821319468,0.262123020758709,9.79225625554076,669.778253652761,122.073910771877,-270.020672088333
25975,1000,-0.324144854820739,0.260638608665106,9.79309177831001,667.641005424678,114.522556557661,-276.769809011516
25985,999,-0.325169683662879,0.260954588638765,9.7923477188674,664.460115105687,119.016729664481,-280.446364956773
25995,1000,-0.324898517772675,0.261862780718839,9.79305307186233,671.148478769903,111.439207554299,-270.943854813042
26005,999,-0.324779623265766,0.261834164772136,9.79324693362191,655.801957204941,111.169352607055,-275.164747461416
26015,1000,-0.32523925202415,0.26130705136808,9.79340126540608,658.378988450437,117.879311544216,-279.57286244663
26025,999,-0.32548094260259,0.2617258366468,9.7945874022818,664.908350780208,119.318193866582,-274.036902058761
26035,1000,-0.326481763538617,0.261981012580285,9.79391871927216,649.70960642663,121.233354633955,-265.969809011516
26045,999,-0.325673341869715,0.261126850893595,9.79250357433062,645.609275504964,107.948138063542,-261.988212147476
26055,1000,-0.324384750243909,0.261180450129767,9.7929775980561,647.772804316969,132.590636194537,-259.346908248157
26065,999,-0.32429853754901,0.261681478095171,9.79296961862456,635.15747020536,126.834117347988,-262.125754269751
26075,1000,-0.324283130222719,0.261463839043712,9.79296264497766,642.534517752382,115.076251078299,-272.840038019149
26085,999,-0.324274270470615,0.261349546317551,9.79306116582041,642.609542082185,114.668273650844,-269.635554145963
26095,1000,-0.324592472236816,0.260703246037582,9.79360143813111,665.708824571261,120.213060296961,-278.336221225256
26105,999,-0.326010642063874,0.2610729152215,9.7921263151228,659.164050316525,114.373224020436,-275.632390677151
26115,1000,-0.324682486972396,0.26125491083526,9.79364364437855,653.181154170201,103.80646500962,-263.029350996248
26125,999,-0.324169021127614,0.26114883022226,9.79374792208456,652.609583809653,125.564615735934,-265.261714657619
26135,1000,-0.32368786372462,0.261548099305032,9.79465066690423,658.262215692386,130.588027316111,-282.788129622202
26145,999,-0.325175083060059,0.261267958365423,9.79438306878569,654.471808055326,110.704567073161,-278.38323312265
26155,1000,-0.324808245221994,0.26102706239597,9.79184509450324,662.408581553132,99.5439410551268,-273.856831912279
26165,999,-0.32434474552004,0.260938791935181,9.79421654792034,661.519795545732,110.128172192016,-268.040065527574
26175,1000,-0.324938417049151,0.261107097937947,9.79349194030069,668.905716920896,99.5009616364271,-265.17286244663
26185,999,-0.324852225903927,0.261190149533704,9.79329276776688,658.52832037267,117.207799892873,-270.900941670892
26195,1000,-0.325851014864837,0.261721440515013,9.79350069504368,659.680586908142,103.73473311778,-272.153015118386
26205,999,-0.324527685832141,0.260707399020503,9.79400737772753,661.175342458748,112.197263095652,-277.77804778464
26215,1000,-0.324927663091027,0.260929114802351,9.79328658540526,643.622534609357,125.90826099332,-270.586602904645
26225,999,-0.32401458537401,0.26104273292232,9.79396956430588,650.976059158422,112.463800204367,-267.242321218379
26235,1000,-0.324524068596944,0.260831024661411,9.79380479720864,659.628613304787,95.792789256247,-265.530114355027
26245,999,-0.324411635797294,0.260752280306828,9.79242920002918,643.809182375726,99.0215984175613,-271.038483793167
26255,1000,-0.324804524220774,0.261101978508304,9.79123107757931,655.95019599203,111.963552700652,-264.898053286325
26265,999,-0.323903732901535,0.260218095450088,9.79209909248389,677.726460276957,107.385743300697,-271.891244951272
26275,1000,-0.32547955032405,0.259897695789444,9.79091849234623,663.816506975303,99.7238294238614,-265.530114355027
26285,999,-0.323853286338814,0.261763135911717,9.79157417284159,658.936176297182,109.797912453328,-262.235787967571
26295,1000,-0.324393080424613,0.26131932868021,9.79052046100765,655.731660776674,109.566147771822,-260.281259393195
26305,999,-0.324673813306643,0.261096909001518,9.79226877177643,658.627466100914,109.144033722438,-274.477036850041
26315,1000,-0.323781045448929,0.261614497517662,9.79121441882801,665.575241677753,95.7150138540225,-282.018663973347
26325,999,-0.324572313164473,0.260814025073,9.79227305804826,668.063795203712,104.161158395112,-273.266666174022
26335,1000,-0.324408848169547,0.261108026605725,9.7922721899043,660.450969217903,112.984106355232,-263.551488400828
26345,999,-0.324580877501747,0.260630989867055,9.7940615963005,651.551034486933,109.029149901473,-265.646832599989
26355,1000,-0.323786425348325,0.26095891204559,9.79390535562027,650.028849088426,95.5917041216195,-267.783549469531
26365,999,-0.323477381763396,0.261000701044722,9.79210050372845,645.93159602156,96.7987290004444,-272.138820771367
26375,1000,-0.324041012892695,0.26165910757171,9.79285201856801,629.230437752404,105.086256475741,-263.63393114892
26385,999,-0.323978733504152,0.261469471521609,9.79205215833054,638.464205689117,104.468775215022,-263.17107439904
26395,1000,-0.324318082415783,0.260758227532659,9.79404061021447,648.932361923762,87.8758789426043,-270.559121988615
26405,999,-0.324438974343781,0.261446067204453,9.79122675494833,634.223871584449,96.6632870779391,-266.994745398284
26415,1000,-0.324726700675165,0.261711917776241,9.7908765325666,644.622397508248,93.5356221686681,-266.299580003882
26425,999,-0.324729062372218,0.261821109666914,9.79124515392709,647.483852706343,102.96182257182,-270.405790030703
26435,1000,-0.323449040501886,0.262436381632321,9.7907430005214,660.954165335389,102.96636800238,-266.766755576401
26445,999,-0.324191493342032,0.262180957566326,9.79101198527533,652.69173058251,91.3837676121116,-270.433298455158
26455,1000,-0.323814554624064,0.260404270202752,9.79149263174998,643.793872283641,98.8815360563866,-273.472099087851
26465,999,-0.325054574526674,0.261410638642712,9.79182356403495,648.28517259406,110.072285633877,-271.203534339897
26475,1000,-0.32491465377712,0.260218466395718,9.79050533955272,651.564562619532,90.7025651777256,-267.893473133653
26485,999,-0.324469518531057,0.261140166459139,9.79238442719936,663.697191889955,96.2678469458865,-262.428346938756
26495,1000,-0.324248629920387,0.260257298606004,9.7921934127649,683.546637542452,106.83242409149,-273.279732675638
26505,999,-0.322996014782808,0.260099681654724,9.79263028465205,680.117815880371,76.9413587879825,-267.324846491744
26515,1000,-0.323759381074875,0.260388579140884,9.79151514688695,667.079027741494,90.8046981719973,-272.86751893518
26525,999,-0.32501757770547,0.2595122555253,9.79010708127515,666.971428626926,108.983266945992,-268.287641347669
26535,1000,-0.323513707076811,0.261449272658029,9.79192730516533,675.171013574606,79.4285395847922,-277.704160156554
26545,999,-0.324669198003868,0.261654332318666,9.79311273261778,659.015654402662,99.0056688779368,-269.663062570418
26555,1000,-0.324804799099438,0.262100937679128,9.79140447520852,659.949997934644,97.1065496588626,-267.398816645103
26565,999,-0.324191883251762,0.262218172583711,9.79192265097028,658.935547930869,99.4882964780893,-274.367003152221
26575,1000,-0.324469841691002,0.261492835588847,9.79263844337085,646.908066285862,107.54194268654,-268.415610538233
26585,999,-0.324955804526338,0.261752574097247,9.79088090212753,643.673419532446,99.6970885182102,-263.5011754925
26595,1000,-0.323833947253302,0.261146186160096,9.79192047194235,651.618776463433,89.0820783518218,-257.120954049684
26605,999,-0.323544943289029,0.260588562022577,9.79167799719119,648.204778948159,89.7384426971091,-263.253599672406
26615,1000,-0.324651984093901,0.260740006919825,9.79075552802486,649.604111862644,93.6430892739913,-265.914847179454
26625,999,-0.323735945776122,0.262131016855836,9.79167730480846,656.458212622556,91.4322329610725,-271.010975368712
26635,1000,-0.325398118604327,0.261957686036259,9.79118409289117,657.196381055572,88.4097516913725,-259.566755576401
26645,999,-0.324166238968216,0.261586300011373,9.78957077524036,653.111736518496,88.9696376563633,-269.222927779138
26655,1000,-0.324492365568683,0.26171873949551,9.79147702931991,654.538970071045,90.7567908187345,-265.969809011515
26665,999,-0.324710231473318,0.261197174209996,9.79063821778553,662.693387743056,106.623714203527,-265.234206233164
26675,1000,-0.325225912082163,0.262003230517119,9.79035678305873,666.992673336877,99.3868087879424,-279.462938782508
26685,999,-0.325511826807088,0.261660158077325,9.78974330803515,657.038458740687,100.239465021595,-267.572422311839
26695,1000,-0.325242354982849,0.26139933271304,9.79195330451973,664.28647636114,82.2903755629169,-277.951488400829
26705,999,-0.325264660580667,0.261526861665456,9.79114959209167,668.159617029959,78.5788825747055,-272.633972411557
26715,1000,-0.325180531542633,0.262258713832437,9.79083813241738,654.398212209086,86.5987603529698,-261.435457866478
26725,999,-0.324841978867247,0.261886836396294,9.79062447146969,655.294448491782,83.0165746516532,-266.141984240179
26735,1000,-0.324922908828377,0.262562808952286,9.79028138373184,645.794067654801,76.4716100200005,-275.395763209989
26745,999,-0.325320211650143,0.261911034459004,9.79048901081659,640.93700410923,72.6887280173836,-269.718079419328
26755,1000,-0.324938721890797,0.261618682356413,9.79108618724771,649.080855092963,88.0213977987987,-274.159121988615
26765,999,-0.324156678963522,0.261963571576372,9.7888019459209,653.008550194848,89.8007656523276,-268.012557103119
26775,1000,-0.324223579925971,0.262180004161564,9.78963845077259,657.253101668385,81.7052867773442,-271.85072504205
26785,999,-0.324092883030562,0.260761311586158,9.78912136346271,642.78380573288,88.4530916194957,-273.789326238667
26795,1000,-0.324217335606494,0.261542577863601,9.78866446180245,654.031662713877,70.5148282148445,-274.626297561134
26805,999,-0.3238545231426,0.261626576328714,9.79011094831992,661.368414304138,89.1705995800595,-263.39114179468
26815,1000,-0.324164427462307,0.261210606459525,9.79079269642108,666.546058466454,72.8410204935306,-269.432404431363
26825,999,-0.324537170611532,0.261075579073272,9.78986996863897,660.345337368351,71.7905117227357,-276.732727655351
26835,1000,-0.325059722370397,0.261869736116641,9.78994784138351,659.543303627845,67.7059517858801,-280.287366263424
26845,999,-0.324292588725286,0.260882584639251,9.789993444558,663.81162636692,74.6097898289621,-280.858991323599
26855,1000,-0.324615497034305,0.260659008599041,9.79040360145915,665.920961969304,79.036066843641,-274.324007484798
26865,999,-0.325539686348066,0.261084195615447,9.78909074049866,650.775886754808,92.7413535887532,-275.082222188051
26875,1000,-0.325165035553991,0.261721343243007,9.79019025046263,651.784955735314,88.270247300351,-271.246144889378
26885,999,-0.324731363132673,0.260963228614283,9.78940127931619,669.577571311534,80.1633883922635,-272.001278649092
26895,1000,-0.324292014543237,0.261645488339621,9.78956243714103,658.495226659759,86.2017248821418,-275.423244126019
26905,999,-0.324863524102945,0.261298397399907,9.78914133459343,647.757442185697,84.4980139207199,-282.592022064263
26915,1000,-0.324170136083412,0.261244403022522,9.79067672489852,650.839920811391,85.7820256864924,-272.207976950447
26925,999,-0.324627635095224,0.260977892538389,9.79054607281662,647.530555734724,83.7845380636303,-271.313568037717
26935,1000,-0.324430336244557,0.261455709917718,9.78876260657771,637.025639631149,85.0009874812824,-264.898053286324
26945,999,-0.324654843549918,0.262556129613022,9.78979527769778,647.410064502319,86.0310350213099,-268.232624498758
26955,1000,-0.324846453455265,0.262197816663619,9.7893745642518,646.850796861528,85.3090814866732,-270.971335729073
26965,999,-0.324542936154757,0.263008241931806,9.78969703801907,642.837745149126,69.9852641905366,-272.331379742552
26975,1000,-0.324654942303221,0.262467588896185,9.79074727354296,647.334260708734,62.3569201940079,-269.240038019149
26985,999,-0.324737919322091,0.261847550775726,9.79021759426788,644.955686327271,82.7900713254236,-270.845924821982
26995,1000,-0.325286097652818,0.261563235640906,9.7904921387788,632.33655311397,77.8039743407557,-273.114847179454
27005,999,-0.325538625826245,0.262103411572992,9.79051855436734,629.382683459936,82.8111206407451,-271.588652282267
27015,1000,-0.324715160347296,0.261530732817235,9.7889420246098,644.022935351926,84.0525916471291,-271.32858763747
27025,999,-0.325165571174104,0.261559663804651,9.79027477282933,654.445623693793,90.0702720073636,-265.26171465762
27035,1000,-0.325906380909986,0.261060913800333,9.79008685487837,638.729984222037,88.1377707566215,-258.604923515332
27045,999,-0.324969619520159,0.26274006444703,9.78925644667673,631.977098075464,91.3830821250608,-252.662856257235
27055,1000,-0.324265642293501,0.26186111149496,9.78922739025314,621.944753659775,95.0244634030639,-262.617137255791
27065,999,-0.323309527287153,0.262251481881062,9.78816288770236,646.804083079972,91.5998568030018,-266.74716957819
27075,1000,-0.324840116172437,0.261350727276405,9.79067140923376,646.144939339081,83.920265587709,-266.684312828309
27085,999,-0.323647583387167,0.261206246102334,9.78948210884493,638.897612665772,84.7896749895576,-267.847506556389
27095,1000,-0.324119001308361,0.261189910562056,9.78893397490446,642.567853125976,93.4890651187341,-267.536221225256
27105,999,-0.32454690508983,0.261292560933811,9.7895696854447,641.181047309418,99.7568553417651,-261.795653176291
27115,1000,-0.324737282994503,0.261270140856905,9.79016748029365,651.112955638202,86.7954029535732,-264.320954049684
27125,999,-0.3247143532426,0.26220970989258,9.78835636765597,641.031016560163,86.6336096526326,-274.587070547861
27135,1000,-0.324301852766118,0.261671146681248,9.79037003399965,636.295191311868,91.0331726978801,-282.513320461897
27145,999,-0.324160421650007,0.262204245258549,9.78984474155565,640.661635241478,96.5530850646796,-264.76656301743
27155,1000,-0.324387073294264,0.262397068135423,9.78999912907496,635.896689959427,99.6032961039863,-279.820190690905
27165,999,-0.325462468160664,0.261617449723201,9.79030380934735,631.895156379346,94.2836281688118,-283.554816920187
27175,1000,-0.324668463976984,0.262857071538394,9.78818182992432,646.192829864575,84.9494010233024,-266.876679240523
27185,999,-0.325100813288577,0.261193640701694,9.78988152446336,631.314317544127,94.0959440199505,-284.270035956017
27195,1000,-0.325161557533476,0.261616750662658,9.79011947730562,623.299854763456,89.4691131357862,-260.583549469531
27205,999,-0.324363545016986,0.261450012967438,9.7901041855827,625.257750213583,75.8431011900036,-268.865318261223
27215,1000,-0.325108055830278,0.26192973284968,9.78823324325779,636.40440589185,97.0222709887151,-270.888892980981
27225,999,-0.324668694880793,0.262188192812968,9.78964577946726,633.524999118221,93.4236532536558,-277.695522511275
27235,1000,-0.324975081553513,0.262333056759503,9.78960975555294,641.492238397685,103.55045062462,-259.676679240523
27245,999,-0.324757000670743,0.261408765199072,9.7889008421658,648.19305070105,97.8093308175776,-275.934983346156
27255,1000,-0.323229090855286,0.260556904908638,9.78752804183073,629.721414684083,76.4064334000707,-271.823244126019
27265,999,-0.325576003343172,0.261749597126833,9.78815460875963,636.815484762777,76.3585164955388,-267.352354916199
27275,1000,-0.323926584361871,0.26179580619196,9.78766321529372,625.696420201392,76.6577866793975,-275.533167790142
27285,999,-0.324017959022177,0.260554198765624,9.78929318919555,639.180876557522,76.5027446150578,-272.606463987103
27295,1000,-0.325389745897098,0.261041078565022,9.788688679998,639.386513134933,83.2482696713089,-282.513320461898
27305,999,-0.325929046503193,0.261873504637692,9.78872419756951,645.144936642694,77.3273105427811,-270.570840577433
27315,1000,-0.324963952409495,0.260648858734673,9.78980384583751,631.235021920564,78.6988005679216,-276.330114355027
27325,999,-0.324334208654048,0.260812369405376,9.78834910674873,633.270436283769,90.4716231342227,-271.368584886627
27335,1000,-0.325271119101669,0.260986894069417,9.78812321111744,637.558281953185,97.7725710578335,-274.516373897012
27345,999,-0.324559422199699,0.261775832346933,9.78787557730508,638.354775501146,92.3126535208125,-271.258551188807
27355,1000,-0.324979857910655,0.260918639261697,9.78836924095479,650.165223215333,92.3145116651838,-268.827824278691
27365,999,-0.324601694416036,0.260964952306714,9.78950474039528,645.602754379348,78.3205392649403,-264.38144507506
27375,1000,-0.324796098481133,0.261834707740539,9.7882943011186,634.758715163469,92.1025880409384,-269.76217542373
27385,999,-0.324314345459334,0.26126100599449,9.78990639630665,628.37679964104,103.332895069583,-269.415486750323
27395,1000,-0.325479444940612,0.261372844161096,9.79021790399008,618.307002515728,91.3905277445548,-274.488892980981
27405,999,-0.324937793738198,0.261448658291407,9.79114182124908,609.124310307157,85.2484147923675,-274.367003152221
27415,1000,-0.325332354778206,0.261255043221737,9.7904151015373,621.838947298395,100.502477506971,-275.780496034416
27425,999,-0.324525052575426,0.261269190372956,9.78942516704434,631.167499594926,94.555449952311,-270.625857426342
27435,1000,-0.325009964424401,0.261095218534721,9.78929493290069,629.726209952156,107.738239524743,-277.539274660371
27445,999,-0.325233319919759,0.261709708359851,9.78874753676051,642.411398664949,91.7036926928189,-273.789326238666
27455,1000,-0.324759641403433,0.260393725598009,9.79005436490718,631.746152364802,100.301339816404,-263.60645023289
27465,999,-0.324959751090839,0.261397047606626,9.79059324159276,635.404668276123,88.8347379053471,-274.559562123406
27475,1000,-0.324729770614389,0.261297996576229,9.79003920949283,637.680490140698,79.5598370762852,-265.420190690905
27485,999,-0.324652519419293,0.262722123664595,9.79005892417391,636.598891162351,88.0912711129522,-279.648620647579
27495,1000,-0.325644794037359,0.26034131579455,9.78992728077868,633.353368710392,81.8047014339968,-266.162175423729
27505,999,-0.325228909049441,0.260473428623189,9.79057640204351,634.82326018034,85.9795765203694,-271.506127008903
27515,1000,-0.325490053992311,0.262107177703095,9.78978284964162,632.430954541026,116.389522041074,-273.334694507699
27525,999,-0.325771409679946,0.261765420715782,9.79046367582101,645.230527928173,104.923173531425,-263.006023852311
27535,1000,-0.326320251471663,0.262653998473249,9.7899618028872,620.814430235623,104.526750638801,-271.768282293958
27545,999,-0.32592956974814,0.26110222476516,9.78993606868085,630.163984399612,107.14109668667,-278.76835106502
27555,1000,-0.325843112737226,0.260763571791344,9.78730656288131,638.815787316691,100.833816553137,-272.730114355027
27565,999,-0.325577430269509,0.261615048126316,9.78874813644906,622.838039555137,106.233966947053,-273.294174598477
27575,1000,-0.326424052212102,0.261807864588101,9.78911089576389,635.004030026416,113.077752953891,-269.459885347393
27585,999,-0.324674692652407,0.262101590299379,9.78887295409601,652.535428352559,101.915823000559,-275.714915950515
27595,1000,-0.325782039706567,0.26198193349846,9.79032200539684,646.293207217268,105.057650472098,-273.472099087852
27605,999,-0.325899575021465,0.262056239131925,9.78863394226529,635.939974625233,97.5750606445685,-276.265084439616
27615,1000,-0.324898163943589,0.261702209484246,9.78939999850766,637.311513448982,89.2635251694791,-274.653778477164
27625,999,-0.326030318760718,0.261155149525658,9.78857021340877,642.296443924295,89.3258352298896,-269.553028872598
27635,1000,-0.325547089833877,0.261525181067587,9.78867590277313,637.976983096398,78.5153497602263,-264.678205958081
27645,999,-0.326261384378744,0.260513156926442,9.78848370538151,630.373423726372,86.685556915848,-263.061040701221
27655,1000,-0.325744249733048,0.260506801659827,9.78806696125054,618.632663560035,78.3973209916253,-271.878205958081
27665,999,-0.324797821993281,0.261678383721947,9.78922623151116,631.321089598932,88.8975229183824,-262.593397485486
27675,1000,-0.326400756901613,0.260945592980434,9.78836166906237,626.401075163959,110.18014322389,-275.42324412602
27685,999,-0.325659885598806,0.261808496969337,9.78872973766199,627.622757851759,97.5646802203581,-276.100033892886
27695,1000,-0.325091743866782,0.261233923986538,9.79018275402908,642.592737902333,99.7305903113221,-270.256831912279
27705,999,-0.324538541975709,0.262200360819174,9.7888507530384,618.351263872448,110.463392027624,-258.632184363967
27715,1000,-0.325522352227563,0.260422700959859,9.78877734208653,640.92299360746,93.9690654224664,-274.598816645104
27725,999,-0.325375398749327,0.260793381061462,9.78764070600636,638.96610377412,110.934539476183,-269.938146814968
27735,1000,-0.325061541548702,0.262059397553171,9.78793451526144,626.646318584675,112.852414486259,-271.301106721439
27745,999,-0.324793598519285,0.260768098040455,9.78833653986792,618.678428542235,113.235872902626,-265.234206233165
27755,1000,-0.324178935033817,0.2603330681717,9.78968004591275,635.990205245719,107.268113724933,-275.643091454264
27765,999,-0.325340535416855,0.261016432540263,9.78989051629527,638.68554511917,107.99493704168,-262.868481730036
27775,1000,-0.325274455588499,0.261196103026496,9.78825610300792,629.793766885744,100.844293331635,-266.464465500066
27785,999,-0.324388073641512,0.260341782154813,9.78694419854365,644.131962339566,89.2744662677007,-267.544913887384
27795,1000,-0.325271878422156,0.261050606379815,9.78796865528725,634.766673050761,92.0054866104864,-280.534694507699
27805,999,-0.325682926800431,0.259269514996705,9.78742141634648,648.930659244842,97.0064942994022,-276.540168684165
27815,1000,-0.325528235767583,0.260275933441772,9.78851663432412,635.631121683518,103.077857474446,-276.467518935179
27825,999,-0.325666740734951,0.261595584174675,9.78760284651092,623.009477354161,106.880213873805,-266.389560060274
27835,1000,-0.325554358169622,0.260837391815367,9.78714758131515,616.550137531409,96.2875929545723,-265.17286244663
27845,999,-0.324256017930904,0.26020936370472,9.78883067828739,635.722371586393,102.18886419209,-263.83127658596
27855,1000,-0.323987298567015,0.260420481183653,9.78814417628236,638.154448840189,103.24818151778,-267.72858763747
27865,999,-0.323829541055973,0.260305042445949,9.7891543033256,633.045493956121,95.6319588299182,-264.739054592975
27875,1000,-0.324898298418987,0.26093245782905,9.78910211493773,637.199823133614,103.392149497051,-262.424770843576
27885,999,-0.324785405316641,0.26109758224021,9.78889414024111,646.136998755115,105.925476031614,-271.561143857812
27895,1000,-0.324944925220293,0.260759880498872,9.78810529767676,631.902543638543,101.55791482517,-274.131641072584
27905,999,-0.324691127173799,0.260663980834586,9.79065408961901,628.171290579684,98.7257747021854,-277.090337173265
27915,1000,-0.32436122469332,0.26029252123948,9.78752146930328,618.362455409564,107.31402597735,-273.829350996248
27925,999,-0.325478728725699,0.260671520650951,9.79004096564595,631.348985458383,103.305432938213,-268.947843534588
27935,1000,-0.324838548636773,0.261526911857838,9.78875748560838,636.55459967116,109.347975889731,-275.120954049683
27945,999,-0.324975448212295,0.2614206727928,9.7880587885617,640.807718892791,109.937682899661,-265.839391571175
27955,1000,-0.32457755012554,0.26223248816484,9.78885611747932,638.732285441346,106.48508947883,-268.113320461897
27965,999,-0.324546860588455,0.260865388936769,9.78962976294277,651.639037890878,102.404277338614,-263.88629343487
27975,1000,-0.325081628534688,0.261869221534417,9.7901014264275,636.099745523432,104.618767929631,-264.183549469531
27985,999,-0.324985616099672,0.261082564507818,9.79050919113952,623.325813632654,103.56545636992,-268.040065527574
27995,1000,-0.324893623468229,0.260849199847129,9.78971167765009,638.764187408536,105.355791293266,-260.336221225256
28005,999,-0.32512066491081,0.261631598365782,9.789493253156,628.720117956997,101.767166207385,-270.268247908428
28015,1000,-0.324830218594272,0.261559941912172,9.78949329112955,637.26463997175,97.0412399008059,-278.308740309226
28025,999,-0.325035461652846,0.261888622155304,9.78797191379282,622.676965498825,93.7811851887226,-277.17286244663
28035,1000,-0.325202002974715,0.261617607915392,9.78860785062024,631.36107895674,103.846640848741,-265.749961683271
28045,999,-0.32511576162765,0.26040814159307,9.78847109384395,636.674480526047,112.826694864043,-275.082222188051
28055,1000,-0.326093043130603,0.260883699457392,9.78881289444589,633.985780834489,105.487011095108,-278.583549469531
28065,999,-0.324222483238961,0.260376372599405,9.78847284919323,655.316702621312,114.804947648354,-265.124172535345
28075,1000,-0.32573685845544,0.261437884936377,9.78855176435387,645.154842743107,102.857061880862,-276.00034336266
28085,999,-0.325770906866508,0.262047681184278,9.78861460793995,647.0757232083,110.755944852169,-259.512453946527
28095,1000,-0.325637176287273,0.262122952715422,9.79011755076295,635.468624587418,116.300628918641,-265.1453815306
28105,999,-0.325863871870198,0.260986098780138,9.78871518945735,636.691939068346,109.861138198494,-263.281108096861
28115,1000,-0.325806592738371,0.26240421805146,9.79051857421716,643.70769131904,114.82006143041,-260.006450232889
28125,999,-0.325319926632347,0.26102858094557,9.78851462907707,648.846016340737,93.102144138515,-264.87659671525
28135,1000,-0.325617914385836,0.261971217272101,9.78729395946147,652.017282662718,94.7837963630344,-263.743854813042
28145,999,-0.325608191641885,0.261671882393166,9.78855289756084,660.761737227657,107.485379359484,-258.467133817237
28155,1000,-0.326334443385451,0.261716609495934,9.78794929719907,648.218755180217,97.670487274536,-268.278205958081
28165,999,-0.32473926586054,0.261653806689171,9.78873792569463,647.865324728062,121.361216481876,-267.434880189564
28175,1000,-0.324819961337595,0.260872330739355,9.78823129244888,643.699165371987,102.297109487239,-267.426297561134
28185,999,-0.326363747740111,0.261972864803732,9.78855514075635,625.689826580111,112.195980015043,-275.302289583691
28195,1000,-0.325540860706579,0.261844541625836,9.78767893154436,624.735684540797,106.797779168802,-250.800343362661
28205,999,-0.325327242978395,0.261142328652626,9.78807025111218,625.311446974349,99.3080656421785,-259.980097162262
28215,1000,-0.325515606427806,0.262158740621783,9.78742955408834,630.721445261952,99.2274324028422,-258.604923515332
28225,999,-0.325703847313511,0.26151885997348,9.7893621346866,620.988544647543,104.997327711157,-261.575585780651
28235,1000,-0.325090479108196,0.261251827686334,9.7895223238168,660.23247516394,92.8269170037104,-269.240038019149
28245,999,-0.324967561402756,0.261210734654384,9.78936789427094,650.216522787816,99.1820288308704,-261.603094205106
28255,1000,-0.325324408372042,0.261850478278531,9.78755561908549,649.626270919148,104.045387886739,-261.215610538233
28265,999,-0.326141589714027,0.260919116299841,9.78991143787707,647.746108337793,99.614109662383,-267.599930736294
28275,1000,-0.32611876965722,0.261545536095028,9.78801252081209,649.734583456308,107.237682677167,-262.314847179454
28285,999,-0.325245338220783,0.260824364156137,9.78822141912537,646.583547455953,84.7663101735038,-261.355518385011
28295,1000,-0.325419160854105,0.261196480761745,9.78726291587283,641.86759417984,95.2593237841231,-265.200343362661
28305,999,-0.32633622774204,0.2611631170986,9.78820488433321,646.139020163054,96.3686572172285,-268.370166621033
28315,1000,-0.324213763505021,0.260943748303121,9.78723786721724,639.273158802122,86.0390344063508,-261.270572370294
28325,999,-0.324813314958283,0.261297708750791,9.78799663821039,641.451061690148,96.1372666655689,-263.748751312595
28335,1000,-0.324196161299734,0.261949502142652,9.78684645805811,666.722439418742,92.9811676502183,-260.473625805409
28345,999,-0.324734334510792,0.261822552905144,9.78629403344547,642.272417528451,97.5363529724263,-273.101615627292
28355,1000,-0.325352359776088,0.261699317102355,9.78688106136446,635.074573085283,101.411893344517,-266.491946416096
28365,999,-0.325612692546809,0.261483788638194,9.78748622712507,626.221247030887,87.8684509761758,-269.580537297053
28375,1000,-0.325637191664857,0.261360538269107,9.78781567815376,625.047234481244,96.5962040180426,-271.630877713806
28385,999,-0.326174853789328,0.261645130931069,9.78870502446741,618.43885207934,93.2670394529141,-261.107942564916
28395,1000,-0.324735723995598,0.261107214805112,9.78845840944641,620.053050548162,80.1923063235445,-256.708740309226
28405,999,-0.325664448051021,0.261259478122515,9.78656750113666,614.397739057449,83.5174697504187,-254.698479666904
28415,1000,-0.324857266987612,0.261538602017862,9.78720282089722,621.794641597147,77.0418568084687,-267.453778477164
28425,999,-0.325127514813309,0.262034663474284,9.78852966366734,639.041366965637,91.7961441213346,-266.994745398284
28435,1000,-0.325751461333518,0.261591668345751,9.78690850976571,640.125821738084,87.3088803209718,-256.928587637469
28445,999,-0.325264937364452,0.260892531498439,9.78850720080988,631.974429036353,86.6375595130543,-265.59181575108
28455,1000,-0.325162820735474,0.260474844572291,9.78863931319016,640.896764500487,90.572024183445,-254.757595271058
28465,999,-0.324982536568662,0.260931964543108,9.78864370055292,634.889551023943,100.123761661363,-259.457437097618
28475,1000,-0.324368562380609,0.26106887663895,9.78732178475537,628.420735664442,86.8695000065934,-258.165228858844
28485,999,-0.325164445365115,0.261678176011975,9.78722121913478,634.154153833649,99.4057965885647,-261.300501536101
28495,1000,-0.324901362806089,0.261132702318967,9.7864768793005,635.833809659227,88.3644343352524,-263.798816645103
28505,999,-0.325027483356946,0.261361965924982,9.78686044448482,649.278785552972,102.442824370395,-268.287641347668
28515,1000,-0.325082013035976,0.261145195748235,9.7861008273861,655.565523916181,99.0096362825418,-254.455305194722
28525,999,-0.324130518931004,0.261571277318885,9.78778949387276,656.481253506042,76.5910770638133,-261.272993111646
28535,1000,-0.324842158897954,0.261958477598603,9.7880337057724,650.728456738641,75.0721574325766,-262.012557103119
28545,999,-0.324160615093579,0.261066857890959,9.78649041017195,630.46574183658,85.0308304191101,-264.463970348425
28555,1000,-0.325659217587155,0.261410771096415,9.7881013168497,643.67382091948,86.1362519061746,-264.375915881745
28565,999,-0.324443188371693,0.260922650578249,9.78760915141564,631.285905637352,92.3292364134094,-255.963867191833
28575,1000,-0.324498407175813,0.261347556854612,9.78840528662063,627.351019274266,92.3692217182075,-260.995763209989
28585,999,-0.324797965282479,0.260626562745378,9.78855985217983,626.920129459303,70.3587629133639,-252.690364681689
28595,1000,-0.324254283898176,0.260696670873225,9.78803717402506,640.690550070393,86.0206968709213,-247.997289927546
28605,999,-0.325536547586782,0.260987120188573,9.78726416232119,642.786699290383,74.6712431510033,-255.221139731549
28615,1000,-0.326007877624129,0.262450709330514,9.78900427919727,639.242009313102,93.6211623606742,-271.301106721439
28625,999,-0.325070186379288,0.260719944946412,9.78699524945511,654.239476917574,96.0455114116174,-263.226091247951
28635,1000,-0.325164889167808,0.261320864839088,9.78698113208336,649.3268558026,100.915603827854,-266.244618171821
28645,999,-0.324864109121249,0.260354896230923,9.78885749579384,649.313893696422,91.0755077117989,-264.49147877288
28655,1000,-0.325058278669956,0.261055658009918,9.78743796679239,655.030465963933,94.8104180125718,-278.748434965714
28665,999,-0.324477307776601,0.260279749639041,9.78700201638351,647.111364652441,90.9092828106011,-261.520568931741
28675,1000,-0.325342338531351,0.259727202168083,9.7885923242378,642.700850215063,91.5726133462787,-263.056831912279
28685,999,-0.325641436631037,0.261461526971061,9.78804613930864,648.356965803001,93.7464839831676,-262.015720571931
28695,1000,-0.326005725222453,0.261403274206354,9.7871012232332,645.050528929218,87.242667172062,-266.959121988615
28705,999,-0.32614746912026,0.26103569693014,9.78934392509822,644.809192542296,67.4950131719361,-263.22609124795
28715,1000,-0.324908286371444,0.261561308964163,9.78884101550728,649.945560125649,78.964562949474,-268.22324412602
28725,999,-0.325091342996244,0.261827089904875,9.78885040240381,649.104821327682,89.6931401964156,-251.92012879695
28735,1000,-0.32552059485719,0.26066447785345,9.78814720506663,640.97180506008,98.1435569037946,-259.566755576401
28745,999,-0.324921014925812,0.260341183089913,9.78840230868164,643.501398182801,101.69064744884,-249.609421142731
28755,1000,-0.325204161693865,0.260979028026573,9.78827932541964,646.894794660822,89.7152759378288,-261.353015118386
28765,999,-0.326261192505775,0.261388230259974,9.7882390913787,620.495785174976,103.866370409342,-262.868481730036
28775,1000,-0.325141940304574,0.261124257162057,9.7886012514957,642.856691011649,89.4764223662754,-250.77286244663
28785,999,-0.326111615260188,0.260954478274174,9.78805291679251,631.630558261039,101.256827806409,-253.955752206619
28795,1000,-0.326030604476208,0.260579992809207,9.7884221784542,632.730183720527,110.195090525009,-247.942328095485
28805,999,-0.325867844756268,0.260751574673952,9.7879517556313,643.927248608503,99.1333790267775,-249.9945390851
28815,1000,-0.32581412211691,0.260219617190427,9.78714727366997,654.236219232657,84.9705297896037,-260.226297561134
28825,999,-0.326217599416163,0.26108610131243,9.78832247649697,642.728091880725,84.1543650282123,-262.675922758851
28835,1000,-0.327791640872125,0.261215505706595,9.7873842788061,632.893870045295,93.4783083717828,-258.165228858844
28845,999,-0.325880561754111,0.26120123216264,9.78827245804266,641.528676641664,101.160034702788,-254.560937544629
28855,1000,-0.325749269755404,0.26023842237138,9.78652816565774,637.90541684752,81.5130305045635,-259.676679240523
28865,999,-0.326671877091586,0.261628708320481,9.78762330078462,649.456590332697,96.314320389682,-258.494642241692
28875,1000,-0.326624986784915,0.260246121866362,9.78722449987195,654.114752608415,96.0926324669412,-260.473625805408
28885,999,-0.326319359781121,0.260646880037297,9.78880255375095,642.876526232804,105.612671528659,-269.442995174778
28895,1000,-0.325928871879881,0.260850549940661,9.78638002851953,629.893618479121,89.7477164581681,-254.647671606936
28905,999,-0.326239563618923,0.262246232269911,9.78743265804109,640.857433872033,94.0063314527176,-260.007605586717
28915,1000,-0.32587111682054,0.261480199476892,9.78651132467606,651.142258128036,83.7834866502712,-264.540801377928
28925,999,-0.325005486559843,0.259788870410633,9.78588437368832,645.680986427995,91.9150496376283,-257.119221018943
28935,1000,-0.325442063827519,0.261096768575134,9.78587493138603,644.146088493773,102.397420976783,-252.751488400829
28945,999,-0.325589694009922,0.26079804258232,9.78584372310669,650.979980010667,91.8377798658194,-255.798816645103
28955,1000,-0.325742516954728,0.261156380780197,9.78539166048186,640.672731079595,89.902800936557,-259.731641072584
28965,999,-0.324889276140833,0.261775742070591,9.78679375923585,654.461061136303,92.7309349297566,-259.705012917712
28975,1000,-0.325299760647391,0.261871804225024,9.78594659123423,651.244337302874,89.5165095863632,-253.988129622202
28985,999,-0.326436201490149,0.261383707530909,9.78338984487143,626.848628981195,107.736764226669,-252.332755163775
28995,1000,-0.325514740489095,0.261683800706243,9.78438225452782,628.160650994492,101.102523619191,-253.32858763747
29005,999,-0.326362717026219,0.26076194096879,9.78639236939412,626.02364238543,105.802006805313,-254.946055486999
29015,1000,-0.327556545068781,0.261610337736597,9.7861383414958,646.642345069246,78.7043753899964,-245.578969316859
29025,999,-0.326289460675233,0.260811455767002,9.7865056649777,651.536553051348,102.838654601946,-262.015720571931
29035,1000,-0.32586507653569,0.262216535333908,9.78551948995047,641.345376117781,89.4068126507907,-260.638511301592
29045,999,-0.326144648418607,0.261788942752812,9.78556452495949,648.148999718749,78.2775755617258,-248.976727380266
29055,1000,-0.32563782990163,0.262184475665537,9.78535456809697,649.125860427866,94.3671117295533,-255.91179374434
29065,999,-0.325500205994323,0.260886689242873,9.78633426388471,642.417614305191,94.4033920228958,-256.761611501028
29075,1000,-0.325290042381484,0.260985134793276,9.78601180943595,642.210559575864,88.7576975760961,-259.127060919913
29085,999,-0.325945317395922,0.260861080814176,9.786427553142,622.274124382718,84.8926417015641,-266.527102182549
29095,1000,-0.325595912360572,0.261426515178636,9.78571601090113,620.472055782755,87.1079544070839,-260.061412064951
29105,999,-0.325818940677832,0.260998729062766,9.78589032888659,630.904992656298,76.6107572034369,-257.696897932498
29115,1000,-0.324468371337943,0.26102855599113,9.7866792675046,626.231146565645,95.2324318537526,-257.890419698539
29125,999,-0.325852067272629,0.261377276963923,9.78544976835479,639.771509858039,77.164980047482,-253.955752206619
29135,1000,-0.32562043972406,0.261791938790488,9.78582331916226,631.845100092649,95.0363702942372,-243.792709774874
29145,999,-0.325511416837268,0.262748086943124,9.78641081044619,630.510677788125,105.772878352486,-246.280901783677
29155,1000,-0.325774302229621,0.261202782101844,9.78575337623275,619.430124475268,102.560093517393,-256.818663973348
29165,999,-0.32603551681807,0.261735929068839,9.7862982345196,640.681724879986,87.0723764916091,-259.705012917712
29175,1000,-0.325589347018027,0.260847821814784,9.78529598676599,629.897008482271,86.7049760868162,-255.801870080218
29185,999,-0.325862474572486,0.261405405484966,9.78396227048895,622.243601697816,99.281274947498,-259.512453946527
29195,1000,-0.325423533362185,0.26190160665316,9.78536481293701,616.64652087378,93.385002485027,-253.768282293958
29205,999,-0.325269744295445,0.26054360396621,9.78609204290708,621.409059004147,95.3603686970036,-262.895990154491
29215,1000,-0.325422990387034,0.260634027725737,9.78404054170277,636.779212097005,88.29990609573,-252.421717408462
29225,999,-0.324291556499671,0.261207415728664,9.78596318508096,634.29515908993,93.4754362581872,-264.353936650605
29235,1000,-0.325618467645551,0.261794643423881,9.78605964717642,624.463759234931,109.444152027513,-256.131641072584
29245,999,-0.32482991546397,0.261645937002147,9.78638116254525,610.530413684387,97.7499847954391,-263.473667068045
29255,1000,-0.325089821117653,0.26115588446624,9.78644015106222,624.145441755252,91.5063259414306,-265.200343362661
29265,999,-0.32461853805852,0.261438488456402,9.78493482867786,613.354162327998,96.2142703221209,-264.16137767942
29275,1000,-0.325797151254033,0.260513912670931,9.78485474226805,620.048224646124,113.676047155287,-250.910267026783
29285,999,-0.324601426128691,0.260737576803134,9.78385489053272,621.427018554928,86.9423230507482,-253.488108990884
29295,1000,-0.325606741835355,0.260496947095119,9.78449403497389,613.217846157927,100.4669461753,-260.583549469531
29305,999,-0.325868488706478,0.261715179947285,9.78437415134959,620.812480408796,102.296252228969,-258.659692788422
29315,1000,-0.325607979854765,0.261242658389299,9.78615225655445,617.60176699313,101.401502046442,-250.992709774874
29325,999,-0.325866936786878,0.261801321982418,9.78494966808648,604.783877866584,108.724350982051,-258.769726486242
29335,1000,-0.324779830168128,0.261765991211878,9.7852508340877,604.692814803379,119.195431180712,-261.765228858844
29345,999,-0.325651649536578,0.261448491255132,9.78509808973653,624.309718151888,118.347868793975,-256.541544105388
29355,1000,-0.325448934363994,0.261224308094677,9.7852122308803,608.703174101807,106.138903119677,-253.383549469531
29365,999,-0.325346893463337,0.261175954016085,9.78443553372415,631.715378217605,99.9864026998743,-261.383026809466
29375,1000,-0.325709927191882,0.26177433753402,9.78417591489197,619.589204803966,98.5438804867031,-258.52248076724
29385,999,-0.32594903879445,0.261692829084746,9.78564071255606,621.726190678494,106.018023448826,-245.400632201117
29395,1000,-0.325401612702658,0.260788830177821,9.78567688696267,610.577214963835,115.393849776814,-242.5560685535
29405,999,-0.325023749136906,0.262200108067292,9.78595149035464,621.555271361646,112.844506653371,-259.072319155247
29415,1000,-0.32514483397046,0.262553173473233,9.78686264168894,636.720900269276,107.830432389205,-256.351488400828
29425,999,-0.325525866616773,0.259972073657579,9.78664493769314,630.82007382999,99.1556257640529,-257.971982177047
29435,1000,-0.325529031929458,0.260829234112828,9.78643195747633,616.868575748613,109.442995832002,-254.235457866477
29445,999,-0.326046857648055,0.261003827108307,9.78430795493285,619.08014673297,116.623107110579,-251.81009509913
29455,1000,-0.326043733633402,0.261708900632825,9.78467530479334,628.178359499783,98.862786890225,-266.766755576401
29465,999,-0.326206674442432,0.261570487538648,9.78435561259335,604.971410248601,118.415367062155,-257.779423205863
29475,1000,-0.325785154830237,0.261531138093081,9.78426213689675,616.647444135347,116.563777880423,-268.580496034416
29485,999,-0.325238869380617,0.261755709344055,9.7846559120682,621.006924385041,115.414903813288,-260.695316198092
29495,1000,-0.325177409384207,0.261321064040164,9.7853072081403,620.030286747113,112.682628834435,-262.507213591668
29505,999,-0.325385542265881,0.261849812232332,9.78347116192331,607.458587984777,105.467941169289,-254.313361724534
29515,1000,-0.32550433225572,0.262267509828287,9.78472386096052,610.624583090452,113.683980692139,-265.337747942813
29525,999,-0.324858213832463,0.261714741715728,9.78486944468883,610.145970648339,112.159849865513,-251.0948760633
29535,1000,-0.32583109155553,0.261383640042929,9.78422479923602,622.735017141153,116.414721798925,-264.485839545867
29545,999,-0.325442327340078,0.260469120249188,9.78569148185916,604.945128143807,123.871738283596,-264.6015124707
29555,1000,-0.326154891290623,0.261187364375138,9.78563531395676,608.647608918056,129.561392963923,-261.105686874111
29565,999,-0.324635273472181,0.26217099559617,9.78520256219495,614.156481156284,130.711280135403,-263.968818708235
29575,1000,-0.325535981039543,0.261105996606717,9.78341051894589,614.053121689858,124.647128700762,-256.846144889378
29585,999,-0.326455328913592,0.261948892644256,9.78212806281428,601.36667035357,130.376211913083,-255.413698702733
29595,1000,-0.325882063653389,0.262003995667174,9.78403061048909,608.637074457216,123.036594072906,-260.748434965714
29605,999,-0.326122280507357,0.262014629584007,9.78417053119671,625.692031898165,124.310983058592,-251.479994005671
29615,1000,-0.325986213276992,0.261278108023034,9.78287806588776,610.345770879297,118.597770730918,-254.207976950447
29625,999,-0.32523295107119,0.261452863526704,9.78365463783987,627.438849288634,118.399849404455,-257.311779990127
29635,1000,-0.325661350807652,0.260552876390425,9.78421945557769,614.505669734194,118.184663799335,-253.658358629836
29645,999,-0.325166442014564,0.261782217563747,9.78323590298991,619.673872439153,102.542161133384,-260.365215104632
29655,1000,-0.325158431498624,0.261491275260725,9.78436355597475,616.709179620384,98.8901985557942,-263.441564736706
29665,999,-0.325828230967158,0.261963094547163,9.78373884855351,629.323784209752,104.523167481125,-267.269829642833
29675,1000,-0.325379934835082,0.261606982827526,9.78413161351794,619.049011546104,106.664259381372,-252.806450232889
29685,999,-0.325166380802716,0.261294553234791,9.78385716558239,639.418817474939,105.233320091646,-250.572215998656
29695,1000,-0.325651376723028,0.261724986706286,9.78297684930935,623.328869850811,101.661682888231,-259.786602904645
29705,999,-0.326044544273129,0.262237943407718,9.78339167821548,620.405069250256,104.286174903708,-251.562519279035
29715,1000,-0.325787815803126,0.261670537715599,9.78393707362954,610.165902946114,98.9023257757079,-252.971335729073
29725,999,-0.325735870546626,0.261350042181661,9.78239581362674,608.801974045787,108.41075039795,-254.148311177804
29735,1000,-0.326440916714134,0.261615700053665,9.78368411743209,610.396542139899,99.7269259218121,-257.47820595808
29745,999,-0.32492410024671,0.261796063084985,9.78354451905435,619.571106486351,96.0595303029566,-263.253599672405
29755,1000,-0.325911047630526,0.261767805557883,9.78380190174759,620.989708903915,92.5936199106829,-262.754541835943
29765,999,-0.326179453982896,0.263188403961003,9.78283262947314,596.580787489058,115.410665066393,-248.976727380266
29775,1000,-0.32589911707153,0.261071643596736,9.78357269531802,612.801939623743,88.6359237990419,-251.26751893518
29785,999,-0.325666285037533,0.262366719825262,9.78447608233259,623.596882932186,81.3468230493732,-262.730939607761
29795,1000,-0.325348869435739,0.261330332574991,9.783854089796,598.88742273178,92.5037819731518,-250.333167790142
29805,999,-0.325848672325485,0.26061133042111,9.78324835943006,597.018405250628,94.9035306501169,-263.77625973705
29815,1000,-0.326159409124018,0.262215888175153,9.78424452341469,588.710390037944,90.8545155236289,-245.386602904645
29825,999,-0.325762941335765,0.262326843531775,9.78467576250031,611.233102672821,96.1453547248028,-257.724406356953
29835,1000,-0.326232579964165,0.261720644170541,9.78418354670936,605.116167672933,96.8860237422533,-261.160648706172
29845,999,-0.326272551125884,0.261934307848356,9.78535114791266,593.063052069518,104.086726665675,-247.436255610786
29855,1000,-0.326789758644417,0.261948625552276,9.78309848727492,597.986496914677,99.5923598819369,-244.919427332126
29865,999,-0.326772804252324,0.261391685231509,9.78466862833963,604.857043049292,101.408356801656,-262.813464881126
29875,1000,-0.325357777437377,0.26140524865534,9.78422378563374,609.743095161218,87.8074080546169,-268.278205958081
29885,999,-0.325875431818451,0.26150802440825,9.78265206829839,625.148563232064,94.297117817526,-258.797234910697
29895,1000,-0.326475403343073,0.261535842066126,9.78468998040614,631.790160481035,99.2098109859206,-256.43393114892
29905,999,-0.325133332016188,0.260194255541925,9.78403347097199,614.857674936816,86.2483684979375,-262.785956456671
29915,1000,-0.32502094238275,0.26092652296605,9.78461355506645,609.48861319734,99.4269112317615,-263.469045652737
29925,999,-0.325803358035109,0.261174238105792,9.78354737267783,604.85388994405,88.2400908532524,-247.408747186332
29935,999,-0.326125089926848,0.261508239306728,9.7830677523569,608.659112258201,105.859715923436,-257.641881083588
29945,1000,-0.325352197729187,0.260670475687622,9.78348027040554,606.151633224412,109.705535408139,-262.369809011516
29955,999,-0.326210874492092,0.26062935227343,9.78407919818152,588.773638770179,102.192660668056,-260.337706680176
29965,1000,-0.325644594417528,0.260872845241942,9.78402626487251,613.804811138749,102.89573801679,-260.418663973348
29975,999,-0.326073279106216,0.260449685560009,9.78290639118275,611.331984224774,94.1730563641439,-260.117639284537
29985,1000,-0.326023849897222,0.260666798773373,9.78423363714716,618.527545085779,87.9490169886228,-255.114847179454
29995,999,-0.326841383799654,0.260884964363409,9.78402102208315,608.026964850864,107.202521173037,-268.370166621034
30005,1000,-0.326018203780848,0.261209096656401,9.78319780678267,615.104435724003,103.149039775245,-262.672099087851
30015,999,-0.325988339248806,0.261152454810921,9.78406966277189,610.974704301833,104.06823097581,-253.900735357709
30025,1000,-0.327019915920642,0.261034729413636,9.78358393488342,606.593787027744,107.274395022255,-252.119427332126
30035,999,-0.326498208297534,0.261079844965618,9.78335814818146,594.367159332371,103.324950938924,-255.386190278278
30045,1000,-0.326183469341378,0.261435709848667,9.78388003698349,597.971895483539,107.289981140876,-244.287366263424
30055,999,-0.325641719300632,0.2599774058698,9.78428044045782,603.755339138019,100.272600576383,-257.311779990128
30065,1000,-0.326078258971399,0.260904526986961,9.78409191855295,604.583346316179,105.456348240099,-248.491946416096
30075,999,-0.326343856661433,0.260489361469484,9.78493442732994,590.921797343811,111.505903492023,-257.009187321123
30085,1000,-0.326353281831796,0.26125734662378,9.78388600725053,598.553205401927,114.806811448501,-250.855305194722
30095,999,-0.326262337928254,0.260506494691988,9.78248655300582,585.457078901755,112.441372037258,-255.688782947283
30105,1000,-0.325458773958453,0.262156971742531,9.78397408831147,598.587215117902,113.10247307994,-247.062938782508
30115,999,-0.326779790122573,0.261993864715834,9.78274171027506,601.59899162488,123.002764349259,-249.004235804721
30125,1000,-0.326706113143793,0.26211475822514,9.7829048563985,597.611726414389,116.07666224675,-245.194236492431
30135,999,-0.326494373721384,0.261158616623022,9.78333951913159,595.400988791995,109.807526214963,-254.285853300079
30145,1000,-0.326308603461144,0.261097649824036,9.78354706031476,625.363630000269,96.238334910164,-256.021717408462
30155,999,-0.325877930991731,0.260236742683879,9.78231875710963,594.439302677765,100.07481065375,-258.412116968327
30165,1000,-0.326038923696068,0.262217539461797,9.78404718166118,593.317994384244,111.452719858524,-253.273625805409
30175,999,-0.326819176367513,0.262672220171114,9.78478387016689,607.632239406521,109.887998094443,-251.122384487755
30185,1000,-0.327527981015294,0.262340100842934,9.78399967397865,593.268892058351,123.754357876794,-253.218663973348
30195,999,-0.325925076474209,0.261234476978046,9.78312787768695,589.725208226505,118.216519267017,-245.868275416852
30205,1000,-0.326631128256402,0.261103070814812,9.78388551178592,603.365477394815,112.844541556083,-259.099580003882
30215,999,-0.32729159073343,0.261989856719397,9.78446682943137,581.411041073233,133.39313133258,-248.261508344436
30225,1000,-0.32772717032855,0.261575001832112,9.78287499276566,579.380692066761,128.981898856455,-256.104160156554
30235,999,-0.326910205869245,0.262242280845561,9.78337393847377,593.086411033971,125.261104246472,-249.499387444911
30245,1000,-0.326434757830034,0.261784351499488,9.78382488902879,601.190472530021,117.707858734043,-247.859885347393
30255,999,-0.32708921254034,0.26169344918739,9.78256733017811,602.464172761929,115.110067068767,-250.352148603015
30265,1000,-0.326597967108578,0.261871548936585,9.7832099749401,591.706702219482,117.225778378054,-246.183549469531
30275,999,-0.326443919035463,0.261824241379599,9.78489651179147,601.561838806647,110.888186396968,-247.243696639602
30285,1000,-0.326871659698105,0.261660255469634,9.78348595765688,601.412522147023,100.701770151038,-249.041564736707
30295,999,-0.325812189399651,0.262679528060352,9.78316552224183,601.364435682059,109.334664192364,-248.151474646616
30305,1000,-0.325992726583344,0.262206672307163,9.78373373379129,604.010796966171,114.872323298803,-248.821717408462
30315,999,-0.326346912173927,0.261229850813408,9.78431681971927,604.042752622352,112.882166183003,-244.850463712018
30325,1000,-0.326742098146626,0.261989266490454,9.7846607631476,604.312547216018,129.452357530847,-247.035457866477
30335,999,-0.325104161844952,0.262845010810746,9.7841257722222,614.470149286382,123.228232852939,-245.483157474482
30345,1000,-0.325565674962001,0.261826414853907,9.78418417721054,606.776989967649,119.76290653509,-241.044618171821
30355,999,-0.32584241992645,0.260993958091551,9.78427585957608,599.925168757611,125.538773788781,-258.137032723777
30365,1000,-0.326704966617366,0.261595345747279,9.78484492818473,576.019652275324,123.92031216609,-257.230877713806
30375,999,-0.326794544825696,0.261840150894325,9.78271444819744,575.899131528143,131.38113372118,-254.148311177804
30385,1000,-0.326381768818127,0.260882227649504,9.78320428881688,592.876543389686,109.815631365242,-260.308740309226
30395,999,-0.326025669900267,0.261699542475312,9.78222419675584,601.658147142527,121.573422602544,-251.6450445524
30405,1000,-0.326056263725139,0.262022089787666,9.78277186214759,593.775237253597,118.736432991368,-253.713320461897
30415,999,-0.327289442555024,0.262848601740791,9.78249190504043,593.122299721286,108.010991345762,-254.725988091359
30425,1000,-0.326843866642504,0.263027572789107,9.78325926847642,606.202804664694,111.3083647418,-259.51179374434
30435,999,-0.326544754947739,0.262527377337066,9.78313876338852,590.630691510702,96.5984683647961,-261.548077356196
30445,1000,-0.326231175285941,0.261436481123281,9.78304700507475,593.736844050497,97.6633094650042,-248.546908248156
30455,999,-0.326219135053758,0.262949928915467,9.78251808633845,600.77201205062,103.748280350354,-252.800398379509
30465,1000,-0.32613137607238,0.261980682570755,9.78371297929063,599.579497448426,93.5769785811988,-244.919427332126
30475,999,-0.327018988839477,0.260668830884276,9.7822468240955,592.382411805133,94.0665109156787,-259.182352853067
30485,1000,-0.326430643237855,0.261567185562968,9.78261077452732,593.157429650139,95.3241787764319,-262.534694507699
30495,999,-0.326658297881071,0.261896384619536,9.78258378437925,582.607443741449,110.716106474012,-244.850463712018
30505,1000,-0.325939098030032,0.262491444769857,9.78109172248515,582.662158884715,81.631589225839,-254.070572370294
30515,999,-0.325529849159214,0.261304125425374,9.78145925854281,596.782422710416,92.2070659165936,-270.323264757338
30525,1000,-0.326485607312483,0.262626651222657,9.78125953012839,581.267227049991,89.3654036547462,-251.844618171821
30535,999,-0.326684560906155,0.262562629265129,9.78271427350046,584.523954359826,82.7265564866521,-254.010769055529
30545,1000,-0.325916660258707,0.261838538973138,9.78238344058123,592.803777631983,88.4211864657406,-262.06751893518
30555,999,-0.326490795327442,0.26162852324994,9.78072589392232,590.336035718999,83.7808964938533,-259.980097162262
30565,1000,-0.325615443302953,0.262841577666781,9.78126313039112,602.629243918689,98.7422270301977,-262.369809011516
30575,999,-0.325595175237862,0.26177109828585,9.78229368757532,586.02924873641,102.411112698421,-255.193631307093
30585,1000,-0.3265872297967,0.262070567837784,9.78286361908899,582.372608541736,108.929684392958,-262.644618171821
30595,999,-0.326034607591364,0.261819596411667,9.78331564900119,587.461615304218,101.81317860644,-255.358681853824
30605,1000,-0.326088906925733,0.260999715447423,9.78283065116258,604.803203288554,97.6016052761533,-261.655305194722
30615,999,-0.326446962263251,0.261841963987172,9.78266373817154,583.292096146622,99.8006421335607,-263.308616521315
30625,1000,-0.3253984856057,0.261454196776215,9.78226826596609,583.68349750887,97.795001333982,-255.856831912279
30635,999,-0.32751524763956,0.26248876850872,9.78253543150672,591.74821829169,95.3664662204407,-266.334543211364
30645,1000,-0.326730355808801,0.261950757965684,9.78280611244703,586.585184205792,88.6673393753268,-254.702633438996
30655,999,-0.327158206555747,0.262237451131545,9.78288636295276,577.04003800056,101.686561294354,-258.907268608517
30665,1000,-0.326684554391028,0.262082572345222,9.78224609010576,586.500176893526,100.372763286866,-254.565228858844
30675,999,-0.326190452639806,0.261304570191663,9.78238257493719,595.274710459187,88.2368375502641,-260.997908867096
30685,1000,-0.325960755334267,0.261431455081148,9.7816555273296,588.57298055557,82.7647305169817,-263.881259393195
30695,999,-0.326332475433475,0.261385301057709,9.78256714229482,587.354479613458,84.7057847414805,-270.680874275253
30705,1000,-0.326159436781102,0.262760038525348,9.78303152548636,581.804616845099,91.2939111078017,-263.936221225256
30715,999,-0.326029600255612,0.26283233362565,9.78129904181789,583.86677529875,76.4420302602897,-261.025417291551
30725,1000,-0.325661332789489,0.263283439827744,9.78133173771205,596.66961490543,88.4903895347612,-269.514847179455
30735,999,-0.326727836524352,0.262471351516221,9.78193765023388,606.86598334619,96.4168548482613,-266.362051635819
30745,1000,-0.326309178027,0.262151733549513,9.78200635551925,592.708102858437,86.7825539544511,-263.881259393195
30755,999,-0.326681016244738,0.261954827567672,9.78064151594915,602.910664691815,79.673555077418,-268.260132923213
30765,1000,-0.325729877454232,0.262394199983198,9.78149479120396,576.65254328281,83.3527651593403,-268.553015118386
30775,999,-0.326338255485718,0.262601078639229,9.78080133609067,588.414033703613,83.9247302507973,-263.638717614775
30785,999,-0.326573924016548,0.263458474221873,9.78063945376621,592.204022129121,83.5475970373388,-259.897571888896
30795,1000,-0.32662228110677,0.261049365511254,9.78162756062234,582.369528723424,82.0212213366395,-260.088892980981
30805,999,-0.326450167648371,0.261680157825123,9.78093111120152,597.592169191333,90.4540543630977,-262.015720571931
30815,1000,-0.326941517789184,0.261680169042475,9.78036657732429,582.81136641131,75.1257951841506,-261.270572370294
30825,999,-0.324789743471705,0.261106787377116,9.78149683494378,584.702739442006,77.6340807351403,-262.400838514301
30835,1000,-0.325226882569722,0.261292245205975,9.780842586128,583.995139824328,82.3053653917074,-256.159121988615
30845,999,-0.325669812997985,0.26151708541778,9.78005491714715,594.497334313707,80.7468999472892,-263.143565974586
30855,1000,-0.326260715224105,0.262131103165209,9.78110411732171,583.098750457467,78.9585885189789,-251.81713725579
30865,999,-0.326837631454794,0.261336216513066,9.77998774306582,580.687528372039,56.0132658348578,-247.188679790692
30875,1000,-0.325456466978962,0.26114302811159,9.78008252099914,581.160661062072,82.3468989636757,-261.682786110752
30885,999,-0.326027745989011,0.261132880229304,9.78064482993375,578.90509188994,79.5932257709689,-254.946055486998
30895,1000,-0.325996666223563,0.26094446928747,9.78029308919476,587.232808845637,75.2467153697395,-267.508740309226
30905,999,-0.325485877457154,0.26171602313671,9.78033311518925,574.518704020657,80.8834793259345,-265.37174835544
30915,1000,-0.32606215298105,0.26143541401199,9.77868228273619,582.313944124075,63.7016583925444,-267.893473133653
30925,999,-0.325474618043763,0.261346571064016,9.78025679164651,577.671420189073,78.1258587821299,-254.643462817994
30935,1000,-0.326347001759923,0.26181273429963,9.77992554100915,587.011984814377,60.4554229318509,-259.01713725579
30945,999,-0.326073278256367,0.262575292498631,9.78052034736101,587.956807051691,77.165053967752,-266.637135880369
30955,1000,-0.326379467964401,0.261701277158908,9.77849705266955,589.285270097914,70.1337762726331,-261.655305194722
30965,999,-0.32598970102172,0.261921191414414,9.78062204047687,582.363738970222,71.9164307504169,-255.001072335909
30975,1000,-0.32660669380501,0.261862614251621,9.77882209789316,588.016812724221,61.4420451149745,-255.746908248157
30985,999,-0.326962055531567,0.261868239024589,9.78165724764268,581.536320796187,66.9988849564188,-269.498012023688
30995,1000,-0.326136822168822,0.262253290402563,9.77987298712194,570.339205838963,71.0435817602597,-255.41713725579
31005,999,-0.325987910303475,0.261935402473435,9.78032261432445,584.071022308685,71.0568037345842,-258.357100119418
31015,1000,-0.325330352068931,0.26097556973353,9.78116411484421,582.321923748421,70.4315854998631,-256.049198324492
31025,999,-0.325398892761399,0.261667990265159,9.78004538667195,583.416452400846,84.899769237441,-263.94131028378
31035,1000,-0.326038238386346,0.262148912636162,9.77968691493539,592.988267994789,80.9028772439177,-266.904160156554
31045,999,-0.326050157171526,0.262016779891343,9.77898021371182,578.749321292295,74.089877927372,-257.614372659133
31055,1000,-0.325644378811321,0.261675932564202,9.78042587117276,594.272021483712,78.8073327479073,-268.992709774875
31065,999,-0.326371290642673,0.261538979580502,9.77840157661944,589.172037173011,75.7721184499283,-252.14019619259
31075,1000,-0.325409110553187,0.262688827081926,9.77925619201423,575.700314733807,80.6234504615805,-257.230877713806
31085,999,-0.326531402784732,0.261392964134031,9.77961551178792,582.638604858866,72.4818592151503,-253.873226933254
31095,1000,-0.325524198669806,0.261966279055432,9.78012660620435,592.679079650792,76.9028830246679,-263.688892980981
31105,999,-0.325379173090169,0.261693820798977,9.77981901086564,588.495570728665,77.9161868974066,-253.515617415339
31115,1000,-0.326547027124986,0.262267207207982,9.77957026714843,590.344685110215,59.720830567325,-252.036984584035
31125,999,-0.325451273363494,0.261599112230051,9.77967084648763,580.277691225003,55.3130220047623,-260.970400442641
31135,1000,-0.325809435959981,0.2611607392934,9.78066177943164,589.342973869218,65.8310439689429,-262.727060919913
31145,999,-0.325523031059032,0.26137571230997,9.77916677216122,591.202622460956,55.5758494508383,-258.357100119418
31155,1000,-0.326559134752136,0.261433535751323,9.7798165849414,586.840453890469,74.59591794027,-256.9560685535
31165,999,-0.326743842963598,0.261098651946844,9.77967077988532,590.492754636731,48.9507489026285,-262.263296392026
31175,1000,-0.326626629045409,0.261895640297634,9.78120280211393,592.771827641968,61.0525106715699,-265.859885347394
31185,999,-0.326556133515543,0.262741099705324,9.7798210370641,590.842621921514,64.6969393792358,-251.42497715676
31195,1000,-0.325810164826042,0.262234675367226,9.77923085887679,574.576806139218,67.8762071284646,-250.278205958081
31205,999,-0.326271030172809,0.261308253375163,9.77979601073481,580.534791770214,73.9595106421241,-250.15958963183
31215,1000,-0.326399859710012,0.262170903914349,9.78040393623861,591.95142959375,64.9728323758437,-246.67820595808
31225,999,-0.325673324950042,0.262154611354905,9.78019814220623,589.073886066778,65.7973483454698,-256.734103076573
31235,1000,-0.326238957236397,0.262481086992297,9.78019442075986,588.999542544794,64.357668338659,-261.243091454264
31245,999,-0.326396762623632,0.261423488006754,9.78097036037015,600.27787450087,54.1106763065927,-263.088549125675
31255,1000,-0.326254627926092,0.262330436978033,9.78067452247953,589.898517552296,58.437598257035,-253.713320461897
31265,999,-0.326829638327935,0.261956079494435,9.78038808850945,600.350376972149,55.4003246530073,-252.910432077329
31275,1000,-0.326368986030851,0.262235333844305,9.77873297166393,595.983819951705,69.2432949944214,-240.357595271058
31285,999,-0.327642169060551,0.262720312767309,9.77865340466887,598.476397403808,77.9456254299916,-254.560937544629
31295,1000,-0.3265989053617,0.26135273324591,9.77913118983956,600.333156320979,81.9103508854785,-255.444618171821
31305,999,-0.326885775457179,0.262524249597,9.78093885520184,592.067429296938,73.2164447476927,-247.903898826522
31315,1000,-0.326996659836178,0.261008249231711,9.78071504404792,577.955024587972,75.0227313281819,-249.426297561134
31325,999,-0.325414450268368,0.262221237135173,9.78073913697482,582.700414905352,74.6519179577637,-244.850463712018
31335,999,-0.32598574187238,0.261835233470415,9.77966724331307,587.886045851242,82.6066474960255,-255.523732400553
31345,1000,-0.32667051202397,0.261727287082567,9.78002685671183,580.573370416696,68.4502292318829,-247.255305194722
31355,999,-0.326651868086096,0.262244920670201,9.77956764843505,587.672265035455,72.0713631999979,-254.560937544629
31365,1000,-0.326713064291142,0.261795135569896,9.77974370908254,595.575587698018,95.309351880365,-253.053778477164
31375,999,-0.325822677599606,0.26160966409308,9.77961586307047,591.516608205441,75.4973562029379,-245.648208021212
31385,1000,-0.326064515579007,0.261773409363503,9.77910883921278,588.744403391051,69.0745963464963,-248.052251759607
31395,999,-0.326646947689527,0.26147842827398,9.77849157455836,566.655974525346,68.1135988031082,-253.047974199604
31405,1000,-0.324910291737601,0.261182637289923,9.779677384883,583.187442104008,58.8020187907402,-258.549961683271
31415,999,-0.325599462001169,0.261692604449552,9.77930522396916,590.838209593267,70.144830957814,-249.361845322635
31425,1000,-0.326369574577993,0.261193169249,9.7776698387602,607.622841865304,48.7091070779482,-249.398816645103
31435,999,-0.325965107414734,0.260981044765799,9.77842987066777,593.745586731843,42.0172147628955,-246.198376510312
31445,1000,-0.325804373201734,0.260921727077907,9.77890580055765,612.533778247482,55.3779379370466,-255.801870080218
31455,999,-0.326274392699881,0.261266016411668,9.77960771843948,597.148024230234,51.5250517816712,-255.606257673919
31465,1000,-0.326367045929058,0.260731021928904,9.779587934332,570.240914871314,69.0263115161839,-250.745381530599
31475,999,-0.326981415865769,0.26137667185007,9.77847020195891,560.487818289411,65.2891531565575,-240.944267439409
31485,1000,-0.326664093935452,0.26041200404983,9.77741053132065,581.828038103953,61.6363420504214,-257.615610538233
31495,999,-0.32668251723255,0.259950851813306,9.77814656195206,575.27926763379,77.2886979566417,-253.213024746334
31505,1000,-0.32591523524592,0.261714464542192,9.77884906074622,587.540149561484,69.8198331733766,-256.214083820676
31515,999,-0.327119618849355,0.261238247792648,9.77824919339148,580.179541822996,69.8519090963923,-250.187098056286
31525,1000,-0.325635251806279,0.261670193281854,9.77613082808117,586.08320245582,61.4461024683899,-260.748434965714
31535,999,-0.326713012630092,0.26133864915168,9.77762054238318,582.30488754446,76.1924518466903,-251.20490976112
31545,1000,-0.326482732778607,0.261186988950671,9.77649661075117,572.821684197532,86.2519814145712,-252.009503668005
31555,999,-0.326408871133408,0.262057098599647,9.77795368606749,574.245845103194,97.5944499296144,-247.958915675432
31565,1000,-0.326501751523736,0.260696566471972,9.77638812699945,560.409818455207,98.9069185492557,-249.096526568768
31575,999,-0.326614299581945,0.261611635599085,9.77661728891735,582.249694083077,85.23260719842,-244.712921589743
31585,1000,-0.32736995965915,0.262671844003534,9.77887962832908,576.937433445384,105.437593564443,-240.522480767241
31595,999,-0.326649909971692,0.263042762500196,9.77761480413398,577.086753241533,97.6900504422293,-250.104572782921
31605,1000,-0.326812910207001,0.26170137642598,9.77710105563908,587.141139049686,95.8678665820526,-252.614083820676
31615,999,-0.326302547588355,0.261758795224137,9.77662916897264,582.808713898878,103.028072035203,-246.445952330407
31625,1000,-0.326122468921278,0.260376238897696,9.77611807942851,583.303266986502,94.659526216754,-258.027824278691
31635,999,-0.325785159251182,0.262000521744986,9.77739983517779,571.080621754445,79.9122042812609,-256.486527256478
31645,1000,-0.325248977034945,0.261680228815317,9.77706468505806,565.910746917297,90.3352611838903,-261.078205958081
31655,999,-0.327223815120132,0.261200108214016,9.77667615455299,571.961543933451,93.9244702139909,-259.237369701977
31665,1000,-0.326295451099614,0.260814089246018,9.77605647880028,577.692428499811,88.2631444174668,-256.076679240523
31675,999,-0.327002076061855,0.260754370122011,9.77646341945542,566.569790472227,102.468976021962,-248.756659984626
31685,1000,-0.327409762716774,0.261490692750336,9.77740291573173,557.074545819419,101.451722244069,-261.105686874111
31695,999,-0.326501386049088,0.261258687113397,9.77685882967625,562.95766035609,116.574638796664,-263.033532276766
31705,1000,-0.326049125026005,0.261164688094503,9.7777736454912,558.152238611019,88.4669064374919,-250.800343362661
31715,999,-0.325921433989418,0.260283851641633,9.77729568382902,567.935754707139,82.476063614728,-267.654947585204
31725,1000,-0.326265896269613,0.26050244839822,9.77589994122006,576.195744260752,78.5209671302421,-259.51179374434
31735,999,-0.32562595155097,0.260376372104655,9.77627984493776,563.022579844721,79.59313190783,-249.554404293821
31745,1000,-0.326523370648503,0.260593468722526,9.7769002178145,563.88815444922,80.2831220250532,-256.131641072584
31755,999,-0.327483746467409,0.26003476683845,9.77655111570802,569.675464337319,82.5766619025354,-241.631978050784
31765,999,-0.326693387696608,0.260630820649452,9.77582245477495,583.007956609598,82.1039918842157,-244.575379467467
31775,1000,-0.326642707143583,0.260519379506058,9.77573026344297,574.802932021929,103.026036585267,-244.122480767241
31785,999,-0.325993562194649,0.261240615705172,9.77595481672469,568.932467012171,98.2299961604564,-242.539756057798
31795,1000,-0.325481722808988,0.260744622064513,9.77632253173107,564.47980978139,101.16359760149,-247.69499985121
31805,999,-0.325706184074935,0.261897523238226,9.77616863481792,585.380455626194,97.9496882049421,-252.91043207733
31815,1000,-0.325442328179096,0.260777254334518,9.77649769246296,581.719973570027,99.0984743173794,-244.040038019149
31825,999,-0.325429624007668,0.260200970384176,9.77651298722486,574.01775011705,101.024758683011,-248.976727380266
31835,1000,-0.326173355072885,0.260707467460033,9.77614389217294,581.311732187571,101.659332674995,-249.426297561134
31845,999,-0.325663219960305,0.261177577874801,9.77668881226622,568.835530418189,90.0238467822603,-245.455649050027
31855,1000,-0.32576760606741,0.261560958320534,9.77675805942301,576.175899433677,86.39551911123,-253.163702141287
31865,999,-0.325242993733105,0.261212259269618,9.77510951867144,569.325318474086,94.5975464765864,-260.887875169276
31875,1000,-0.326650894882585,0.260636026004214,9.77576565581049,569.44867575846,95.6054694696728,-245.991183057317
31885,999,-0.326421671286409,0.26050794932258,9.77566973228365,572.188404366383,94.869879547233,-241.659486475239
31895,1000,-0.326292369938824,0.262529856456609,9.77406512837921,561.988077554277,93.9326395112015,-239.45072504205
31905,999,-0.324978799780014,0.260280568061927,9.77600260290588,570.932695909838,83.1960845529631,-251.012350789936
31915,1000,-0.326162841917931,0.261232096631522,9.77570066157139,545.207648084817,90.2062025220999,-239.313320461897
31925,999,-0.325918171267582,0.261350114860092,9.77499294210448,542.14417176819,69.0512358315886,-238.551034511825
31935,1000,-0.326014709353435,0.261339243886248,9.77433264487464,546.229732554443,64.4861973987037,-237.801870080218
31945,999,-0.326369858396401,0.260930564321137,9.77486904888689,533.779523730581,81.8231864661042,-252.52531413496
31955,1000,-0.326414313568669,0.261040900519248,9.77437921628204,538.484979987314,73.1817044279677,-241.924007484798
31965,999,-0.32639929995858,0.261375724760586,9.77512504949837,541.258989978029,88.0078740124884,-240.201539979124
31975,1000,-0.325500676211972,0.260978760203918,9.7764894230706,535.470481458791,89.2764642813988,-252.146908248157
31985,999,-0.325661862618112,0.261302487644905,9.77481932029588,535.197065079664,83.0688338877067,-238.74359348301
31995,1000,-0.325511644628749,0.261846350346297,9.7738263579645,541.415030167794,90.9642178827181,-241.429350996248
32005,999,-0.325663843533829,0.261794680181247,9.77524251258508,560.19438256267,90.8485478114919,-250.32464017856
32015,1000,-0.326313315485644,0.261893365352494,9.77545506970559,549.539524097213,96.5122588362888,-241.456831912279
32025,999,-0.325827223256524,0.259748030330651,9.77570452561484,563.826455069671,101.761509922515,-251.31494345894
32035,1000,-0.327239567701474,0.260351359855059,9.77544326962147,565.279929361479,99.3465994705957,-244.836984584035
32045,999,-0.326014017733239,0.262059532688901,9.7737965787768,556.31384819968,92.5470821558214,-238.826118756375
32055,1000,-0.325940754746961,0.261983059842245,9.77546612310493,554.585733630338,77.3707711754166,-245.469045652737
32065,999,-0.326110629565951,0.261082149468679,9.77468067823356,559.395075920328,82.3132719995131,-252.47029728605
32075,1000,-0.326622594559358,0.261034479358351,9.7746299907428,547.702578503997,100.936390297336,-240.385076187089
32085,999,-0.325986633463516,0.26120679889877,9.77476358853977,561.080643823955,82.0081442381107,-249.554404293821
32095,1000,-0.326355285191565,0.262708130872723,9.77454738313903,557.700273623441,78.5456826395834,-258.385076187088
32105,999,-0.32614204123372,0.26194237147005,9.77395095031845,554.41274194201,87.8439922305371,-241.907062295334
32115,1000,-0.326452694278956,0.260927276118899,9.77484774457545,550.991245126503,92.9386956734542,-243.957595271058
32125,999,-0.327107603605323,0.261369925916555,9.77517624221965,559.922042671425,91.5929328829789,-241.274368532869
32135,999,-0.325857046564177,0.261372149531709,9.77577862749278,570.675204069452,87.0025134850827,-254.588445969084
32145,1000,-0.326117906109914,0.26110016930429,9.77395974022285,571.377953834371,87.2475392935069,-241.017137255791
32155,999,-0.326824995907046,0.261640010063707,9.77485615897308,556.470996404512,87.6556839194812,-232.746756951822
32165,1000,-0.325420133620636,0.260860139507559,9.77499776690401,577.159829450533,78.8875075802408,-248.464465500065
32175,999,-0.3264078759328,0.260785568381712,9.7744289574255,577.443658548231,77.2796860757218,-241.714503324149
32185,1000,-0.326323575408421,0.262219342512308,9.77558936153209,577.006176438381,66.3708992487492,-237.719427332126
32195,999,-0.325661678427594,0.261313535622955,9.77538474262749,587.100589064925,66.7293536029263,-243.062416122444
32205,1000,-0.326525785597605,0.261800424281798,9.77460841562816,581.369287025816,68.3597387081856,-235.493473133653
32215,999,-0.325956885965418,0.26144347727404,9.77329470485462,580.573427770556,65.5082725323206,-247.958915675432
32225,1000,-0.325962358865924,0.261068995579545,9.77359554448841,583.27676530651,65.8887862212282,-252.31179374434
32235,999,-0.326381391269376,0.26122588625079,9.77369420353411,590.893348352627,51.0123886118162,-240.724200043769
32245,1000,-0.326837559180866,0.262234908770498,9.77489794150762,593.12809242612,51.2949503547005,-246.183549469531
32255,999,-0.327344611220287,0.261869811544785,9.77396398303471,584.562538192265,47.8970779784105,-256.266459860838
32265,1000,-0.325991744303257,0.261186522389051,9.77340313059132,592.346434498413,38.3880312919228,-254.235457866477
32275,999,-0.326094064117237,0.260971202012731,9.77337759072371,568.957564421156,59.0078760826577,-246.198376510312
32285,1000,-0.32721750072421,0.260318981480998,9.77320980046002,571.449178166616,50.6239061444128,-247.640038019149
32295,999,-0.325975878015424,0.261403650393854,9.77310892464467,567.632699518027,67.9349913670862,-235.965242613056
32305,1000,-0.32618809999092,0.262122494043489,9.77365033652976,556.423669148588,50.5508842132821,-250.443091454263
32315,999,-0.326235245163254,0.261242301915615,9.77400958865279,545.313954314835,54.8606973399858,-242.209654964339
32325,1000,-0.32635931035233,0.261107858780706,9.7726541426549,570.81759260669,61.0697519621563,-247.502633438996
32335,999,-0.326968487016964,0.261861442963632,9.7734198641154,556.755124143107,65.9308469613549,-241.989587568699
32345,1000,-0.326733916033822,0.261452826931711,9.77367571858785,566.989359653093,53.7147298688359,-247.255305194722
32355,999,-0.326534779425626,0.261307950589923,9.7754756665833,559.441474658321,58.1358820005839,-252.41528043714
32365,1000,-0.325998041589954,0.26164007148725,9.774811785741,570.290138973091,63.1954913080465,-245.001870080217
32375,999,-0.326509916986617,0.261140975300868,9.77546382503214,565.604043754794,66.6264174184337,-247.821373553157
32385,1000,-0.326356055470035,0.261880219649045,9.77516609985544,557.88075745204,81.902670211672,-257.093473133653
32395,999,-0.327219783955264,0.261763476283288,9.77329108530056,569.906179271875,67.1944901893103,-248.564101013441
32405,1000,-0.326923615829167,0.262723234746739,9.77401460841718,562.950842765242,72.5156868810715,-251.899580003882
32415,999,-0.326783436286275,0.261202130413041,9.77455875676324,579.165143644649,69.5533487201062,-248.564101013441
32425,1000,-0.327393891515569,0.260867496822592,9.77448900379137,564.223191455701,60.2161058949439,-243.517900614569
32435,999,-0.32698390105941,0.26154740154238,9.77483756332627,551.831851901154,74.1984038834301,-248.233999919981
32445,1000,-0.326484255227222,0.262151464126991,9.77470010806752,542.420147355344,72.9353428236408,-238.9560685535
32455,999,-0.326724887605457,0.260750279092743,9.77415849667139,553.967087027877,73.7922027633824,-240.311573676944
32465,999,-0.326073155183469,0.260684868257141,9.77339490991273,565.11617771486,66.1243305820603,-257.779423205862
32475,1000,-0.327813283171515,0.261405137059049,9.77400215658781,569.416228053038,77.6467106487569,-254.235457866478
32485,999,-0.327167209539901,0.261769848225681,9.7760795797423,558.256093309578,79.3093404424615,-243.997702553913
32495,1000,-0.326893213690117,0.261616520144124,9.77559458308259,557.583475173596,67.1683531643121,-251.597289927546
32505,999,-0.325261714878967,0.261248923701009,9.7748785921539,555.590893206333,56.9171325827252,-254.588445969084
32515,1000,-0.326577991342347,0.260759629713655,9.77482881329769,568.484528176073,63.6566272269252,-252.229350996249
32525,999,-0.326317427073908,0.261238097594257,9.77553251597672,564.306932355028,73.4073766520093,-245.345615352208
32535,1000,-0.326344472084235,0.260322595494426,9.77528225838764,561.658430194797,59.8634898979279,-244.479732675638
32545,999,-0.326413573868946,0.261230074881775,9.77419798134759,566.276374469228,67.221261342434,-249.856996962825
32555,1000,-0.326919223825355,0.261823688469156,9.77369514954987,574.759013308472,63.2709414028833,-241.456831912278
32565,999,-0.326954001858849,0.260596360327367,9.7736634053125,576.121802991592,56.7576477763596,-245.703224870122
32575,1000,-0.326902936595683,0.262392906971804,9.77408615622578,569.734606989465,50.0101151549498,-238.324007484798
32585,999,-0.325961903671922,0.262189594266778,9.77309558057102,577.371045177677,61.3831404671644,-236.762986922251
32595,1000,-0.325875155263692,0.26162272929115,9.77199098784033,571.816275179685,60.5850571090473,-239.395763209989
32605,999,-0.326274675197969,0.26102686365853,9.77228895928379,559.387795912256,66.3289398593554,-238.96366087865
32615,1000,-0.326057764499721,0.262590546248919,9.7713419816047,561.548718634803,55.2969649675886,-241.814083820676
32625,999,-0.325807160933373,0.26249829824811,9.77174978459848,556.658210203723,58.0871464940998,-239.45881251884
32635,1000,-0.326661597671687,0.261134214523514,9.77246921848361,562.711406639533,49.3154785151834,-244.58965633976
32645,999,-0.326516139388584,0.260943535433157,9.77141351612246,566.431038049399,40.8902659244188,-244.822955287563
32655,1000,-0.326799428908414,0.260085801305108,9.77026585907687,552.853874558274,34.8304375664701,-236.730114355027
32665,999,-0.326843277326843,0.261094781808262,9.77036393359833,566.9780732245,28.8067479564397,-226.66739514727
32675,1000,-0.325702997583938,0.260880902142753,9.77014635121491,568.299758977743,28.0769808350206,-238.598816645103
32685,999,-0.326115627122651,0.26182947052069,9.77056976752058,559.18650531735,44.5648599697267,-236.267835282061
32695,1000,-0.325847303955545,0.260859549013858,9.7708578681928,562.613255825404,27.5637570834557,-236.400343362661
32705,999,-0.32603178007242,0.260672686871323,9.77115997196857,587.895305042004,45.3513774978993,-233.709551807747
32715,1000,-0.325118295498936,0.261109123497905,9.76994280476025,577.706022106124,38.3839943384595,-237.087366263424
32725,999,-0.326550237001111,0.261148079318504,9.77126756029808,572.315541461024,33.8757491063007,-234.837397210402
32735,1000,-0.325391681755967,0.261276657373064,9.77055525611736,593.469231929549,28.1494282820824,-243.270572370294
32745,999,-0.325326082855698,0.261620431921668,9.7698648826626,587.792120159356,15.8758818111044,-238.63355978519
32755,999,-0.32657494491975,0.261428105151764,9.77069526216047,590.434444846218,13.2699720677926,-251.562519279035
32765,1000,-0.326480957558291,0.261116947335815,9.77089512463774,582.445140595993,29.225892523389,-238.104160156554
32775,999,-0.325500455874051,0.262304376926924,9.77143797790513,588.792987911488,21.6859141037349,-242.402213935524
32785,1000,-0.325434071872596,0.262192561550077,9.7700090586188,587.220002243366,25.5301545743654,-237.114847179455
32795,999,-0.326166145011624,0.261488919956058,9.77012829958072,591.638622561622,30.1115719574083,-244.052719402823
32805,1000,-0.327043215961158,0.262107963665042,9.77162010732887,591.583395585051,23.7483526732299,-241.182022751974
32815,999,-0.326770761551753,0.26162230795638,9.76890984084861,581.765171132865,43.8322079495036,-240.641674770404
32825,1000,-0.325531436022076,0.262343213647434,9.77024648276215,583.169503855826,37.0428510135801,-238.763702141287
32835,999,-0.325852375510874,0.261602084099479,9.7709549978507,605.269963621083,28.8792709345312,-240.091506281304
32845,1000,-0.325858866969256,0.261395185440916,9.77067545894167,573.024146047021,34.0630644342032,-251.26751893518
32855,999,-0.326492402604636,0.262179546847747,9.77061833541194,591.864796107878,34.5765636112208,-250.627232847565
32865,1000,-0.325996286889149,0.260910772314246,9.76964700775872,584.903515000638,41.0950547560445,-249.316373897012
32875,999,-0.326251880419403,0.261245079304408,9.77000373656749,583.039007278027,45.9049139625069,-241.934570719788
32885,1000,-0.326477398533725,0.261150042840849,9.76966352683204,575.145327803664,38.0027938091767,-246.458358629836
32895,999,-0.325376419340921,0.261909261389539,9.76950918422634,576.735224234844,38.8512282148464,-247.298713488511
32905,1000,-0.325389513540774,0.261186081368873,9.77056183141758,578.756620795601,30.2379897515635,-241.346908248157
32915,999,-0.325630521493561,0.261808141485328,9.7702432754943,577.990897954909,28.0044445468186,-243.667601460453
32925,1000,-0.325747032127271,0.261214972319079,9.77036817475321,578.71853169131,25.7789140756126,-238.543854813042
32935,999,-0.326001451116511,0.262785710251979,9.76991261279762,575.919482027612,19.7249018012812,-241.742011748604
32945,1000,-0.326506372107586,0.261651351133881,9.77040682584689,579.775775583514,32.8801603819944,-236.86751893518
32955,999,-0.326658593478772,0.261930142459846,9.76912974671222,572.429366758038,50.6365316603585,-242.732315028984
32965,1000,-0.326538000638805,0.262390476587385,9.77030250745646,570.510168892908,28.5215988486747,-241.759121988615
32975,999,-0.325845899889951,0.261592295120814,9.769390314665,584.574933258707,37.9910187337043,-250.297131754106
32985,1000,-0.326458373853936,0.261945179332861,9.76822344217223,586.924826960372,28.4572409400211,-236.207976950447
32995,999,-0.326151458119823,0.262127907684841,9.76888428647382,579.518173924238,25.0924525723588,-238.57854293628
33005,999,-0.325795733815946,0.261108491677708,9.77023015031897,597.486907523372,31.5625051967767,-248.261508344436
33015,1000,-0.326169000620937,0.260699415555234,9.76922936043226,599.31855114858,38.2509770049963,-244.06751893518
33025,999,-0.32693251259906,0.262958970237212,9.76907330191139,600.955543945577,30.3669616402879,-253.790701659889
33035,1000,-0.326902533142937,0.262304739751055,9.76725340195745,576.550298761465,64.6358088956522,-231.646144889378
33045,999,-0.326729901819145,0.262165744796625,9.76834064068209,587.541562439676,51.9616827941271,-241.604469626329
33055,1000,-0.32633029579221,0.261018031320667,9.76853555538126,591.967780683078,47.8986353833146,-238.708740309226
33065,999,-0.326218007899189,0.261326106347067,9.76804835534964,585.346388248073,40.1655383926625,-242.952382424623
33075,1000,-0.325454139053178,0.261525775931002,9.76893440423067,586.919409419098,37.6313224086251,-241.484312828309
33085,999,-0.326223408823021,0.262458375790932,9.76791800399677,581.948519504551,36.4231511171564,-244.245278374008
33095,1000,-0.326266900214465,0.26274010827916,9.76771354328839,575.514061820188,50.835671299179,-249.536221225256
33105,999,-0.32679969939346,0.262278527575878,9.76852272531873,591.12906454981,53.7037783180756,-237.230630137985
33115,1000,-0.326483024700583,0.261649960745316,9.76947108399127,588.608427759387,49.242117354395,-234.366755576401
33125,999,-0.325940348355747,0.263132874153979,9.76723867989497,573.908995915765,58.1407002755076,-236.295343706516
33135,1000,-0.326401227800092,0.260705043709764,9.76750509676783,574.719098573021,56.2447662684308,-253.713320461897
33145,999,-0.32605554686504,0.26151117991839,9.76821723208472,577.321933821923,65.3368295636479,-238.57854293628
33155,1000,-0.32573997622307,0.262442968719186,9.76687964361984,574.223905340502,65.4276642515953,-241.401870080218
33165,999,-0.326425089568424,0.261460124336229,9.76772401007033,588.101965263425,53.3808932603052,-235.167498303862
33175,1000,-0.326527053407541,0.262225901244081,9.76741132269453,572.990928865661,60.8099494968572,-241.731641072584
33185,999,-0.326362520271961,0.262894953625311,9.76634899753127,563.759194093486,60.2790840097456,-234.452279268032
33195,1000,-0.326769080368053,0.262409023633348,9.76602537301754,563.058965726546,53.6194005003418,-238.736221225256
33205,999,-0.326257556802382,0.262851521007177,9.76674847809837,581.707986562545,54.3620503980423,-241.631978050784
33215,1000,-0.32700579556322,0.262902593936463,9.76542640555729,573.326026251839,66.5740839082176,-235.32858763747
33225,999,-0.326290391328253,0.261878841397275,9.76630996509131,569.934918131889,57.9125747983628,-243.117432971353
33235,999,-0.327522897258615,0.261423242934579,9.76639897600211,567.995731586575,63.2096882574101,-230.215981901963
33245,1000,-0.327084190335927,0.261914498911054,9.76688819204401,565.446812790087,59.0017048223276,-225.05072504205
33255,999,-0.326151353723071,0.261814779282798,9.76711189995825,559.646558983236,57.2914771707867,-224.659280162056
33265,1000,-0.325976347048616,0.261145702323622,9.76566973030858,567.52494948499,56.5570671243494,-236.757595271058
33275,999,-0.327238593227462,0.261410637897973,9.76478653606177,554.023594106264,62.5497934124557,-231.178776757888
33285,1000,-0.326539902635708,0.260271506822427,9.76592340002831,566.497130816503,65.0762565399264,-244.479732675638
33295,999,-0.326480035596374,0.261704257857685,9.76720091152163,572.37103893423,51.4075766988707,-239.40379566993
33305,1000,-0.326263971024862,0.261665750566507,9.76600436307559,571.347701363933,44.5524673168108,-231.20645023289
33315,999,-0.326331992280566,0.261271042513778,9.7671948046162,572.549239026749,38.3550513464723,-236.487902677701
33325,1000,-0.326474552248095,0.262030642171913,9.76604236036357,554.444362166472,32.7585159647908,-238.43393114892
33335,999,-0.326377743149502,0.262701152210699,9.76652185106604,549.795681571564,61.7363879415331,-222.926249421391
33345,1000,-0.328195868297457,0.262782435764717,9.76706360225147,560.530226093965,62.2972025818992,-247.282786110752
33355,999,-0.32734829177813,0.26305172138448,9.76711508993255,557.489593483036,65.7288584649339,-237.533222806991
33365,1000,-0.326286239058847,0.261885055483953,9.76664509430367,560.326980729487,48.7374906039594,-241.154541835943
33375,999,-0.325866201035261,0.26102884438759,9.765316077967,554.614854517998,67.7826609833532,-251.452485581215
33385,1000,-0.325722117574958,0.261559299569669,9.76514440173811,535.147500867578,75.484089199904,-234.091946416096
33395,999,-0.326644202705093,0.261280815390526,9.76503728624219,549.913808847484,78.5898452873351,-230.903692513338
33405,1000,-0.325633195697353,0.261326792039705,9.76546668517566,564.83928284959,66.029731374345,-240.165228858844
33415,999,-0.326472494239398,0.261494803946652,9.76479504698286,551.161716982051,59.569983075916,-244.520362618558
33425,1000,-0.326097887492103,0.262299162686845,9.76601971398274,555.849390357329,51.8858771656559,-241.044618171821
33435,999,-0.327212139264346,0.261680001206258,9.76579301153491,532.047148134097,51.1378193152181,-245.180564805478
33445,1000,-0.327152609925653,0.261679972382055,9.76525242812543,548.297753052588,50.7313956162957,-245.524007484798
33455,999,-0.327105176602632,0.261323614049898,9.76404577168489,539.447248070608,50.9715531500501,-238.716085058555
33465,999,-0.326554923240639,0.261714415165352,9.76479708730199,543.583375777711,59.0628309001097,-236.762986922251
33475,1000,-0.327766522726813,0.262460038146849,9.7644005571252,539.074638995393,70.1787869803415,-244.891946416096
33485,999,-0.327539683802656,0.261491010028207,9.76451235451479,551.244021605394,68.7190301635776,-238.138408145
33495,1000,-0.327311232553781,0.26125453431581,9.76537541845737,550.967410556007,49.8368333562657,-252.366755576401
33505,999,-0.326544350024155,0.261681862203026,9.76553855471269,541.879341483695,60.1282558935712,-245.813258567943
33515,1000,-0.326481540619891,0.262066657927231,9.76597184069439,559.803191727827,54.3837714615567,-236.675152522966
33525,999,-0.326933399132615,0.261693218599513,9.7646229048601,556.028845798457,54.9523490340817,-241.879553870879
33535,1000,-0.326879048896861,0.262208758840536,9.76481872096111,557.998522385185,65.864219766123,-244.314847179455
33545,999,-0.326404895766232,0.260970600597215,9.76460675582269,567.571394252982,35.2800789571428,-245.345615352207
33555,1000,-0.326036532372971,0.261666074189873,9.76447897123725,564.25219885245,37.284408537099,-251.240038019149
33565,999,-0.327383269527689,0.260623302193508,9.76395495643408,547.209504091931,55.8322255582694,-240.449115799219
33575,1000,-0.326302102544339,0.261712672853813,9.76525138869992,548.996758006665,51.7676997994735,-253.548434965714
33585,999,-0.326128489821102,0.26120353174748,9.76434015433752,541.065843785012,50.9496352726759,-243.447534064813
33595,1000,-0.326670880089844,0.261799975848213,9.76342846939666,537.953324699888,41.9995418318206,-249.014083820676
33605,999,-0.326937330084769,0.261783971945996,9.7642679782181,546.970474415848,41.5689275684353,-233.379450714287
33615,1000,-0.327253812940505,0.261657059394305,9.76473733030435,550.692915163406,50.5453375317045,-243.930114355027
33625,999,-0.327468307479532,0.260941020751456,9.76354710363335,544.708158608436,47.25823425661,-232.169080038268
33635,1000,-0.326815212135842,0.26129956347938,9.76286906564745,560.50312162656,39.4245944847072,-243.792709774874
33645,999,-0.327408286879825,0.261184000496171,9.76392210674797,552.824649757477,39.2718399154913,-245.868275416853
33655,1000,-0.326494765217571,0.262082058241629,9.76274980823889,556.707099487883,30.881361133028,-232.140801377928
33665,999,-0.325772542698988,0.260036191627484,9.76406856875625,566.26507685257,30.9975093915476,-247.958915675432
33675,999,-0.325544614405903,0.260740836558992,9.76463441883557,574.388917216147,17.3256884635623,-242.842348726803
33685,1000,-0.325320000364301,0.261511636633008,9.76327977113692,557.707442036947,26.5783615016102,-238.543854813042
33695,999,-0.32668973405507,0.260379218952086,9.76245547952496,546.714328446791,24.1301715054629,-240.504132648129
33705,1000,-0.325984899854093,0.261158459293972,9.76251606938995,555.024247480709,38.1908977765594,-245.331641072584
33715,999,-0.326397008123334,0.261608047303794,9.76313623002952,551.797187377707,44.4028970086869,-238.41349238955
33725,1000,-0.326324139848057,0.260972047102125,9.7638450506132,567.692232988038,20.1831927019865,-240.027824278691
33735,999,-0.326251948116771,0.261165393872927,9.76408100129437,556.869550467245,25.2452482420432,-231.783962095898
33745,1000,-0.325839201372628,0.26192003873533,9.76333227717625,552.380861602179,29.3616470319525,-244.617137255791
33755,999,-0.326504189009172,0.261437042915778,9.7636519875654,543.637180041931,33.9671945292757,-242.319688662158
33765,1000,-0.324880563401648,0.261893276159837,9.76388828734674,548.321285576165,30.6090000546346,-249.618663973348
33775,999,-0.325369791229126,0.261433324769555,9.76399201313471,549.904623777523,24.9045498081615,-240.779216892679
33785,1000,-0.325750877170424,0.260356052356628,9.76286261104204,553.921115646312,21.4037088815139,-243.05072504205
33795,999,-0.325867440683191,0.260853109654238,9.76315204722155,562.217490013238,25.5973038200161,-241.439419079599
33805,1000,-0.324663901371642,0.260194663829659,9.76334126407706,553.258458913791,29.4868059328959,-232.965228858844
33815,999,-0.325180123519731,0.261454855501854,9.76353591170918,551.19502173431,21.6443215812344,-236.130293159786
33825,1000,-0.326671512934585,0.26064153350438,9.76288492340963,560.42477609334,22.5198779263409,-235.163702141286
33835,999,-0.326384240754586,0.260876016693861,9.76176354934162,569.154379241753,20.0126512593,-236.075276310876
33845,1000,-0.326321196527862,0.2608142328981,9.76399296925003,573.52155344132,6.00056669458072,-237.004923515332
33855,999,-0.326512669089638,0.261811974682625,9.76353293918541,574.389772662673,14.2505430566792,-242.484739208888
33865,999,-0.327332141912017,0.26185872705539,9.7620007819567,555.389008527883,13.8131617119575,-230.050931355233
33875,1000,-0.326195550737207,0.261569454323479,9.76265286393536,581.061920026545,19.3420570520647,-236.070572370294
33885,999,-0.3262046454004,0.261561303726689,9.76178218592045,561.688615795487,27.7398771842371,-235.607633095141
33895,1000,-0.327136990963149,0.261340829741969,9.76155198038884,573.073705163029,12.6751468895862,-227.001870080218
33905,999,-0.326050504243745,0.260229812255528,9.76183962121552,566.598686421536,13.001517664957,-226.694903571725
33915,1000,-0.326434709216051,0.26102787915613,9.76200337675203,576.979982203106,23.4563717903259,-231.591183057317
33925,999,-0.326269105732454,0.260474041648174,9.76203922629744,568.392606105862,28.9365784733281,-230.848675664428
33935,1000,-0.326923847454456,0.261257248285842,9.76180036451182,566.175462374298,25.3382680433585,-221.368282293958
33945,999,-0.32637504577279,0.260584392120187,9.76290713655489,564.001310113275,14.430029830976,-228.262883765659
33955,1000,-0.325889661951779,0.261728041593305,9.76178452241767,567.091101605409,11.4726324090594,-238.104160156554
33965,999,-0.325957625235153,0.261802750788992,9.76181300331678,588.012732335177,8.42593374130229,-240.28406525249
33975,1000,-0.326098571103504,0.261144162400532,9.76290913931059,577.951797432546,13.8631135565871,-237.499580003882
33985,999,-0.325695845827817,0.26118555504728,9.76247787859072,601.00214336597,5.19000429610752,-236.432885828791
33995,1000,-0.325279070292809,0.261352851946624,9.76367012644439,598.819143283978,2.47868795226328,-233.762175423729
34005,999,-0.325365305250039,0.261613066267729,9.76245403069023,594.361455382001,8.95792185148781,-224.13662009741
34015,1000,-0.326699504809927,0.262383777509512,9.76344264874779,586.868271307298,14.6196787437427,-231.72858763747
34025,999,-0.325671632981816,0.26227415592974,9.76253059363042,576.651112218953,21.5747931026675,-231.123759908978
34035,1000,-0.326356274248537,0.261748106322591,9.76211404885468,568.50113496729,14.404262007145,-236.647671606935
34045,999,-0.32607162519251,0.262187982401121,9.76285236595759,572.703046493204,0.742445910641847,-222.348572507836
34055,999,-0.325825962987444,0.261847576566449,9.76284645364514,563.277651761753,26.7099425155178,-227.602681578739
34065,1000,-0.324661765486629,0.260660093010945,9.76345261093555,573.725342762726,7.64737307628653,-238.846144889378
34075,999,-0.32557981790559,0.260333158457538,9.76297429080447,554.848033213093,2.24392977813508,-236.350360555426
34085,1000,-0.325720534416289,0.261071543913557,9.76169213768617,556.093550579006,12.7535426739583,-226.397289927546
34095,999,-0.326668132832003,0.261472161341994,9.76197545009063,564.103355605775,32.6011895169094,-227.025004665184
34105,1000,-0.326305066396218,0.260879230890597,9.76250103063168,556.446943093249,28.6616962612941,-235.163702141287
34115,999,-0.325154738731358,0.260620716244245,9.7623571091074,571.323403622848,8.64568926226555,-234.534804541397
34125,1000,-0.326338909536081,0.261886689377397,9.76265086971606,558.33070034869,20.508846220133,-238.983549469531
34135,999,-0.325418205814168,0.261353273399925,9.76275809597268,567.65502691885,-0.10271189137392,-226.612378298359
34145,1000,-0.326162638540078,0.26234455996187,9.76277054433005,565.467768550565,17.6933378565782,-242.583549469531
34155,999,-0.326112379859032,0.260963504736977,9.76246193664874,563.38887477514,24.2717124641793,-232.664231678457
34165,1000,-0.325243118231534,0.262450512855497,9.7625709931707,564.921907710803,18.9344137893475,-240.440038019149
34175,999,-0.325949060294226,0.262295564346239,9.76238602515422,570.999780439855,21.9199365441528,-244.327803647373
34185,1000,-0.327111354485717,0.261878688279045,9.76204210357944,562.032390955093,20.775862224469,-235.905686874111
34195,999,-0.325429674166027,0.262153123010534,9.76091632776776,589.828639332449,29.0515978231476,-238.551034511825
34205,1000,-0.326005524732428,0.261284950070643,9.7601956200305,565.651493777903,12.2884702747704,-225.353015118386
34215,999,-0.32651903734985,0.261086113879334,9.76081229258872,556.709672174308,20.0754462258519,-228.510459585754
34225,999,-0.326251882826793,0.261323342554306,9.75905175127378,561.105298307396,17.5416684987661,-234.452279268032
34235,1000,-0.325056842767508,0.26071687045286,9.76087135285333,568.382371016454,-2.97783683766185,-230.931641072584
34245,999,-0.326189972599477,0.262170600130901,9.76180726361124,567.163135633862,-6.11225387419985,-237.36817226026
34255,1000,-0.327314057734337,0.261417297574712,9.76062180990858,570.892741956554,14.5883445090461,-232.388129622203
34265,999,-0.326568466217251,0.262784322003431,9.7611834965978,568.086878167759,11.6429844479812,-241.136826410594
34275,1000,-0.326460735553047,0.261774492718217,9.76147756488522,569.088767037924,13.3448941541255,-240.742328095485
34285,999,-0.32687098125071,0.260387345034682,9.76229835075973,579.206083008743,4.12101839366483,-242.347197086614
34295,1000,-0.32678133227757,0.261353320550377,9.76085730525583,567.69657942705,1.29099530626788,-238.983549469531
34305,999,-0.327052861376777,0.260342007610665,9.76306314390241,565.468142534929,9.93546544906661,-236.625444799976
34315,1000,-0.326360633333626,0.261490528551185,9.76283109525973,559.498958482517,10.8712374935058,-236.098053286325
34325,999,-0.326490488802263,0.261010680685615,9.76217989079092,556.588156193154,-0.70186348436305,-234.534804541396
34335,1000,-0.327551146086396,0.260501596492706,9.76225513515665,556.860337228773,8.36218562840827,-244.754541835943
34345,999,-0.326910375811203,0.260071102481699,9.76172573217195,545.630374205281,14.5766339454504,-238.85362718083
34355,1000,-0.326547384202679,0.261202877416764,9.76210845589376,556.463029686032,1.72219535036929,-239.505686874111
34365,999,-0.326022610665148,0.260452158877972,9.76135460580012,555.379315651662,-0.352142904543735,-241.797028597514
34375,1000,-0.326647868124209,0.261401915968003,9.7621483534357,565.20016765664,12.1578110033626,-242.03393114892
34385,999,-0.327184909583919,0.261718248200951,9.76217101464964,560.635267697234,4.05209131367071,-237.670764929266
34395,999,-0.326768485002579,0.260680839209505,9.75992619707433,565.262981399096,1.2997643009836,-242.732315028983
34405,1000,-0.327235945734269,0.262036111847219,9.76142251870489,553.984266492752,2.60682856208506,-242.418663973348
34415,999,-0.326342387559616,0.26186884549579,9.76060224645562,551.644235178459,-5.57452954727646,-239.403795669929
34425,1000,-0.326461098896507,0.260368782666324,9.76111021658574,554.848868855049,6.74749154995341,-248.794236492431
34435,999,-0.326601269120807,0.26115894867599,9.76116348783459,570.247128317835,9.80022928978808,-253.790701659889
34445,1000,-0.326889647714067,0.261688677459836,9.76076597513596,544.477139185361,26.284835056347,-241.51179374434
34455,999,-0.326802669876433,0.261656670244792,9.76280111210489,563.89924698819,5.00295850878095,-247.601306157516
34465,1000,-0.326987492432241,0.261342782975556,9.76125489620331,538.697981412109,19.7805770972147,-244.012557103119
34475,999,-0.327336928505294,0.26105529754004,9.76222419891706,540.59915516455,17.9118714508957,-238.138408145
34485,1000,-0.327496980801242,0.261326914076342,9.76263838750603,535.515670076196,2.52285705434235,-231.288892980981
34495,999,-0.326708385412221,0.261590976311478,9.76049244744527,538.964355369192,24.9240105058115,-233.104366469737
34505,1000,-0.326928439976621,0.261925189401664,9.76062174771291,526.306931106911,15.1593588204949,-240.385076187088
34515,999,-0.327784167399831,0.261728092447863,9.76114208433844,529.73148042098,34.8151602296407,-246.500969179317
34525,1000,-0.327015769832524,0.262062429496731,9.76061150896512,540.664727133273,25.2960705656363,-237.829350996249
34535,999,-0.32671605010538,0.260806800079008,9.76164786377563,537.487519225442,15.1680760427323,-238.96366087865
34545,1000,-0.326535170942771,0.260905641201727,9.76030585404196,553.252704909152,5.36132517039136,-237.664465500065
34555,999,-0.326543780328465,0.261316230776871,9.76149362768561,550.923601474283,-5.6751118641457,-239.266253547655
34565,1000,-0.326779872699274,0.261108407193328,9.76234214897418,548.644954882952,4.87904666466344,-229.035457866477
34575,999,-0.325734473503946,0.261249421473803,9.76134388106457,546.532400819443,5.77024304840268,-232.746756951822
34585,999,-0.326606791655638,0.261561074186633,9.76078144880353,547.321212966518,19.0780227223526,-241.934570719789
34595,1000,-0.326170380258477,0.260776085791215,9.76098061488413,550.560017114279,14.6688145322005,-230.299580003882
34605,999,-0.326599469759007,0.261773715397322,9.76100507489588,568.7222306356,24.6333620339913,-236.240326857606
34615,1000,-0.326615143945406,0.261972714878643,9.76144714678679,553.13774300713,33.5624797571913,-236.757595271058
34625,999,-0.326856723012097,0.262098383329266,9.76075609477815,566.883626090278,29.5504722938233,-241.934570719789
34635,1000,-0.326084763138204,0.260775380889827,9.76209834008878,579.978663080122,14.2766035037882,-236.757595271058
34645,999,-0.327467354549289,0.261556487139664,9.76254666268945,571.132935436681,18.2434409831843,-235.800192066326
34655,1000,-0.326974328111298,0.261234771611972,9.76243747878043,566.009063538662,11.0503356407515,-237.38965633976
34665,999,-0.327386850673537,0.260680310863149,9.76076441680753,569.816243873093,15.4998042870249,-246.170868085857
34675,1000,-0.32711915559238,0.260726273588581,9.76278512258756,566.142348937297,12.3369159414052,-244.149961683272
34685,999,-0.32618288814776,0.261741878800725,9.76130913742385,583.150205390898,23.4325286261525,-238.716085058555
34695,1000,-0.326483278661066,0.262606232624845,9.76177941906004,572.993910692315,22.7348512416039,-231.261412064951
34705,999,-0.32656438283595,0.261258987223812,9.76150551325897,575.721209225015,33.192522943408,-238.771101907465
34715,1000,-0.327158296711232,0.262065918064488,9.75974358702513,552.186060139576,30.7140882304529,-223.51179374434
34725,999,-0.327031810987464,0.261461147878347,9.76031415775614,554.42178867496,31.5292382348975,-227.575173154285
34735,1000,-0.326473566852268,0.260633486010625,9.75975865193414,557.521284596083,13.8800421757484,-241.896526568767
34745,999,-0.32695941474318,0.260737521488568,9.75986783909483,556.980501173685,20.924848598711,-225.044398104425
34755,999,-0.325930615182514,0.261104745366091,9.76123631173261,578.564695234821,29.2197749999099,-223.146316817031
34765,1000,-0.326332116621328,0.26117801072189,9.75998614187441,566.415640879729,23.8936269552542,-235.438511301592
34775,999,-0.326219506459706,0.261130834933,9.75949434607292,553.652659935407,20.7484349837835,-231.316318880163
34785,1000,-0.325590155990089,0.261610820002542,9.75945497243138,550.615764639513,29.8737232511115,-217.740801377928
34795,999,-0.32667381651791,0.261825305271608,9.76096524051268,562.676385307049,21.2857446549505,-229.968406081868
34805,1000,-0.326427743928435,0.262403907858216,9.7594098605891,562.163887173953,32.8636474819439,-234.091946416096
34815,999,-0.327021622287706,0.262138741627295,9.75960334975579,546.54085591114,31.8039349766658,-235.084973030496
34825,1000,-0.325923746974784,0.261188928650202,9.76001505599113,546.44292728303,36.490144851066,-220.104160156554
34835,999,-0.326455984259391,0.262105313932736,9.75862461228065,544.924187925602,22.4744116803596,-224.576754888691
34845,1000,-0.326237168601844,0.261189760299124,9.7580221732136,550.515369321617,29.699115814556,-230.409503668004
34855,999,-0.326734913005761,0.261762958532104,9.75750919892012,564.176941278077,38.370105664489,-226.77742884509
34865,1000,-0.326129529097818,0.262163214753078,9.75891459180575,552.956415774191,37.7909151979508,-218.537747942813
34875,999,-0.326125580646625,0.261613946749062,9.75875760780837,559.295804439758,20.5158337742101,-220.533016493807
34885,1000,-0.327440768561123,0.261814781802266,9.75951773487897,553.377474210725,27.4193958173493,-219.884312828309
34895,999,-0.326426705520254,0.2621286357635,9.75907771465111,560.577111512273,29.7183892107179,-234.039652901207
34905,999,-0.326916598743602,0.26256659634073,9.75929424908358,553.754034361431,34.139168904184,-224.466721190871
34915,1000,-0.325677127276017,0.260591573482089,9.75901724376904,561.342606933103,29.6891206824022,-226.61713725579
34925,999,-0.326136974856217,0.26100400319744,9.76021020687866,566.47808135872,21.6997574091031,-227.3826141831
34935,1000,-0.32597156685933,0.261194221951428,9.75989941703155,571.354038753876,22.469668062029,-221.011030385561
34945,999,-0.326479838365793,0.260978264790371,9.76027811312802,551.489741210887,19.858061201649,-219.212612119968
34955,1000,-0.326292576385246,0.261183663330005,9.76069653665902,554.24682953861,23.5357447944626,-222.934694507699
34965,999,-0.326393317846074,0.261141755356968,9.75922104790878,553.260714600653,32.6759325559073,-217.507089803758
34975,1000,-0.326992276922581,0.262005603503331,9.76017333552911,549.087725343491,44.1276716043069,-220.43393114892
34985,999,-0.326315473737545,0.261542128615598,9.75991938029591,549.622641204435,38.4366436560189,-228.290392190114
34995,1000,-0.326664408562799,0.261819835265484,9.76060382502713,544.037245775392,32.7065482311187,-218.3453815306
35005,999,-0.326024553667756,0.260604985317244,9.7606570083174,551.693671545658,41.0267705094406,-229.033119650399
35015,1000,-0.326937555618095,0.262669580982262,9.76004193849529,534.146025554919,46.4744626876703,-232.195763209989
35025,999,-0.326636043154742,0.26189028328828,9.75817927458766,532.69187516521,50.5082461867448,-228.675510132484
35035,1000,-0.327141583356527,0.262847026036402,9.76083473011347,539.608966854905,47.1838197099258,-236.400343362661
35045,999,-0.3261629158559,0.261438264457571,9.76050939254605,547.021048417509,45.8860483757864,-237.533222806991
35055,1000,-0.327045737219751,0.261525514153003,9.75986636221613,550.249092962502,38.9700494049351,-226.507213591668
35065,999,-0.326483117253873,0.26178596810611,9.76052085248747,567.202590018176,42.8396737244914,-232.196588462722
35075,999,-0.327100026220363,0.261523645683943,9.76087445360815,563.233917599526,40.758039978931,-233.599518109927
35085,1000,-0.327462538502297,0.262292354723805,9.7602313884815,551.059826082649,44.1411792024432,-223.401870080218
35095,999,-0.327365351954825,0.26206382788506,9.76072502515915,544.388966136572,30.4910202010878,-231.426352577983
35105,1000,-0.3254882142572,0.261660089958115,9.7602551676015,542.478692977748,45.1887888747916,-233.020190690905
35115,999,-0.327178962763378,0.262389848858718,9.7611452260717,537.852497425535,38.5093113383426,-236.487902677701
35125,1000,-0.326242557906325,0.261865632838307,9.75988413841422,539.28809942188,24.7161315877758,-230.052251759607
35135,999,-0.327036473723988,0.260741044952685,9.76123144749393,541.461381237371,35.6699427962566,-229.115644923764
35145,1000,-0.326081660600977,0.260564506960447,9.75884097793461,544.692312318604,25.9101719263554,-225.875152522966
35155,999,-0.326579084902005,0.261053148476543,9.7600798526043,536.900243953054,35.8486829562046,-233.957127627842
35165,1000,-0.32687352243686,0.261383748756867,9.76008581063929,529.288490460646,36.506163698752,-231.041564736706
35175,999,-0.325506237110355,0.260469929109822,9.75912526484109,534.206697577099,46.1967347581869,-227.767732125469
35185,1000,-0.327059105224034,0.26182046184426,9.75969152896112,541.639951297905,32.724523303404,-225.985076187088
35195,999,-0.326410220634191,0.261595028671583,9.75985958021666,547.634436966392,34.9653343489791,-233.406959138742
35205,1000,-0.325071467101588,0.260955978836626,9.75935281241051,547.081635012162,31.693769316139,-234.641564736707
35215,999,-0.325507150246115,0.261586122059787,9.75849720171523,552.28859729377,22.1116829647977,-238.881135605285
35225,999,-0.326402826660098,0.262282533888925,9.7580720458874,538.181967090339,28.8324607924744,-229.335712319404
35235,1000,-0.326221279257101,0.261075261396216,9.7583718339902,556.855956074777,35.3431151755065,-229.502633438996
35245,999,-0.325715629860374,0.260257582399282,9.75894152646789,546.53682096429,39.2791463460169,-224.90685598215
35255,1000,-0.326537439178177,0.261591208281075,9.75919282019301,545.695181054471,50.1204117602864,-228.320954049683
35265,999,-0.326873770924126,0.260766359547381,9.75910652309275,552.115137982681,42.8084210752892,-236.350360555426
35275,1000,-0.32808755706375,0.261560151421411,9.75753456221453,539.434141067466,53.7391644190835,-229.365228858844
35285,999,-0.327817514739802,0.259987691574441,9.75801203463939,540.457435268269,45.5180495160959,-232.196588462723
35295,1000,-0.327739047727366,0.262264008705762,9.75772518671507,547.290676833338,37.9739263707888,-230.546908248157
35305,999,-0.32668926604282,0.261811442726381,9.75889757127676,542.417374209238,49.5514511475777,-241.769520173059
35315,1000,-0.326602310848882,0.261374356821661,9.75891007789043,526.95365882053,37.4220812722127,-242.061412064951
35325,999,-0.326861339261152,0.261450761849409,9.76044349199575,540.696091204243,32.7147055289142,-231.976521067083
35335,1000,-0.327446726991448,0.26211841230544,9.75924482739312,532.449898923815,46.0415634218317,-235.411030385561
35345,999,-0.3264105291241,0.261897062424016,9.75977642120216,523.334845764124,44.5721530120656,-235.717666792961
35355,1000,-0.32655765152196,0.261650947607182,9.75980954314156,540.965810397305,24.0651188888291,-229.914847179454
35365,999,-0.326725055713719,0.261386002204745,9.75883181053052,545.959163446035,29.7285899487034,-237.175613289076
35375,999,-0.326156228164982,0.261671001439576,9.75785065869975,533.35934238069,30.8651574377725,-230.463557722059
35385,1000,-0.327453307916595,0.261319339188238,9.75719713629575,528.693375352277,44.8668911467441,-227.551488400829
35395,999,-0.326986898207267,0.260855408110781,9.75863078085491,528.928853444234,31.7139941102927,-227.685206852105
35405,1000,-0.326526337381848,0.261026208026755,9.75958579722113,522.226099195913,28.0096964763285,-230.024770843576
35415,999,-0.326711390211379,0.261482965516075,9.75742179884673,527.53206377389,23.2846498579608,-228.290392190114
35425,1000,-0.326423699517105,0.261704045563766,9.75824360617532,531.597346075402,18.1924400083625,-222.000343362661
35435,999,-0.326151901501638,0.261444536557246,9.75716121340041,541.862844152242,21.386207223022,-231.728945246988
35445,1000,-0.325883357619661,0.261928973423025,9.75864058920062,538.025479829518,32.0808433768555,-233.212557103119
35455,999,-0.326502682239937,0.261678542501762,9.75925456149132,538.817517567813,39.3770642871625,-230.931200937793
35465,1000,-0.326668196961589,0.261785087535536,9.75935825780123,540.689369974204,38.989501632382,-240.330114355027
35475,999,-0.326529178615797,0.260949787577282,9.75766205476108,527.303874504184,45.7393583341295,-238.055882871635
35485,1000,-0.326683457199516,0.261553431666365,9.75885918257091,540.551716603046,36.1972686407229,-231.618663973348
35495,999,-0.326729108938119,0.262655045830561,9.75945456607087,529.207155951784,29.505797107582,-236.900529044526
35505,1000,-0.326443871690387,0.261250478750635,9.75880791867807,530.701079901391,15.5988608319769,-234.778969316859
35515,999,-0.327128253156232,0.259654484459694,9.75805593498592,541.298321823965,32.5763353087925,-228.097833218929
35525,1000,-0.326211984346955,0.261261955116391,9.75878939828262,535.601770097544,33.5627301462557,-232.333167790142
35535,999,-0.326229896689282,0.26147826522497,9.75972171134272,530.573585791752,33.5597783543701,-231.316318880163
35545,999,-0.32737071826979,0.261700747459141,9.75924411519893,550.332265227685,24.615776121126,-230.903692513338
35555,1000,-0.326895610561225,0.261716037721966,9.75947946692471,553.18822082983,30.1986406898026,-236.977442599302
35565,999,-0.326603293352235,0.261816015830205,9.75987742964509,547.916992350891,30.27288701247,-238.826118756375
35575,1000,-0.327199513603165,0.261626574977314,9.76001502799264,561.437709613036,30.7261499716564,-240.659885347393
35585,999,-0.327648932073437,0.261065477694845,9.75995532272026,563.874847653823,25.72501256409,-234.452279268032
35595,1000,-0.328408073892588,0.260862897448579,9.75975392344881,550.795577415805,37.3150619908465,-224.583549469531
35605,999,-0.327255722363464,0.260871238893853,9.75967871702344,557.507315945798,29.7899014002653,-240.696691619314
35615,1000,-0.326551500390993,0.261621579266149,9.75969201171609,549.380647851858,51.4274990874716,-232.470572370294
35625,999,-0.326591371678816,0.261417017252748,9.76070452092647,541.119548842159,46.6554612369656,-226.694903571724
35635,1000,-0.327130367854219,0.261467692892483,9.75813742058532,566.880310437263,44.6567746467062,-237.004923515333
35645,999,-0.327555652455315,0.261258918198189,9.75983456227421,552.724020789277,52.2752413048366,-232.691740102912
35655,1000,-0.3278686473176,0.26209026239777,9.76002559532222,552.057086037889,41.6814130900696,-247.090419698539
35665,999,-0.327083643746927,0.261396916500072,9.76095025259731,550.635091048924,38.121041807841,-229.033119650399
35675,1000,-0.327059790850827,0.261357888066033,9.7587994588053,559.045539183918,47.3841131112878,-242.995763209989
35685,999,-0.326883444669029,0.260917005281816,9.75998627823653,555.840344283323,42.1844643816598,-241.659486475239
35695,999,-0.328549226067253,0.262708183890417,9.75937995364885,550.172555014973,48.208940776222,-244.988005834292
35705,1000,-0.327258799658326,0.262069285946304,9.75953439331164,558.120050884959,49.7102016763451,-234.669045652737
35715,999,-0.328531056646997,0.263124982681721,9.75855920693288,531.549423183737,58.3374530940649,-238.110899720545
35725,1000,-0.328481481391587,0.262174108261345,9.75896680392373,545.691854518482,39.3584604014835,-237.334694507699
35735,999,-0.327342506791585,0.261885737283981,9.75788719958587,552.550297683668,44.3578793429337,-241.411910655144
35745,1000,-0.327374271223601,0.260551586073878,9.75825864369308,554.091988319854,46.3905170374572,-242.088892980981
35755,999,-0.328033364416455,0.261548800131281,9.7584687319139,537.925103430785,37.1829034177426,-238.90864402974
35765,1000,-0.327734409663574,0.262126141668642,9.75893207625053,544.993054614408,34.3849962352598,-240.192709774874
35775,999,-0.327782188431663,0.262118884561053,9.75798795632389,525.010588786937,41.2089342844659,-239.706388338935
35785,1000,-0.32684289030462,0.262736492287235,9.75700449417568,541.540608377895,51.1081936321867,-238.736221225256
35795,999,-0.327921142476103,0.262783657327155,9.75858754166732,545.184954033785,42.7827325866993,-229.308203894949
35805,1000,-0.326996602543926,0.262339711438373,9.75775804433868,551.381432704681,43.0699469328361,-238.92858763747
35815,999,-0.327443767719105,0.261828475842032,9.75860343898673,564.586332608083,18.7090141076749,-235.910225764146
35825,1000,-0.326556074716027,0.262479257402251,9.75810530524478,563.951903451035,21.9605323922096,-232.003396797775
35835,999,-0.327604559812188,0.262611587578055,9.75816478110541,566.054080492003,23.4929887841294,-242.154638115429
35845,999,-0.326734281609795,0.262192651883954,9.75773725493227,550.726585657565,32.9107878903214,-230.903692513338
35855,1000,-0.326778499929598,0.262743728180791,9.75856924867827,549.791060735003,41.1231873060981,-241.51179374434
35865,999,-0.327424754485865,0.261740161679583,9.75795748141953,561.003578289224,31.8941457347275,-225.429516046795
35875,1000,-0.32710567361754,0.261222345334822,9.75744925395249,571.530797661677,25.2120926373197,-232.855305194722
35885,999,-0.32643803433966,0.261506941303438,9.75852812285648,567.652992127875,34.5675022956142,-234.094669750117
35895,1000,-0.327224668390816,0.260924851199061,9.75774758947973,578.136309977363,25.9281479253143,-227.771335729073
35905,999,-0.32571053127263,0.262374255468563,9.75703811806876,577.176631892661,25.260267501454,-241.824537021968
35915,1000,-0.325804241287198,0.263397486595229,9.7561257997534,576.192400367184,34.1170864968903,-225.462938782508
35925,999,-0.326537365031511,0.260729502522435,9.75659512475952,590.935747193434,34.831780868763,-232.086554764902
35935,1000,-0.326410922616405,0.261954502690641,9.75621237071182,587.546697217542,39.1394231826278,-236.427824278691
35945,999,-0.327210933443247,0.262376625898074,9.7569583898184,575.975885175967,30.3063895061507,-224.74180543542
35955,1000,-0.327033313089717,0.262724972067389,9.7566849075371,573.098134972809,32.1286647103061,-230.519427332126
35965,999,-0.327196033903848,0.26205826150737,9.75628151192965,574.510190444101,18.6799205057522,-226.832445694
35975,999,-0.326453979199882,0.261781689362786,9.75646057364088,572.124845461026,25.2444226287437,-237.86332390045
35985,1000,-0.326901204228462,0.261621991093586,9.75588302478378,552.008165537803,36.840004165853,-239.725534202356
35995,999,-0.32682857940796,0.261701675385052,9.75671354946948,571.529933593457,12.6113877469933,-240.063997856849
36005,1000,-0.327085206804302,0.260429193557789,9.75702218503263,562.315319163868,22.5027388449097,-228.375915881745
36015,999,-0.326564920916478,0.262426926652904,9.75619026552195,569.664753173652,33.7765481192529,-220.780592313902
36025,1000,-0.325682666276166,0.260478671472157,9.75666576162643,558.777465671391,18.3007424414473,-233.459885347393
36035,999,-0.326398803232041,0.261501223931227,9.75811195318563,572.518127277476,7.85340044074146,-245.345615352207
36045,1000,-0.327109133483489,0.260779196932256,9.75613435215825,581.322551510516,31.4028394850661,-242.226297561134
36055,999,-0.326658078127508,0.261096743114281,9.75668917383087,567.318421480792,34.9063126409781,-237.97335759827
36065,1000,-0.326924045932826,0.260872686323077,9.7581491341728,560.625532820991,17.4158654026548,-241.291946416096
36075,999,-0.327064515575268,0.262460039821928,9.75721558056802,571.4844712988,27.4563038060296,-230.381032448693
36085,1000,-0.327028096788974,0.261744056573777,9.75646144971214,554.931647009674,20.5647187862497,-243.380496034416
36095,999,-0.327205373338125,0.261681431707288,9.75823243816099,545.958385234701,15.4184116696,-236.240326857606
36105,1000,-0.32650581465674,0.26263764642339,9.75711792532102,549.740134307422,35.4651716853951,-235.32858763747
36115,999,-0.32619765837107,0.261819538799059,9.75639367220379,566.00853258735,20.9146709547346,-230.381032448693
36125,999,-0.326362290211003,0.26169428064745,9.75747837170695,567.358295957497,28.9019200907055,-224.219145370776
36135,1000,-0.326855056236166,0.261575468768391,9.75749817353143,545.801945863254,38.4919158755232,-231.838511301592
36145,999,-0.327827751587048,0.26076386657523,9.75742394944416,538.441929751173,35.2749812453055,-230.628608268788
36155,1000,-0.327334083387059,0.261120499640276,9.75676633390643,556.054922465955,29.1795431515206,-229.007976950447
36165,999,-0.327252446193975,0.261253910958909,9.75711293929249,556.926815139674,24.5394500965859,-230.628608268788
36175,1000,-0.326832715992399,0.260647291322451,9.7571782189734,548.07847951704,40.6560003248334,-246.348434965714
36185,999,-0.326769939024685,0.260083353251499,9.75731905305536,560.613358035605,21.6923613980501,-239.62386306557
36195,1000,-0.326832999160256,0.261531225558304,9.75720362237376,558.416813545656,21.4366708226784,-238.846144889378
36205,999,-0.327177845533702,0.261219444271879,9.75833895347187,560.038468477305,16.6503927938786,-235.525107821777
36215,1000,-0.327271184019867,0.260420520342702,9.75820014849836,559.438473631979,18.7040574525732,-244.534694507699
36225,999,-0.327588064780691,0.260437795131154,9.75871815356826,555.648996155273,36.1586061025513,-241.659486475239
36235,1000,-0.327192830039823,0.2617654286701,9.75918271395401,556.198390103467,36.5325897333895,-246.183549469531
36245,999,-0.32733998280792,0.260678959093387,9.75817421730047,569.266895988299,13.2002409326765,-248.536592588986
36255,999,-0.326947683276706,0.260401039846984,9.75892945344619,571.383498966421,25.1838159828976,-238.57854293628
36265,1000,-0.327811834405665,0.261377076476511,9.75823670081207,562.222331488397,25.7328956152134,-241.731641072584
36275,999,-0.327140858501075,0.261019413730576,9.75887911914679,562.976222644617,29.0031655337979,-253.02046577515
36285,1000,-0.326339095077377,0.260909321237912,9.75755704792026,573.386932418413,20.2168667534623,-248.409503668004
36295,999,-0.326323933752058,0.261076811543036,9.75802522122297,571.560538126247,29.4573361139707,-239.816422036755
36305,1000,-0.327462665968109,0.260129478760378,9.75938250015113,591.507241909214,22.6078431460911,-238.488892980981
36315,999,-0.326659994344081,0.261357643688086,9.75937241962666,582.193296424761,17.2303455262985,-235.167498303861
36325,1000,-0.327922439078692,0.26059222773783,9.75854852681693,571.016500778274,16.2036164354054,-231.563702141287
36335,999,-0.326606079560765,0.260767284156466,9.75804316173186,575.729247014829,-13.396081801277,-233.599518109927
36345,1000,-0.326732245880845,0.260404363793457,9.75838713889748,571.529791059033,2.99039452964879,-235.383549469531
36355,999,-0.32660893029379,0.261064308761877,9.75867815986962,579.525927207469,-11.707343444278,-239.12871142538
36365,1000,-0.327581190960258,0.260609491700999,9.75655880151194,582.899834367994,-2.52014511233254,-227.331641072584
36375,999,-0.327635106179398,0.26178821539752,9.75798725343621,579.709649437788,10.2340549900351,-230.656116693243
36385,1000,-0.326600558972567,0.262078528667433,9.75889586827576,593.021295583566,1.11161457821717,-240.165228858844
36395,999,-0.327197809586893,0.260141604948768,9.75990462781547,588.211383621228,-6.78748660807552,-244.905480560927
36405,999,-0.326794399845648,0.261028504969512,9.75879561406494,580.861141659377,22.0361996666546,-241.136826410594
36415,1000,-0.32637444047869,0.261482239475812,9.75729373197779,578.806725181282,18.2683725119228,-233.899580003882
36425,999,-0.327017389127364,0.261425494641709,9.75962002860215,574.675181822591,1.30987386495125,-238.936152454195
36435,1000,-0.325748355418786,0.261726874224079,9.76006684323696,583.426464576717,2.9780911694921,-245.853778477164
36445,999,-0.326975258818932,0.261237971830144,9.75869537812816,579.466826432215,7.9136942243532,-234.067161325662
36455,1000,-0.325590319484307,0.259968379746518,9.7599652316487,574.809196097584,10.0712886670664,-236.757595271057
36465,999,-0.326704890287155,0.260535644884222,9.75915406388845,574.20824361181,4.57209985435307,-236.130293159786
36475,1000,-0.327433240440837,0.25988160126567,9.75808090673458,567.051733494401,11.8011482379734,-248.244618171821
36485,999,-0.326475070676849,0.260872528120923,9.75755889491421,565.003340497791,23.0659065162062,-242.759823453438
36495,1000,-0.326468225913496,0.260603708143783,9.76007884622415,566.524305835842,19.3647610067672,-236.290419698539
36505,999,-0.325890643212704,0.261271384530035,9.75934702714799,567.502664621687,14.9715231740158,-243.144941395808
36515,1000,-0.326842394724614,0.26116294701525,9.75984861247989,574.426324778985,9.04444425769551,-240.00034336266
36525,999,-0.327138592532571,0.261523547168425,9.76027288283525,570.270659396246,12.0576907237094,-242.842348726803
36535,999,-0.327731598400506,0.26148638489689,9.76035258300902,561.693161024434,18.8051561398806,-245.675716445667
36545,1000,-0.326023239794912,0.262443959119054,9.75961913005735,568.364072964937,21.8818437699093,-245.001870080218
36555,999,-0.327113991437838,0.26208951859997,9.76007318794387,562.38155088842,10.0092899799101,-239.321270396564
36565,1000,-0.327443269014768,0.262024454902253,9.75984875828407,562.618818220317,18.753496593472,-227.771335729073
36575,999,-0.326743634373525,0.260640836575405,9.760739474055,557.681259192792,9.3720351135563,-242.979890849079
36585,1000,-0.327795704791771,0.261421932256515,9.75931739497674,543.545130230189,6.67205270179981,-238.076679240523
36595,999,-0.326163539327589,0.261166436781765,9.76048631828267,534.193621063508,17.4743754573208,-243.089924546898
36605,1000,-0.326965958466582,0.260002781141044,9.76082517435457,534.434564579865,24.4668928907528,-237.88431282831
36615,999,-0.327288298657992,0.260149487772702,9.75878273489917,545.145532748741,25.4680829765068,-237.86332390045
36625,1000,-0.326845064121747,0.259808422414236,9.76079656197458,558.924908311127,2.85378457479305,-243.490419698539
36635,999,-0.326839052030817,0.259720395578381,9.76040266092739,558.809155570868,4.68266047924816,-245.620699596757
36645,1000,-0.327088204463281,0.2600545637456,9.76009642760162,548.354528439243,15.9909100409729,-245.194236492432
36655,999,-0.327413175183053,0.260186900400185,9.76134215632707,546.540635458609,32.8494615362573,-239.12871142538
36665,1000,-0.328136216675711,0.260276199081592,9.76136223853229,547.683742302396,31.3665410558206,-234.339274660371
36675,999,-0.327095762424681,0.261020533909861,9.76180353158688,560.141136894889,37.293875164332,-234.012144476752
36685,999,-0.326839922589779,0.260725120375404,9.76155504414161,549.425751705431,42.3214104218983,-234.397262419121
36695,1000,-0.327625873724795,0.260419441294713,9.7616346037179,559.681667306453,30.1688960436171,-230.436984584035
36705,999,-0.326402454184826,0.261441825747336,9.76195941658236,563.657311563933,29.559634049647,-238.30345869173
36715,1000,-0.326572676759419,0.261257327059471,9.76026817052165,552.924307236979,30.4726370626939,-236.592709774874
36725,999,-0.327547792044911,0.262069594058201,9.75925881582479,563.317822371192,31.2408387866803,-243.199958244719
36735,1000,-0.327506057441534,0.260252593897729,9.76092610483466,552.643609272273,21.9763344289355,-246.980496034416
36745,999,-0.327146756828065,0.261329419947174,9.75987907589404,557.990894265217,19.7872350853001,-239.89894731012
36755,1000,-0.327247875772583,0.261342686213719,9.75980939209656,543.658277633127,31.8148756969574,-229.530114355027
36765,999,-0.327777946034966,0.261303602262755,9.76046603486243,552.78232363468,17.5767197406308,-244.162753100643
36775,1000,-0.327068592179317,0.261301413856392,9.76023680486261,540.821283813941,36.8352484841095,-244.727060919913
36785,999,-0.327615257654873,0.260556268864554,9.75992633583476,550.041184892048,23.5671063138272,-238.881135605285
36795,1000,-0.326731936801658,0.261087913827935,9.75977582857393,541.824420309365,33.3459493277415,-240.714847179455
36805,999,-0.327809429590479,0.261730488896067,9.7598511742117,553.186582067136,33.8098024828101,-234.617329814761
36815,1000,-0.327345470114533,0.260159033507313,9.76035185959102,553.642031260761,29.2937657687377,-235.850725042051
36825,999,-0.326978687183924,0.260958251677313,9.76082954542446,557.957192065065,17.7978940598589,-229.913389232959
36835,999,-0.32680993904801,0.260605027596924,9.76013594837414,561.287858035009,38.1745134528212,-226.2822772049
36845,1000,-0.327216179990695,0.26060369316958,9.75987750716552,558.965895804288,26.5183867793831,-226.672099087852
36855,999,-0.327190016637574,0.261849393551911,9.75925376822275,559.859914865119,19.0425043284862,-227.9327826722
36865,1000,-0.327510873588325,0.26062012005947,9.75882045996885,551.302092672641,21.0874765151779,-226.782022751973
36875,999,-0.327791558911959,0.261518874699701,9.76096065450707,548.718304785364,17.8277656077331,-225.84214241362
36885,1000,-0.327439381872682,0.261458273285922,9.76089407625247,547.45528330006,18.6541885101504,-221.533167790141
36895,999,-0.328601426201557,0.25983400255199,9.76169318976312,551.188228582383,18.105412251643,-227.685206852105
36905,1000,-0.32758042385621,0.261398296205248,9.76043830521944,541.969441334286,28.4942727131342,-232.937747942813
36915,999,-0.327665061369542,0.261209321155017,9.75976525583691,538.014122140238,36.8112971547,-242.649789755619
36925,1000,-0.326840606152335,0.260207291659692,9.76086308545611,541.764375731129,34.7751818920113,-225.380496034416
36935,999,-0.327528434645886,0.260919759538054,9.76157241812008,535.210496684338,37.4379675103703,-231.976521067083
36945,1000,-0.328270401006801,0.259466195287049,9.76205048893751,534.174569341401,16.709510962922,-246.595763209989
36955,999,-0.327369166011099,0.259897455358111,9.76056686435083,533.965738233688,36.8962470320943,-251.92012879695
36965,1000,-0.32838931058275,0.260594004756342,9.76029355422199,517.948656900791,53.4169507544019,-244.259885347393
36975,999,-0.328112877319227,0.260538683308989,9.76111691033745,527.359622388872,39.0985712399858,-240.256556828035
36985,999,-0.328466264931294,0.261402487480725,9.7602519878234,527.237385094567,29.5167199098974,-241.136826410594
36995,1000,-0.327974374790969,0.260310788297765,9.76027922425149,545.483908085962,42.9137580140966,-241.127060919912
37005,999,-0.328845281407751,0.261249681354579,9.76149659587815,520.026715838694,43.3152930290369,-255.056089184818
37015,1000,-0.328668544817198,0.261734096486502,9.76146008612612,534.639003136778,35.9201457032192,-247.969809011515
37025,999,-0.328194470271772,0.260935597074615,9.76155214297296,540.276830695895,46.8877616145878,-244.355312071828
37035,1000,-0.328294395844196,0.260981560396377,9.76209457778815,534.235594803995,49.8845259382417,-244.424770843577
37045,999,-0.328130069860386,0.260621106191279,9.76402223480701,538.922332840743,49.6276917148497,-240.641674770405
37055,1000,-0.327983915286973,0.261276079718236,9.76347088138338,534.816004620554,38.4327073520957,-247.69499985121
37065,999,-0.328372035665089,0.260327902290363,9.76248950967493,532.165204648911,50.1951665292349,-246.831070272777
37075,1000,-0.328100176770001,0.25986945814623,9.76211991617684,547.949289328247,35.2781941519666,-241.48431282831
37085,999,-0.328011903924089,0.259668473225258,9.7625788130622,543.838483880108,44.7057023941012,-244.025210978368
37095,1000,-0.327625907487542,0.261173451920335,9.76265239158845,541.93175161034,61.0257675210269,-233.652251759607
37105,999,-0.32852442430489,0.260315804057407,9.76425588123446,536.134369242646,52.7066173532086,-246.583494452682
37115,1000,-0.327631661649565,0.26111586705904,9.76308968236818,547.739753183255,32.7529797792708,-254.620190690905
37125,999,-0.327903396080302,0.26184309949339,9.76270043951628,546.507875782805,31.2402787236692,-246.500969179317
37135,999,-0.328983512042931,0.261462519510068,9.7637074233313,542.359797674029,38.1667471981432,-253.598142688704
37145,1000,-0.326557876378928,0.260447090404358,9.76288367637552,544.812629224707,42.3420216293734,-259.704160156554
37155,999,-0.32813903138058,0.261569499446911,9.76102132207306,543.668344835743,39.5111826408059,-258.769726486242
37165,1000,-0.327299502421856,0.261300179583119,9.76298916222592,554.369305480797,40.6964191687936,-248.71179374434
37175,999,-0.32823572061054,0.261339674716618,9.76293826020441,549.144528914316,46.4271996828417,-259.182352853067
37185,1000,-0.32675666436116,0.261170775885153,9.76286568199415,543.572147268541,55.8584593069856,-251.542328095485
37195,999,-0.327425296124465,0.260716081789281,9.76469791214723,550.944319664906,55.5046501058485,-251.03985921439
37205,1000,-0.327294435351786,0.260505114494922,9.76244303165476,549.239641531817,53.7337340809104,-257.670572370294
37215,999,-0.327428793804379,0.261713237925102,9.76335890489303,558.047850370446,56.5091792478597,-242.924874000168
37225,1000,-0.326777477057649,0.260388703205465,9.76269124760865,538.635432847913,52.1498803441569,-257.725534202355
37235,999,-0.327711388760101,0.261496575558351,9.76179167027025,536.510672126816,50.9079735767187,-258.714709637332
37245,1000,-0.327923054663369,0.260666916384747,9.76222934845364,540.957770836933,50.7495849430919,-246.430877713806
37255,999,-0.327366837210547,0.261701301477298,9.76299913793415,562.961806299343,48.4003127109105,-255.661274522828
37265,1000,-0.326295353834111,0.260727649358517,9.76224424751345,556.801680868179,47.0506417076036,-246.293473133653
37275,999,-0.327880685515403,0.261833286768644,9.76210973627452,551.906184618763,37.7992514234359,-248.261508344437
37285,999,-0.327452234373267,0.260706859131826,9.76234701186385,557.328273556392,30.1949376452071,-243.062416122443
37295,1000,-0.327040443459034,0.260562554701844,9.76287362238433,580.675584271326,19.4257788620842,-252.174389164188
37305,999,-0.326796830217365,0.261287217612358,9.76370532995973,561.940967304584,24.1012099396754,-253.130499472969
37315,1000,-0.328077867679066,0.261689558335163,9.76351066812949,567.765698641587,39.3935311364802,-247.117900614569
37325,999,-0.326799872925852,0.260681863815826,9.76324797412544,562.949189047925,43.3852156905694,-247.078646092872
37335,1000,-0.327490478317408,0.260790788037816,9.76360832080383,563.862637678271,36.8253351404585,-253.136221225256
37345,999,-0.327434371045274,0.260996070580863,9.76282354038388,555.074573952844,32.9429339873816,-252.800398379509
37355,1000,-0.328425601640066,0.261644073527656,9.7624738274892,559.508105575057,30.510614434208,-249.701106721439
37365,999,-0.326795281999078,0.261145478568973,9.76398076743544,557.715993705612,49.2811120636958,-253.02046577515
37375,1000,-0.328534793888303,0.261026815599853,9.76289353424432,546.135304528253,43.3665464246453,-254.620190690905
37385,999,-0.327812056676511,0.260669045189791,9.76311728891271,560.922284193064,35.3988689012775,-244.877972136473
37395,1000,-0.327054975911078,0.260367905178627,9.76267967510882,546.923521141949,28.6494989749379,-250.140801377928
37405,999,-0.327058610752825,0.261159077684121,9.76270345420174,541.511959375916,42.9759820235324,-241.962079144243
37415,999,-0.327148520792696,0.261483800706497,9.76168834440403,542.044600731047,51.521162970703,-249.004235804721
37425,1000,-0.327995145276914,0.261415173395111,9.76193290049007,551.825429251946,39.2232313579611,-245.853778477165
37435,999,-0.327781929869596,0.261311194959189,9.76393195870554,547.772320270327,57.6472536286771,-248.756659984626
37445,1000,-0.327850635205026,0.260639003655618,9.7639525688318,560.151436059934,33.8680101734589,-256.818663973348
37455,999,-0.327996122582682,0.260878124671066,9.76345048294631,550.944343770469,46.1250641926024,-243.530059338178
37465,1000,-0.32667844752794,0.260780803460978,9.76227242407369,551.885497098913,38.3520658874541,-247.585076187088
37475,999,-0.328348252997992,0.2609812792679,9.76349881773034,553.989252692899,43.183075543269,-241.054301137229
37485,1000,-0.327468095146386,0.260984318037857,9.76345256503361,557.943002477403,31.7309952866185,-245.496526568767
37495,999,-0.327723626116646,0.260407864933446,9.76371611989829,567.234809612752,38.2714869149411,-237.97335759827
37505,1000,-0.328186351926586,0.261583526387066,9.76422507249421,563.890049327181,43.930503577617,-236.647671606936
37515,999,-0.327471210147488,0.261292537864986,9.76428243147969,573.307889480771,46.6139676099137,-233.709551807747
37525,1000,-0.328287537867408,0.261148046269168,9.76445336213141,552.084544304693,38.8775890676036,-238.901106721439
37535,999,-0.327934638087125,0.260335938113354,9.76459443110743,548.958056124648,41.7825763971845,-258.632184363967
37545,1000,-0.327803066456231,0.260463667112893,9.76397864712157,551.201247934001,44.3980986588582,-248.71179374434
37555,999,-0.327756593659744,0.261255532584393,9.76446180496772,552.354738904924,47.0614983021488,-244.025210978368
37565,999,-0.327411131964189,0.261642446825168,9.76476803154756,542.559804134755,37.4835402107113,-251.397468732305
37575,1000,-0.328302336840291,0.260189320864438,9.76534001104947,551.447658383503,33.512640727248,-249.865992217623
37585,999,-0.327462802010928,0.260404752161176,9.76441096688492,578.309644080839,26.8644400327167,-251.947637221405
37595,1000,-0.327229580157381,0.260531050405329,9.76378113384325,577.601792421672,30.323322684056,-248.354541835943
37605,999,-0.328385006724629,0.260472048480152,9.76384348390364,556.977291472661,47.8996528885581,-234.864905634857
37615,1000,-0.32819623339308,0.259699026757101,9.7657727537737,552.198776800808,48.8137952499895,-238.131641072585
37625,999,-0.328081748930183,0.261345424987122,9.76551044763933,572.794485828237,52.5744408208566,-245.483157474482
37635,1000,-0.327672982011345,0.261030835079645,9.76453653647357,562.291109353447,45.3146641954562,-246.293473133653
37645,999,-0.328426915308507,0.260381088590032,9.76232779301454,556.290883567699,55.0302957681954,-249.884505387281
37655,1000,-0.32794153435603,0.260603216898474,9.76434422590686,554.711812792713,55.2558908036455,-243.435457866478
37665,999,-0.327804115963815,0.260193367910111,9.76534579708159,558.716739888364,50.3978771299779,-259.787538191077
37675,1000,-0.327599463587185,0.26038261679152,9.7648429945857,563.316472912649,40.3590485789998,-247.1453815306
37685,999,-0.328278670879656,0.259646829893603,9.76506589796179,565.769774931462,39.0501148604208,-248.564101013442
37695,1000,-0.327451923486826,0.260883428413454,9.76561683998058,575.500065872568,63.366101879922,-241.209503668004
37705,999,-0.32811563964842,0.26094745641036,9.76380346320665,563.408189478482,61.678962794669,-240.504132648129
37715,999,-0.327286550551816,0.260460359282817,9.76475333952694,560.579328565704,49.7575307667379,-239.046186152015
37725,1000,-0.327427416698961,0.260514403583992,9.76486612481069,542.920455640617,42.9348328052393,-246.898053286325
37735,999,-0.328752165294517,0.260388913592394,9.76527012344098,542.790949470375,37.4769934733512,-241.301876957324
37745,1000,-0.328082635895418,0.261375452943598,9.76502386139884,554.564353658467,38.9224955351634,-243.655305194722
37755,999,-0.328017022677945,0.260270798275325,9.76484539276608,543.961844737926,39.7925097348361,-240.641674770405
37765,1000,-0.327475226059959,0.261276154800582,9.76379827139622,533.550953840193,43.9192412122945,-246.265992217622
37775,999,-0.327795854537731,0.261791702526284,9.76429642449163,528.868067421508,40.1624830831644,-236.047767886421
37785,1000,-0.327343537770231,0.260705898362943,9.76522960602844,529.590751454976,55.0069159503173,-245.001870080218
37795,999,-0.327912920106325,0.260993546615313,9.76477498681629,554.642313801846,45.1690823604856,-247.848881977611
37805,1000,-0.327836007720455,0.260402272786467,9.76547255669319,543.975636552203,53.7556622623285,-241.072099087852
37815,999,-0.327397743177255,0.260495080403033,9.76641110770653,545.390743572583,51.797822579423,-248.866693682446
37825,1000,-0.327686827142186,0.260996427914847,9.76613249589805,531.9393302092,67.3067750492383,-247.090419698538
37835,999,-0.328151792475746,0.26055691738057,9.76593165682735,539.645573100676,74.1891795517545,-249.196794775906
37845,1000,-0.328646117731949,0.26073972320792,9.76620351218678,544.019613937436,72.4700032469693,-232.992709774875
37855,999,-0.328467981204155,0.261343352917136,9.76565490231225,532.719067097879,70.6932598122441,-232.691740102912
37865,1000,-0.327470463554628,0.261182413257685,9.76694562830605,547.399509472162,61.757877949198,-250.910267026783
37875,999,-0.328369441587984,0.261219603674677,9.76617079029779,531.611503471952,53.4350976357023,-249.526895869366
37885,999,-0.327781699443085,0.260974604041895,9.76661319140294,568.697299378585,48.0791764079521,-255.826325069558
37895,1000,-0.328404843634003,0.260742440915448,9.76629377977418,544.005755951845,49.8078187437941,-252.201870080218
37905,999,-0.327774597950409,0.261415864449108,9.76595827606433,541.497753241853,39.3592400126121,-249.526895869366
37915,1000,-0.328423549053467,0.261079026230353,9.76516280421997,557.628638619419,38.4507906376271,-252.31179374434
37925,999,-0.328025661991717,0.260660849226152,9.76548293659845,535.856931930086,33.8028148242981,-253.653159537614
37935,1000,-0.32766408345079,0.261545175091789,9.76560283493009,538.283861359459,30.3060070594033,-252.751488400829
37945,999,-0.328701780995896,0.260914356072546,9.7673297784141,533.261362423082,30.3849498785668,-238.661068209645
37955,1000,-0.328788152311643,0.260495200815625,9.766040044937,531.984991053021,39.1794747676543,-248.354541835943
37965,999,-0.328066104207639,0.261485469692311,9.7663389666965,534.881793558417,50.2160180785923,-239.01867772756
37975,1000,-0.328789164334797,0.260603470502667,9.76608125280129,525.854306956506,54.5383897821157,-239.093473133653
37985,999,-0.328530084399731,0.26094317380363,9.76684849558531,519.38437217705,39.9796716681714,-237.340663835805
37995,1000,-0.328260953998283,0.26047012402666,9.76671792833208,533.372073725965,35.5908118699326,-251.294999851211
38005,999,-0.329057945108002,0.260487346753347,9.76690608521508,531.01534735794,44.0643712827888,-251.232418185575
38015,1000,-0.328671566589059,0.261266953000575,9.76702378878211,533.692476147619,39.8303423446094,-256.873625805409
38025,999,-0.328546946654134,0.261070137707444,9.76573171482476,527.353172573386,36.6120330602457,-252.80039837951
38035,999,-0.329168625609234,0.261393013148727,9.76618928790423,544.184154354323,49.2427291990486,-250.297131754105
38045,1000,-0.329224482173653,0.261121558004086,9.76508697199796,551.118393611575,50.7116027080646,-260.473625805409
38055,999,-0.328213864745398,0.261119313584672,9.76578286540465,546.299733764505,59.6469067205592,-255.826325069559
38065,1000,-0.327938618158915,0.261368971436017,9.76508134532375,535.563635415758,47.1959211643893,-242.446144889378
38075,999,-0.328232042167742,0.262062605757529,9.76580923606347,535.751874833614,42.8961194555014,-251.92012879695
38085,1000,-0.328954807738719,0.261618971581373,9.76541457944535,544.328462015221,43.1703970251077,-249.563702141287
38095,999,-0.327895724959939,0.260881483994785,9.76638185872744,539.558453525764,18.8287632261106,-244.190261525098
38105,1000,-0.327455514707791,0.261973074360839,9.7664048815936,542.894387059686,33.2910707741402,-243.07820595808
38115,999,-0.328840912835674,0.260994848446463,9.76660059930215,543.396176116225,30.1876345120506,-240.834233741589
38125,1000,-0.329123925074652,0.261621014808807,9.76593342205759,564.306791675687,34.8695746164264,-254.620190690905
38135,999,-0.330010116224559,0.261193404867817,9.76583432462247,544.678799616438,53.4703414100957,-244.410328920738
38145,1000,-0.329146684134455,0.261374564651126,9.76427307103065,538.726277649845,51.2729722271184,-239.258358629836
38155,999,-0.328922150336803,0.260642366267609,9.76389890447296,535.442347918407,49.5457390804171,-242.649789755619
38165,1000,-0.328713203285919,0.262542404898764,9.76589689013765,542.663512495313,44.7950813997348,-246.980496034416
38175,999,-0.329485277727932,0.261398791918873,9.76707959637958,532.027974289751,45.3403284398518,-252.91043207733
38185,999,-0.329252593028234,0.261537197985323,9.76692354006794,530.399141459013,56.7488996867738,-247.518780884152
38195,1000,-0.329133923313307,0.262043545317957,9.76605414953164,527.165662717662,64.7592482899939,-241.429350996249
38205,999,-0.329132976296799,0.260941115563448,9.76776962152763,541.136308956141,55.1149427121953,-249.004235804722
38215,1000,-0.328443897628604,0.261030610129906,9.76700937548632,545.009330847746,60.0275061773937,-245.60645023289
38225,999,-0.328679006914508,0.26161677400193,9.76764885647299,522.184248328284,59.308506658205,-233.902110778932
38235,1000,-0.329519436735864,0.262016057000342,9.76793412672032,535.415629120313,61.3833993152655,-246.760648706172
38245,999,-0.329061156188079,0.261628678878293,9.76625357842738,541.097989701637,45.9213549123781,-250.489690725291
38255,1000,-0.328641697114346,0.260596681680319,9.76687140521396,547.853530887689,52.0787904296083,-250.140801377928
38265,999,-0.328375610997412,0.260370725206658,9.76708198573408,571.00363901704,40.0705201968148,-248.013932524342
38275,1000,-0.328577093007535,0.260767958891884,9.7685379976241,540.385003091767,54.2808301690095,-252.504160156554
38285,999,-0.328934941806489,0.260259922879616,9.76705933326425,535.332111913966,58.1843383075414,-242.924874000168
38295,1000,-0.328998783602744,0.261093564300141,9.76576485546461,535.710205072049,64.6194447813007,-251.542328095485
38305,999,-0.329367526169016,0.261182364895648,9.7655354240888,535.928278517325,52.7548001266453,-249.884505387281
38315,1000,-0.329880799823361,0.261635426261522,9.76667821018851,547.242065330765,41.3573585536241,-251.29499985121
38325,999,-0.328654518380105,0.261535690820967,9.76600189450019,528.749638160276,52.9528656615737,-247.628814581972
38335,999,-0.328799638647471,0.260704773370451,9.76860477267389,544.263118625297,32.7295058616818,-254.093294328894
38345,1000,-0.328517041768849,0.261353524948573,9.76866827860339,557.007432685074,40.0516913186669,-253.383549469531
38355,999,-0.329287847556673,0.261925794582361,9.76699697930377,532.386090944367,42.4884823181458,-255.138614458183
38365,1000,-0.329232589305936,0.261648611338461,9.76757209017476,534.492219251468,43.9346813308457,-257.148434965714
38375,999,-0.329420284900276,0.261426080055492,9.76773104861429,530.716524228107,42.4315266814715,-253.047974199604
38385,1000,-0.329626771568178,0.261689388572631,9.76838404726091,530.749136680579,53.8343328873871,-254.675152522966
38395,999,-0.329499327249215,0.261343787623109,9.76680172077926,533.23487568287,34.5365232135129,-254.560937544629
38405,1000,-0.328884683194501,0.261152590382467,9.7677979815546,544.027029796068,55.3023008654241,-265.227824278691
38415,999,-0.329837694969655,0.262497142778324,9.76860233042121,533.500084134618,61.3976526991437,-261.383026809466
38425,1000,-0.329447597677782,0.260624679250349,9.7675141247358,524.871450062351,61.1947019211861,-267.426297561134
38435,999,-0.329103670941719,0.262227282904711,9.76858153941079,539.011855565245,48.6181927251385,-270.818416397528
38445,1000,-0.328455745859086,0.261380722687941,9.76673532021158,539.104513854881,51.8320951122883,-259.456831912279
38455,999,-0.329522504669271,0.261552070727219,9.76790806084955,525.895586974334,54.1207532615896,-262.730939607761
38465,1000,-0.330255025538611,0.261617153666844,9.76831225677798,541.481779038699,56.8413309160049,-253.493473133653
38475,999,-0.329818472641738,0.260916203460678,9.76781586665047,539.770912035239,35.1595513672284,-266.114475815724
38485,999,-0.329441717934637,0.261954684658794,9.76831839517227,544.827454533939,41.9946052940864,-251.342451883395
38495,1000,-0.329389689409287,0.261304427983388,9.76762895532518,547.306613630325,36.0215768078939,-257.890419698538
38505,999,-0.329576489152577,0.262179077664138,9.76802277516342,559.749541139843,48.6512649703616,-251.287435034485
38515,1000,-0.328771705248853,0.262086773067451,9.76834959668427,553.887543215512,48.2951101928997,-257.862938782508
38525,999,-0.32897112732615,0.261342176254389,9.76855590503794,549.624279263272,42.3854942923474,-258.054507450413
38535,1000,-0.329370558793381,0.26177965345906,9.76700701459535,552.738157653392,34.3885706261491,-256.626297561134
38545,999,-0.329694688305374,0.261489066214853,9.76925790042668,537.889597969554,54.4634777871112,-237.450697533625
38555,1000,-0.329554405166888,0.261658985112388,9.76753361336349,546.93063597049,47.5300670683994,-253.026297561134
38565,999,-0.329273205978715,0.260884153825789,9.76875293048844,542.343364731563,60.9549545165354,-253.790701659889
38575,1000,-0.328659431261973,0.26105139229045,9.76862043088422,566.07790386507,44.8571691820239,-261.710267026783
38585,999,-0.328595630528731,0.260702362667613,9.7681645414442,550.795566788436,59.9086885043072,-268.700267714493
38595,1000,-0.328212832565596,0.261327396221792,9.76781387219307,550.197306967996,47.5533052368166,-254.565228858844
38605,999,-0.329421091879264,0.261107600466972,9.76709498550003,562.23973304322,48.8521879917001,-258.412116968327
38615,1000,-0.329694223906659,0.261124794045266,9.76773680320113,548.223869171778,48.035325729995,-251.322480767241
38625,999,-0.328221983071648,0.261452242499091,9.76736369016818,541.103712467289,41.90118069278,-249.279320049271
38635,1000,-0.329048823032655,0.261347035982734,9.76782861733184,546.919071501738,30.5689813502733,-257.835457866477
38645,999,-0.329355117547805,0.261678017590418,9.76728506267553,549.273320761648,39.1838984678739,-265.894408420084
38655,999,-0.328269233049323,0.262466383107973,9.76760067139874,537.308873468176,52.2926624560145,-247.161171366237
38665,1000,-0.328694542894886,0.262008915800711,9.76744096926054,536.258365858647,41.180728914332,-253.85072504205
38675,999,-0.329375900134438,0.262114142285342,9.76739796115075,547.906761391308,46.1052724972252,-249.939522236191
38685,1000,-0.329492295550578,0.261540771109129,9.76626725275419,562.075203538261,54.4219211166382,-251.76217542373
38695,999,-0.33006722207877,0.261908030472808,9.76840408768948,552.938221485701,40.7854466939678,-259.732521342167
38705,1000,-0.329082492546094,0.261703911276758,9.76702211458312,564.754425872434,29.5476802766871,-260.06141206495
38715,999,-0.329001023430211,0.261305759243522,9.76646816208675,571.577151997993,34.8310848167858,-261.795653176291
38725,1000,-0.32987632616569,0.261948959176514,9.7666231244977,558.097329250765,49.4053903387246,-252.229350996249
38735,999,-0.329001390119685,0.260474251150801,9.76621467877789,557.362051698179,35.7878327225132,-257.559355810222
38745,1000,-0.327926527470487,0.261612167900133,9.76666050423479,583.515587243437,43.4370811694513,-255.059885347393
38755,999,-0.328640770150975,0.261301699137992,9.76605965628104,566.831031540473,40.9789276063279,-254.781004940269
38765,1000,-0.329117775511818,0.261407874206264,9.76687265524922,569.14346855416,36.7484939810308,-256.076679240523
38775,999,-0.329688747288303,0.260614206943524,9.76748607581081,545.698973900349,50.5936978019636,-246.500969179317
38785,1000,-0.328829279289289,0.261265396217466,9.76656669705965,547.730428089111,43.4922655620998,-246.10110672144
38795,999,-0.329276633136574,0.26047267405804,9.76680930028717,554.327293179926,58.6934060066434,-252.30524673932
38805,999,-0.328707275414506,0.261053061612836,9.76723375167527,566.131024239538,42.2518166091132,-252.7453815306
38815,1000,-0.327684167241472,0.262046231489826,9.76673503223089,557.815115325624,35.9069063432023,-259.594236492431
38825,999,-0.32837699357368,0.261159615889314,9.76692440219655,547.885117039285,24.5069040417014,-251.837603523585
38835,1000,-0.328109651494313,0.259818790722055,9.76717804596944,554.816993122924,26.6951689394233,-252.998816645103
38845,999,-0.329298030880698,0.26153541611367,9.76613437350222,537.701219304592,40.4018950054486,-255.633766098374
38855,1000,-0.328130165409792,0.26226344962084,9.76657103232954,541.156229859081,46.8813328815732,-247.007976950447
38865,999,-0.328890717773609,0.261668067168299,9.76516608630499,550.584712328748,47.5768137076243,-251.727569825765
38875,1000,-0.328324557996368,0.262416014686168,9.76536758221485,554.961001307238,34.8568837866552,-254.262938782508
38885,999,-0.328265321474929,0.261663478526392,9.76572121789591,561.704249946949,42.0722677125114,-253.680667962069
38895,1000,-0.327911234050913,0.261529686569432,9.76607544324476,554.133849875794,49.8439280636223,-253.053778477164
38905,999,-0.328320916496971,0.261429223498047,9.76491503208856,552.682955192447,53.0183407250981,-256.816628349938
38915,1000,-0.327623452510163,0.260822626151645,9.76735696174974,556.864488705552,45.6782411900611,-247.66751893518
38925,999,-0.328578134439375,0.261521354762063,9.76694035299347,559.911018963704,38.0923062091802,-236.377868979881
38935,1000,-0.329408648577757,0.262349535873422,9.76757446846267,567.204290062314,46.3173034180843,-249.646144889378
38945,999,-0.328735726275269,0.261055114124522,9.76766727751306,577.211559010795,39.7443234910527,-249.609421142731
38955,999,-0.328337001855986,0.261194565627381,9.76680110759188,562.345603014048,40.1192555281462,-248.921710531356
38965,1000,-0.328849349186976,0.260303380688736,9.7657519160753,566.196656231697,38.3939808882639,-241.429350996248
38975,999,-0.32845844020115,0.261288583826412,9.76562446191972,544.117805033857,35.1586349930965,-238.96366087865
38985,1000,-0.329676116679033,0.261203173713436,9.76584286866288,546.802932169882,39.4900272429095,-246.018663973347
38995,999,-0.328823226365037,0.26154954946772,9.76492307832233,549.586444380799,38.2298263303242,-242.649789755619
39005,1000,-0.329118792916428,0.261703459439279,9.76586555484803,552.459455097464,48.1845581297062,-251.29499985121
39015,999,-0.32900191659243,0.26154966964836,9.76597381536765,551.76375229631,43.4278340589186,-243.502550913723
39025,1000,-0.328488521923838,0.261599449700069,9.76526238101777,536.445909052449,43.9449745856893,-245.304160156554
39035,999,-0.328919145620244,0.261380586611,9.76715459613638,544.28606338598,39.6444003460226,-246.913595546142
39045,1000,-0.328214961238628,0.261586398250726,9.7654101206125,542.288124634382,48.3793277009845,-248.931641072584
39055,999,-0.329610413443081,0.262192881133459,9.76753021440872,550.233598991985,40.365199443188,-241.439419079599
39065,1000,-0.328532500573536,0.261024243128704,9.76619791284478,549.301405215427,43.1837340313689,-253.053778477164
39075,999,-0.328654273357091,0.261766420721385,9.76617520866728,555.562935831632,35.75718677236,-245.565682747848
39085,1000,-0.328729230960412,0.262246398270813,9.76572765107735,557.956540676434,42.549390331733,-251.762175423729
39095,999,-0.328844161900972,0.262156282107826,9.76599528719109,564.909569109347,37.9053850699458,-255.991375616288
39105,999,-0.328820503276335,0.261945389658696,9.76527559719814,553.866686356311,58.7596450735318,-249.554404293821
39115,1000,-0.329197834833275,0.260685623299871,9.76568869486436,569.928543287233,42.75907274671,-243.270572370295
39125,999,-0.328292022319647,0.261088614313346,9.76509373021852,566.103569619071,49.7041574304131,-247.243696639601
39135,1000,-0.328762759606453,0.261026651112178,9.76665354042518,564.78114362886,58.7415732831686,-247.557595271058
39145,999,-0.328508754298717,0.261360272651502,9.76626963672502,575.056601563397,50.6699284517617,-247.353730337422
39155,1000,-0.329368536532176,0.261992303020937,9.76489544827389,571.688360919096,61.772488618241,-251.26751893518
39165,999,-0.329086590405147,0.261423039159126,9.76477995010684,567.11355450556,57.2204162886844,-256.459018832023
39175,1000,-0.328224280918269,0.261356968413632,9.76429954044235,565.15443186667,38.0835359962483,-259.621717408462
39185,999,-0.329913273436598,0.26235877144011,9.76637531149203,552.012250161947,35.2664281044216,-259.319894975342
39195,1000,-0.328973035745625,0.26191618831157,9.76462292640615,554.08276345963,41.6927933107474,-252.201870080218
39205,999,-0.328429928588636,0.262351241310485,9.76526863559102,549.680053782251,41.8933816963393,-249.031744229176
39215,1000,-0.329328688013414,0.261409295401556,9.76530850880255,565.155418545558,36.1058041452736,-251.542328095485
39225,999,-0.32828623959141,0.261132059608351,9.76462484482076,552.279214852222,37.0930420729365,-255.441207127188
39235,999,-0.328811539633799,0.261284197792341,9.76540401007656,568.092225228711,29.5343191389442,-253.323058444154
39245,1000,-0.328487398808329,0.261364526091432,9.76369365797754,572.469258539011,31.1872224648865,-256.296526568767
39255,999,-0.329192748811852,0.262153670917782,9.76528740794419,573.222681454176,34.5631093674646,-252.36026358823
39265,1000,-0.328275088905424,0.260742208746747,9.7649783490994,581.091599593946,30.5529265435274,-264.733167790141
39275,999,-0.329340950551722,0.260977230663334,9.76584709272455,573.888012349902,33.0640983273549,-244.052719402823
39285,1000,-0.329035192821779,0.261997546063179,9.76456657639743,565.759755731642,44.6026595276975,-247.859885347393
39295,999,-0.328597227272607,0.261794640942374,9.76462250161911,565.06057028409,41.616117411652,-256.211443011928
39305,1000,-0.328478638808822,0.261780183858745,9.76470409601594,555.387199703467,46.3937045183464,-253.795763209989
39315,999,-0.328123316220091,0.260932327092401,9.7653343477476,557.873525320784,50.5832279950079,-244.245278374008
39325,1000,-0.327886450837556,0.261406629268759,9.7642017277005,561.17323472235,34.8772698749801,-256.791183057317
39335,999,-0.329273060146556,0.261907465643707,9.76417683202137,577.04623305167,33.2192548959292,-256.541544105388
39345,1000,-0.328202310794357,0.261198746001582,9.76649998689061,558.369674715559,50.2137048970292,-248.491946416095
39355,999,-0.328419175528394,0.262353457135738,9.76530849368956,553.130194648262,43.5387586391311,-252.63534783278
39365,1000,-0.32862996551062,0.261843391712133,9.76477696971238,562.925642624307,32.9367395082974,-251.652251759607
39375,999,-0.328000422851522,0.260983591055261,9.76526608100618,566.541429270282,41.5667124476768,-244.327803647373
39385,999,-0.32863185402748,0.262317399936408,9.76453419755678,573.182395284165,40.1938402493255,-251.452485581215
39395,1000,-0.328494892735829,0.260946629677848,9.76394466841429,573.972812060699,34.7210603154137,-256.241564736706
39405,999,-0.328596942785174,0.261354886182891,9.7645360802673,570.585900892325,27.9992653345665,-258.879760184062
39415,1000,-0.328530918984076,0.262037520910826,9.76408651940578,564.529725826655,30.1019113000043,-254.400343362661
39425,999,-0.328805834834229,0.261234919669245,9.76550477839085,585.543200897171,32.8347881744811,-260.475248802451
39435,1000,-0.328595379004031,0.261183619550773,9.76663519746002,574.515022039195,45.8322329847639,-264.238511301592
39445,999,-0.329052870040868,0.261072961450383,9.76558746875963,574.103210958834,43.0920695632383,-257.916965328137
39455,1000,-0.32899770016892,0.26106131718547,9.76578579471965,570.5317061153,39.1149762324517,-259.731641072584
39465,999,-0.328475062606196,0.261007753577716,9.76513818758111,573.249168565616,44.6622517165948,-263.858785010415
39475,1000,-0.328701829101578,0.261673223662827,9.76508953176688,575.210964843811,35.5374383879422,-261.902633438997
39485,999,-0.329356278967812,0.261382565770644,9.76492001682461,569.241912530589,40.2451797342698,-268.672759290039
39495,1000,-0.327806411590233,0.262687280803103,9.7654870052333,569.954740012679,41.1185308298852,-265.200343362661
39505,999,-0.328428025008372,0.26212356616516,9.76588833815103,575.856852101222,57.4419165874934,-267.159795945014
39515,999,-0.328931456744948,0.261902253780109,9.76735120067978,590.244277107124,55.0607948816633,-275.082222188051
39525,1000,-0.329466543125393,0.2603312162136,9.76697731920518,580.721610972424,48.9455261652923,-268.882786110752
39535,999,-0.328289857988426,0.261210391786629,9.76733644658997,577.96276231164,38.0795431299213,-267.819998131934
39545,1000,-0.329878681986593,0.260796609723768,9.76701968888441,562.329091298644,31.5578471728036,-256.846144889378
39555,999,-0.329675679931362,0.26116454582465,9.76569979897818,577.988707914535,32.9240910437107,-264.82157986634
39565,1000,-0.328999986304272,0.261465848592652,9.7643099000072,572.04590787797,39.4930847218862,-251.652251759607
39575,999,-0.327815660200133,0.26143814908125,9.76673653898225,569.369838342543,27.8134247170385,-268.782792987858
39585,1000,-0.329123862818017,0.261395859040894,9.76495151258384,578.068065871245,32.2920758994449,-263.139274660371
39595,999,-0.327949805653165,0.26222039961625,9.76619150303224,589.65947127339,34.5829863205456,-255.578749249463
39605,1000,-0.328685706247525,0.261662340309938,9.76609999426805,578.687993480633,34.7183651858492,-266.71179374434
39615,999,-0.328428798188064,0.261375527308426,9.76661580471187,597.912036879152,28.6680033971644,-269.608045721508
39625,1000,-0.328724879585069,0.26129816758946,9.76666516011291,591.293326391175,26.4250970234417,-263.276679240523
39635,999,-0.327856816126236,0.261507708010305,9.76502648777508,586.002595920541,53.0639286061123,-272.413905015917
39645,999,-0.327852505427974,0.262008742503309,9.76465964545403,584.021668433358,28.5037564253971,-265.454273628805
39655,1000,-0.329604912755561,0.261181152361285,9.76563238154606,577.848550365281,40.8455436084782,-266.766755576401
39665,999,-0.327880881878053,0.260948736053009,9.76689711202898,589.896602312706,31.1694929189362,-261.190467838281
39675,1000,-0.328960492684243,0.261550863314447,9.76774976811584,586.927876042574,34.9275597632554,-272.3453815306
39685,999,-0.328884863464845,0.26093547701049,9.76688182825882,597.796913872213,46.0627973305338,-255.826325069558
39695,1000,-0.329077608356343,0.2604437239916,9.76855739475793,588.808288615389,41.4792588285789,-267.316373897011
39705,999,-0.329160804645329,0.261614948610742,9.76680568088539,577.511178660149,38.0698809055653,-270.213231059518
39715,1000,-0.328691029357557,0.261873566097871,9.76731021154403,584.310897700155,43.3015246319063,-268.140801377928
39725,999,-0.328600397858738,0.261702949469036,9.76686647771403,589.989912103315,40.6286693252559,-262.895990154491
39735,1000,-0.329124885370739,0.262345927366759,9.76676407650641,576.891981145787,35.5304733042966,-259.786602904646
39745,999,-0.328519017525865,0.261751866176125,9.76648684402458,586.094066294456,32.0950909785193,-268.232624498758
39755,1000,-0.328208050342532,0.261518228463814,9.76742921665744,593.927198707425,36.380445228194,-248.656831912279
39765,999,-0.328514711106162,0.261236966154859,9.76672682440457,582.231038230882,48.648731071008,-264.518987197335
39775,1000,-0.328660536270489,0.262700816508089,9.76815585523288,588.695004926894,48.8432854121657,-262.287366263424
39785,999,-0.328905616404264,0.2605028987347,9.76712795534493,592.148233138882,37.2153299413149,-268.012557103118
39795,999,-0.329028367677834,0.261432235352067,9.76646800939156,607.211447937588,28.8359449722349,-266.499593758094
39805,1000,-0.329904258800986,0.260920464603797,9.76737446533503,584.220080331791,47.5088150893799,-268.992709774874
39815,999,-0.328845651762115,0.260453805010223,9.76714605281645,590.36362967624,49.0302948864784,-270.763399548618
39825,1000,-0.328505533398578,0.260727656136374,9.76616158050072,582.989247997664,54.7464677679409,-271.603396797775
39835,999,-0.328766286107135,0.260321915475809,9.76761656841378,583.280592933967,60.7337771591683,-260.695316198092
39845,1000,-0.328229301046558,0.260530171198578,9.76656890120208,569.790191957137,40.8731324668116,-264.211030385561
39855,999,-0.329204681844391,0.260251392893769,9.76726958969954,561.544020348238,39.2821357064539,-270.570840577433
39865,1000,-0.328812624485568,0.260251305998873,9.76530978006063,577.214848202934,26.35587532093,-281.716373897012
39875,999,-0.328314555831685,0.260683395675436,9.76764014309238,578.537292217117,29.3278987716092,-262.593397485486
39885,1000,-0.328180216199144,0.261302787379306,9.76703147080027,564.401819787227,26.2933429374227,-270.998816645103
39895,999,-0.328839372324057,0.261135555297538,9.76595379124791,553.88506511294,23.8720637122271,-258.329591694963
39905,1000,-0.32900751666468,0.261663243294524,9.76669578145041,567.856874040226,29.2398407642815,-260.171335729073
39915,999,-0.328135741076925,0.261348148823645,9.76675299276053,588.183781689489,30.9729346217849,-272.083803922457
39925,999,-0.329064216692125,0.260980574936491,9.76770042028212,579.492276249456,26.7848099356019,-260.915383593731
39935,1000,-0.32839059116348,0.26109422767001,9.766197720714,591.404257144743,40.5235465451271,-265.062938782508
39945,999,-0.330216253943094,0.26111922147176,9.76667460234983,582.199100637047,30.5807106992626,-263.583700765866
39955,1000,-0.328965788426999,0.259486876946958,9.76722866368489,579.71881841048,39.4410343345909,-261.930114355027
39965,999,-0.329120540952906,0.260457668191086,9.76690607214061,573.032588613096,31.3738199800331,-262.648414334396
39975,1000,-0.329188135034525,0.260232878754874,9.76828840805731,568.428926661047,38.1074679536462,-260.336221225256
39985,999,-0.329613869269419,0.259941761251238,9.76706592932296,571.773499770746,34.2364400186989,-268.232624498758
39995,1000,-0.328801322445051,0.260482271319463,9.76599981286626,579.728544158388,38.7276029343337,-273.38965633976
40005,999,-0.328496607692119,0.260013433399446,9.76636899833808,575.885854505828,34.432835185637,-264.739054592975
40015,1000,-0.329292554271037,0.261555247354257,9.76544855463789,568.105713006923,33.0838223651328,-271.218663973348
40025,999,-0.327949589291648,0.261283219906222,9.76483212866462,573.891330037632,25.7422646423961,-266.857203276009
40035,1000,-0.329028448076538,0.26157809875958,9.76685965707322,576.527852621936,35.3241331583738,-258.220190690905
40045,999,-0.328291109511525,0.260449531468267,9.76635443256121,581.781059587123,24.9168717846143,-259.484945522072
40055,1000,-0.328575059523949,0.262054823504527,9.76589506089371,549.520445084752,26.4785781502102,-257.505686874111
40065,999,-0.328948664399693,0.261089756310414,9.76712714396335,550.853667556251,27.6262685058707,-261.438043658376
40075,999,-0.328713982042511,0.261518124631873,9.76627484376925,574.652887036944,26.5407960192333,-255.221139731548
40085,1000,-0.328997350539507,0.261315739652537,9.76658369314944,558.006144890055,31.8869609581372,-253.603396797775
40095,999,-0.328616112986426,0.261154496010765,9.76618506689031,571.13181498674,39.0996309049325,-257.036695745578
40105,1000,-0.329110802426639,0.260294067213808,9.76552271315036,581.431787888842,18.7660577339199,-264.018663973348
40115,999,-0.329020507232402,0.260703583834327,9.76515252358671,569.021079147632,23.3108271017939,-260.997908867096
40125,1000,-0.328743488302074,0.261744027375448,9.76627649264781,572.798722572321,25.2557263243293,-262.012557103119
40135,999,-0.328877480455291,0.261296590135983,9.7666187977846,565.299611085934,19.3987950126429,-270.350773181793
40145,1000,-0.32962673991332,0.260877261705849,9.76469130673244,569.671926270857,19.9645420257639,-264.430877713806
40155,999,-0.329022395209143,0.260609662825417,9.76539889682085,574.464713816274,34.9778678496497,-266.169492664635
40165,1000,-0.328232769183884,0.260985729882364,9.76580004561128,568.103307065346,32.8737385713186,-269.404923515332
40175,999,-0.328885677958658,0.260724992793691,9.76769381754394,577.258728792107,19.5754196870776,-273.239157749567
40185,1000,-0.328171381382166,0.259662672742052,9.76657581078933,583.556675214202,28.9225600073775,-272.89499985121
40195,999,-0.329291284503329,0.260936314393412,9.76624368239875,566.579237841001,28.8280219628584,-267.682456009659
40205,999,-0.329185796938948,0.259703517957594,9.7660838518682,553.036327534867,33.6670342903381,-262.978515427856
40215,1000,-0.328201213079154,0.260845214278479,9.76608730259179,564.872642411511,26.974140480461,-262.672099087851
40225,999,-0.329088049082291,0.260223844747999,9.76658100355846,573.797092577776,26.0511361235295,-265.839391571175
40235,1000,-0.329308703595567,0.260563032461559,9.76637151078372,582.519520253768,26.8033802989322,-264.320954049684
40245,999,-0.328758553286122,0.260446337582165,9.76489930821401,577.552019456748,6.41506008437021,-276.650202381985
40255,1000,-0.328944458695806,0.260005562626001,9.76612449943068,566.400245109183,6.01435515851367,-272.86751893518
40265,999,-0.328737912258581,0.260434827588111,9.76607627259349,583.407375321043,8.14387993426138,-270.268247908428
40275,1000,-0.329351658719927,0.261227658299002,9.76709738041787,580.303145174644,6.0417352882964,-255.362175423729
40285,999,-0.328632257536891,0.261127407836166,9.76642707682725,568.887946303554,1.60826420156398,-257.421813687947
40295,1000,-0.328575575962456,0.261414734467066,9.76467615332958,563.662276834822,18.4003992004745,-254.070572370295
40305,999,-0.329649210243796,0.261204883201699,9.76704458308428,571.267053466324,15.6808457384355,-260.255181406811
40315,1000,-0.329766101935979,0.261700356383716,9.76579690656106,585.287642725206,15.135283879421,-271.411030385562
40325,999,-0.329517703418495,0.261404868129664,9.76641654745352,558.98363384293,29.2683698609793,-267.875014980843
40335,1000,-0.329569907706097,0.260988163263898,9.76723321004234,558.763638794054,27.6861000796169,-268.580496034417
40345,999,-0.330151741270501,0.261804243198205,9.76520562101996,551.879513608055,23.8813609443302,-259.649996068802
40355,999,-0.330182354902679,0.262365787708959,9.76755075328248,566.451624130454,19.4010177974349,-268.040065527574
40365,1000,-0.330361473485556,0.262123368672581,9.76808697401308,561.254138829611,14.1143804944212,-268.470572370294
40375,999,-0.328815140943267,0.261471749396345,9.76760073704311,566.038722618017,17.8363321558733,-273.184140900657
40385,1000,-0.329488420244589,0.261610073968794,9.76751161468313,565.620408764896,35.317467719531,-266.574389164187
40395,999,-0.329596060565157,0.261056903901784,9.76801645520973,557.293324484948,26.2793270398127,-274.889663216866
40405,1000,-0.328373189255578,0.261529301652358,9.76775721565451,571.209739167155,32.9517734334945,-268.030877713805
40415,999,-0.328792988265086,0.261619878911776,9.76817160286454,568.845513397635,23.7221908963901,-275.219764310326
40425,1000,-0.329678107547913,0.261525312995076,9.76799661164067,561.873044749446,52.8207867969614,-268.717900614569
40435,999,-0.330344058227871,0.26101672274899,9.76477858591528,562.553801309647,38.646421379673,-271.010975368712
40445,1000,-0.329343425756935,0.261488139392462,9.76753744855748,555.426811922181,41.0800435266748,-262.974389164187
40455,999,-0.329472048602908,0.262942829126396,9.76522224109199,557.123690381438,39.3681786456555,-264.629020895155
40465,1000,-0.329039308562774,0.261535340170412,9.76683002024465,556.523583569556,32.6708681425687,-274.516373897012
40475,999,-0.329131226852434,0.261587821269166,9.76637972222273,559.696569427273,29.5785819119478,-258.357100119417
40485,999,-0.329795252688968,0.261545911275327,9.7671469542355,573.581351695559,31.7809060463267,-262.648414334396
40495,1000,-0.329349023058857,0.261030111705095,9.76735905574719,568.379446631058,26.229034684974,-263.441564736706
40505,999,-0.329610387142325,0.262020840730894,9.76728792867506,567.273053188559,26.6929248265888,-276.540168684165
40515,1000,-0.330249411112462,0.261157506249244,9.7653156168614,547.192191471695,32.3415537849014,-265.557595271057
40525,999,-0.329578038351488,0.260895420482882,9.76650876226039,557.254634329424,40.9697835092639,-267.847506556388
40535,1000,-0.329256247549283,0.26208925681553,9.76730896799688,560.623588710818,47.1875639583356,-264.540801377927
40545,999,-0.329605214497537,0.262656498682361,9.76663327979184,547.446366438187,52.6844496055952,-283.389766373458
40555,1000,-0.329255568456403,0.261749125000797,9.7664907346178,551.462361838755,32.1535986367585,-270.861412064951
40565,999,-0.329109112456798,0.262084799667487,9.76613290682231,552.001090785133,31.8922179622152,-272.358888167007
40575,1000,-0.32837981650456,0.261509105723628,9.76546754392463,542.473571813996,33.0440744736079,-267.7560685535
40585,999,-0.329962253376151,0.260108077276083,9.76582186224798,554.939550564217,26.2298733492358,-271.863736526817
40595,1000,-0.328784075608416,0.261390101699039,9.76567082990896,562.486265628224,20.0922377718642,-272.455305194721
40605,999,-0.329556381519798,0.262059690405304,9.76739403171792,562.862031317315,28.7634497234619,-282.096870424073
40615,999,-0.328913427015494,0.261893891605031,9.76669283495299,570.104623554884,25.3090864816644,-274.422020001131
40625,1000,-0.329725846156536,0.262000286024194,9.76845961916034,562.504417317019,16.3009859415265,-260.720954049683
40635,999,-0.329528939551006,0.260897293055683,9.76596809505429,554.277028138447,18.5259581010459,-269.663062570418
40645,1000,-0.328936842838187,0.260366798844482,9.76768171237573,551.360352154668,21.9602063152462,-264.183549469531
40655,999,-0.329732720989428,0.261322662312616,9.76619596930012,556.593268637339,20.0093899902709,-261.658111054016
40665,1000,-0.329219181790909,0.260158607852033,9.7674408989899,557.325992746887,33.5672451003235,-275.42324412602
40675,999,-0.329476645554381,0.261167778797165,9.76925839224824,549.916102006299,13.6132722821281,-259.980097162262
40685,1000,-0.330679597525761,0.261689291334827,9.76806131354559,550.306614296658,27.0012809635177,-259.236984584035
40695,999,-0.330702203587257,0.26076978440681,9.7676165817215,567.26039821454,21.1852223806238,-257.009187321123
40705,1000,-0.329424548595291,0.261421829775801,9.76714855028695,556.101930177081,34.3456537238151,-266.546908248156
40715,999,-0.329917925014837,0.260909972832383,9.76697101262353,561.368349505641,17.979452427961,-261.905686874112
40725,1000,-0.32986496563521,0.261683253608391,9.76727288891084,568.605315183712,32.873314690359,-264.705686874111
40735,999,-0.330185885494504,0.26106755527878,9.76839006938636,559.69564677975,34.223263645582,-268.920335110133
40745,1000,-0.329300986081339,0.261092824479395,9.76679764575608,562.313342120682,17.9044073375547,-273.114847179455
40755,999,-0.328598294923091,0.261571801088694,9.76750629703665,565.376973240446,17.0365798911283,-267.764981283024
40765,999,-0.329689081907152,0.261388548887499,9.76739273383604,565.467681330345,26.5597650472375,-266.802186427099
40775,1000,-0.329436914144493,0.261268209460421,9.76713634542037,570.433195887412,20.0313874108758,-268.7453815306
40785,999,-0.329041409958923,0.261489605542654,9.7683958931178,563.345871721412,9.21282140123217,-267.957540254209
40795,1000,-0.328570439859177,0.261096453892903,9.76732376346726,573.258181650243,1.81414748929999,-275.862938782508
40805,999,-0.328910130170591,0.261829187150523,9.76742530876811,568.437911683626,21.6273921585272,-272.991581929471
40815,1000,-0.329534122618509,0.260968618854885,9.76669271157609,559.613801405067,21.0502852797739,-269.185076187088
40825,999,-0.329180997876472,0.26127961033887,9.76752835325585,557.635018813531,19.3660731616889,-270.653365850798
40835,1000,-0.32953073268229,0.262497682825552,9.76818541538827,558.256929767942,24.6821635086854,-275.230877713805
40845,999,-0.329372141169918,0.261164974297384,9.76865924164502,568.504885905834,31.7355373380627,-275.852458072791
40855,1000,-0.329616095028499,0.261692665826624,9.76976037872873,563.761465427277,33.5882486188025,-278.198816645103
40865,999,-0.329930369215556,0.262179092608591,9.76888084834724,563.002645719418,30.2578207287357,-274.119427332126
40875,1000,-0.328822302110102,0.261457015559208,9.76889431676404,553.511176903343,36.3837967111588,-267.481259393195
40885,999,-0.328765932626587,0.261898731010362,9.76821477032851,561.779018251433,24.6166987599789,-275.714915950516
40895,999,-0.330419804925703,0.261676791492334,9.76825388712462,548.997746556731,38.9607173368746,-280.198789136679
40905,1000,-0.329666388264936,0.261701373997879,9.76838815793112,549.230019827717,38.9372257713815,-279.05072504205
40915,999,-0.330789157639635,0.26134365265368,9.7692352003551,551.962488831739,35.2751488603854,-272.826531382742
40925,1000,-0.329383118832412,0.261610247905268,9.7690283828305,551.405143298314,28.5665738910026,-275.285839545867
40935,999,-0.329379748664175,0.261247290855608,9.768330693101,555.728665913199,20.1938776959294,-275.109730612506
40945,1000,-0.328886531084327,0.261624396329825,9.76877325380516,555.747639917597,32.770779334248,-282.12858763747
40955,999,-0.329374488998872,0.261155596817672,9.7686160271504,559.715681846938,16.5060668463784,-280.748957625778
40965,1000,-0.330179023689587,0.261350867265587,9.76843137730194,551.226355036208,28.0476131327812,-281.001870080218
40975,999,-0.329671065333894,0.261317276861707,9.76991015979637,550.675726043242,20.788239228444,-278.080640453645
40985,1000,-0.329409980673365,0.261186167290002,9.76870217446255,560.588197260531,29.7244615559033,-278.253778477164
40995,999,-0.329827684350164,0.261651674256853,9.76726969465129,561.136074558295,32.6004308564546,-279.015926885115
41005,1000,-0.329668992931563,0.261423544849992,9.76942884352266,534.614608658758,33.4065821626877,-284.18965633976
41015,999,-0.329813941632937,0.259834449809827,9.76978458508804,530.097352978958,31.4696397028403,-280.363839683409
41025,999,-0.330340519694556,0.26092521548535,9.76859685862068,544.102316753867,26.8993425151051,-281.986836726253
41035,1000,-0.329369807737409,0.261033002080823,9.76885978355588,549.990902844413,29.8821709434533,-281.441564736706
41045,999,-0.329084249924825,0.260515002734332,9.76881431681384,558.750297974016,33.6771445517872,-291.862361105594
41055,1000,-0.329752057064695,0.260765320267789,9.76800590178438,562.440025299224,31.4328343671959,-283.832404431363
41065,999,-0.329477844960777,0.261177274492996,9.7679685501891,562.710229409373,21.7305295538304,-277.695522511275
41075,1000,-0.328535281514516,0.260242178148271,9.76926458629359,550.763643055071,36.2560631487141,-294.714847179454
41085,999,-0.33091092983766,0.260489931801723,9.7702348867562,555.685203437965,23.4678741595621,-274.697104245681
41095,1000,-0.330891994737752,0.262339907472756,9.76946041834465,559.22326657263,26.5787809864537,-287.954541835943
41105,999,-0.330441339834163,0.259883746241132,9.76842039440432,560.895521483766,23.7922747150701,-288.148723804171
41115,1000,-0.330069652710352,0.261836865560717,9.76709122463488,552.173968850326,13.5707706588296,-275.45072504205
41125,999,-0.329603008587031,0.261304310663177,9.76885084183894,551.601888095549,13.6846200682119,-279.786162769854
41135,1000,-0.329324027216799,0.260718972467117,9.76836981345694,555.688914671684,26.5927851183044,-280.424770843577
41145,999,-0.329489899560843,0.261073988134358,9.76849877209673,560.712421092141,23.3458527932007,-283.417274797912
41155,1000,-0.329634951880495,0.260761494394553,9.76833029523089,576.999284068162,21.7864876523234,-294.467518935179
41165,999,-0.329023065699863,0.261961350820663,9.76885423356502,574.575027387815,11.0291838114029,-275.274781159236
41175,999,-0.329808098464661,0.260761010074238,9.76785201607092,576.582028069311,25.1957671292833,-284.902729718482
41185,1000,-0.329050731985719,0.261550767226989,9.76913132219202,569.067725369698,16.0010999673484,-270.064465500065
41195,999,-0.329686704754228,0.261684024412509,9.7697505814845,557.410645103991,7.05031483854981,-271.836228102363
41205,1000,-0.329460994655469,0.261085572927602,9.76952423421964,555.245641959656,6.00575913086216,-275.340801377928
41215,999,-0.330141325581118,0.262389728851294,9.76750199378148,552.488738348263,8.46656713897091,-272.193837620277
41225,1000,-0.32944780892458,0.261857341640792,9.76861266380064,561.062346290445,17.5260438129201,-278.363702141286
41235,999,-0.328706606789397,0.260815841402549,9.76980967029538,569.492731225199,8.76136703909388,-278.43824997156
41245,1000,-0.32935030108392,0.261820799153549,9.76909853899042,559.773758707839,15.3238164546866,-280.259885347393
41255,999,-0.33020127162723,0.261663862159439,9.76839778283889,554.653908706838,29.4308153963431,-268.012557103118
41265,1000,-0.330175675095103,0.261555472289039,9.76819072849199,562.59852623681,19.4378104956867,-267.920954049683
41275,999,-0.33055067524765,0.260729165794504,9.7681969436995,540.49910234808,16.9829955349978,-265.234206233164
41285,1000,-0.329200107794969,0.261250259135958,9.76701696342187,542.179744386348,18.9313725408947,-266.464465500065
41295,999,-0.330532414833276,0.262184631072385,9.76870384107051,547.592364723408,22.9308565000866,-268.975351959043
41305,999,-0.329408176625198,0.260839935221569,9.76950994342382,539.506587543525,39.423750519362,-269.332961476958
41315,1000,-0.32981543265059,0.260489771553361,9.76878534181307,538.953312528747,34.7052185046519,-281.166755576401
41325,999,-0.330937687531514,0.26043478525921,9.76902626673714,539.367643958507,29.3923535209781,-280.143772287769
41335,1000,-0.330277621059308,0.26215712278602,9.76890545232365,549.648327479048,21.3260820290836,-275.395763209989
41345,999,-0.33019777806551,0.261832158695547,9.76803188480508,556.380136850898,34.8944474142226,-267.682456009658
41355,1000,-0.330454876277457,0.261083144659372,9.76850146835769,535.825994239622,41.4560459551516,-272.675152522966
41365,999,-0.330576065076264,0.261109913746284,9.76747662514337,528.537013605327,39.07922580854,-276.320101288526
41375,1000,-0.330057090331495,0.260487484267902,9.76890314168858,558.912160664655,28.0127743065902,-281.331641072584
41385,999,-0.329499565027136,0.261170051663357,9.76865128048092,556.284455465909,36.8470158745695,-281.519193510519
41395,1000,-0.330044829292838,0.26169849632581,9.76907404338475,554.003242171912,44.0216018873452,-284.18965633976
41405,999,-0.329667191725652,0.260716068266709,9.76961944163926,553.122226846203,37.1759087688385,-265.31673150653
41415,1000,-0.329892078024571,0.262003279022367,9.76936813439279,550.932458673279,38.8258529663674,-274.241564736707
41425,999,-0.329537129181626,0.261994411996215,9.76925092329103,555.448137870549,32.3213509233798,-273.926868360941
41435,1000,-0.329510372290515,0.262418086319073,9.7687618106051,570.174446378784,30.5461075975319,-278.5560685535
41445,999,-0.329004592306847,0.261349766742237,9.76845706119098,570.34394916685,36.8398758222448,-279.648620647579
41455,999,-0.330020596131787,0.261456407735918,9.76859993771554,559.260350773228,36.0046162449173,-284.352561229382
41465,1000,-0.329530228008082,0.261239528690052,9.76949340984784,567.797700300312,35.9596966217954,-281.771335729073
41475,999,-0.329451581235574,0.261022567898412,9.76981660990358,556.310986545352,35.7148474534905,-270.433298455158
41485,1000,-0.32985962803601,0.260674136154616,9.769545484042,568.174019112189,35.1672261290597,-272.785076187088
41495,999,-0.329694669319895,0.26083871755936,9.76903593535838,561.101113893228,27.5278282300578,-269.085385656863
41505,1000,-0.329870564491179,0.260338367264519,9.76851876137292,572.37262016407,25.3493595691545,-285.618663973347
41515,999,-0.329409603178548,0.261000903292768,9.76919418222642,561.840006860488,29.373393116959,-278.410741547104
41525,1000,-0.329744986984356,0.261072127397431,9.76978619790945,563.130739327617,29.6724903081188,-270.28431282831
41535,999,-0.330654472111105,0.260227779581596,9.76969624607797,546.514873924724,36.3396230447802,-276.045017043976
41545,1000,-0.329802183869391,0.260336871561855,9.7698627313034,544.401253523603,35.4203188837083,-278.720954049684
41555,999,-0.330587264925176,0.260304535058951,9.77051625649367,538.58166115969,37.7514413662615,-272.386396591462
41565,1000,-0.330541239605197,0.26104445432782,9.77033423029882,546.856531127905,35.3938901001001,-279.792709774874
41575,999,-0.331079676999609,0.260815864161225,9.77154219253627,558.543075538486,37.8614276148416,-277.145354022175
41585,999,-0.332129325092825,0.261036550998868,9.7705235005044,559.552542052397,36.3352005672935,-281.739260906159
41595,1000,-0.331336320283879,0.261039241096729,9.7696283172679,561.54473900035,32.5340511286473,-278.308740309225
41605,999,-0.330502014161283,0.2604643387697,9.77014117070734,546.902895475062,26.5771885013023,-273.074107202836
41615,1000,-0.330934719747941,0.261366428733333,9.77113913788722,548.096632888973,38.6639649250045,-280.782022751974
41625,999,-0.3314265471545,0.260957867356524,9.770097346771,555.721847515905,32.231343198858,-278.76835106502
41635,1000,-0.33038884397115,0.260376306525073,9.77083049969442,562.887695707987,11.842367454381,-283.667518935179
41645,999,-0.330735253434582,0.261797701322214,9.77059697032934,564.329941948788,29.1414632798309,-284.407578078292
41655,1000,-0.330933209513743,0.261542504233275,9.76990582990255,561.594417275966,23.4090335210771,-278.501106721439
41665,999,-0.331409485837722,0.260692434793792,9.770922890483,558.610801280549,0.378144829213622,-287.075895250426
41675,1000,-0.331360584653777,0.261663655483314,9.76993668152269,548.395669071793,19.3088878731659,-278.006450232889
41685,999,-0.330750788999346,0.260207564775303,9.77038880169299,552.174838091299,23.2427377489203,-275.137239036961
41695,1000,-0.330711020188437,0.260586350368344,9.77190140349355,547.075070130711,21.5602435379297,-275.835457866478
41705,999,-0.330424461517956,0.261559620478883,9.77061751957175,542.706493319187,18.5303062002068,-272.551447138192
41715,999,-0.33070370169143,0.262042690661433,9.77011434956278,549.456784624824,19.7224663284932,-283.334749524548
41725,1000,-0.330385542709858,0.261531714321341,9.77187584926761,558.714342541865,5.30886362948506,-279.023244126019
41735,999,-0.330615463629441,0.261854711899714,9.77026393398596,555.711231712207,12.1407313319801,-272.909056656107
41745,1000,-0.330805277128826,0.261989237015305,9.77081844967364,549.479098763615,25.4633081839633,-274.488892980981
41755,999,-0.331083874724705,0.262301804259632,9.77057939370225,545.809724019359,18.327091045152,-278.300707849284
41765,1000,-0.33025476087638,0.261042650381009,9.77065633875615,545.205169562408,13.3779900318411,-273.582022751973
41775,999,-0.329989427806897,0.261421745368273,9.76990525692967,557.222715888584,21.6075376469405,-279.758654345399
41785,1000,-0.330765407412215,0.262634595604828,9.77024932460129,553.251043392728,27.5141958625088,-280.891946416096
41795,999,-0.330338097683007,0.260253506305671,9.77029874420471,561.538713776235,23.4337104106259,-288.726400717725
41805,1000,-0.331194605475399,0.260846820030302,9.77068507287368,566.666233071532,3.97518071403738,-289.685839545867
41815,999,-0.331052338151309,0.261127311136032,9.77017453991958,573.292134271074,23.4219406996544,-287.681080588436
41825,1000,-0.33031040364553,0.260803679775877,9.76925053653279,567.088727259921,11.4652143989299,-289.246144889378
41835,999,-0.331222605628283,0.26199973585427,9.76912620412756,566.835399090852,9.83691798528044,-292.385021170239
41845,1000,-0.33031687543979,0.262143740884134,9.76932970635922,556.820608497056,14.1406696721989,-280.232404431363
41855,999,-0.330865413633778,0.260874027533265,9.7708380549449,549.489586736666,22.9525835784031,-278.87838476284
41865,999,-0.330334995845592,0.261235201901759,9.7705725833286,553.431103487828,40.1214523737092,-289.634178724741
41875,1000,-0.330998476738689,0.260852979215039,9.7685607160737,561.318920513663,32.3857610233748,-287.734694507699
41885,999,-0.33137549408214,0.263093955288078,9.76872701035776,556.75524182018,24.9638400608455,-279.758654345399
41895,1000,-0.330480813608972,0.261509825087376,9.77075221970004,556.878230214898,18.3803556035005,-276.055305194721
41905,999,-0.329989108185404,0.261573096201378,9.76863216426144,559.893239109878,28.40431746937,-275.164747461416
41915,1000,-0.33057164212977,0.261440975291655,9.77041207773436,552.436329866696,48.5901205011651,-282.485839545867
41925,999,-0.330590203025313,0.261251762455645,9.76945877566033,558.888036822509,51.2787634750728,-280.253805985589
41935,1000,-0.331663561811556,0.261162218085608,9.76877551000396,547.311304765106,50.0236208052441,-285.453778477165
41945,999,-0.330023563529723,0.261265417792094,9.76995195555126,543.024824919261,38.4959687772981,-292.907681234884
41955,1000,-0.330611085543996,0.261708199197937,9.76741198218855,555.266265360754,42.6089853687499,-293.203396797775
41965,999,-0.330992664077434,0.260696665076677,9.76919361514087,566.15791292864,26.5579270053207,-274.256969454402
41975,1000,-0.329417733952126,0.261405635594256,9.76863884980655,566.300833723058,22.8287607762927,-281.331641072584
41985,999,-0.330456270001644,0.261134904917757,9.76969994814306,569.532854776874,39.3674947576178,-294.695728824458
41995,999,-0.331446141234355,0.260789855493878,9.76876648012842,542.943580127225,31.8733528166722,-287.846131135166
42005,1000,-0.330555743047327,0.261538720474917,9.76973829715403,562.845462372728,23.8926677027534,-275.890419698539
42015,999,-0.329669648115347,0.261851768982891,9.76920163835451,540.003368809392,39.7615559760852,-279.978721741039
42025,1000,-0.330576887844216,0.261179280530399,9.77160328342578,541.4646806346,36.1494238497162,-280.259885347393
42035,999,-0.329721491833492,0.261017262626152,9.77012340446497,548.38817222221,36.1929277787965,-280.996533445874
42045,1000,-0.329982431748663,0.260811377289949,9.76988147842628,539.890476389882,31.6225573395276,-288.036984584035
42055,999,-0.330911834375185,0.260415745976492,9.76932502185807,530.160290993231,24.6438553035701,-279.318519554119
42065,1000,-0.330179845799906,0.260561980632577,9.76912986353707,551.990926046318,21.8803395446798,-286.553015118386
42075,999,-0.330152238029758,0.261366540717265,9.77074784105118,543.996895581366,25.5748497157675,-282.702055762083
42085,1000,-0.329469326661764,0.261596751288712,9.76886113582609,538.063939953789,36.12113141925,-288.091946416096
42095,999,-0.330840795186612,0.261646543753013,9.77090277122063,550.263843800644,34.0849445783045,-279.428553251939
42105,1000,-0.331147493236786,0.261272890346054,9.77045580189954,553.663100428632,26.1724374267024,-287.459885347393
42115,999,-0.330407289129815,0.260111124470134,9.76981469902264,530.692877536375,42.9471306490721,-287.873639559621
42125,999,-0.329928023841125,0.261619967620698,9.76817177797697,542.832433577814,21.4997548350635,-283.279732675637
42135,1000,-0.330854104310093,0.261339243223052,9.76907951988972,546.800161081467,20.1271229247038,-282.760648706172
42145,999,-0.330778371346424,0.261033790548389,9.76819297384416,555.555218225242,37.0999740049729,-277.420438266725
42155,1000,-0.330247290490754,0.260717090505727,9.7687827666165,552.988438184081,33.0459621665174,-280.06751893518
42165,999,-0.330252601859303,0.260096898036888,9.76807082832426,563.856530990546,29.6095009199115,-271.258551188807
42175,1000,-0.329913649192831,0.260256967945947,9.76962531328082,557.989908128395,48.2199840027158,-279.600343362661
42185,999,-0.330692110777934,0.26100569511574,9.76832338688056,564.130891398668,41.0601931330322,-281.436668237154
42195,1000,-0.330452002893335,0.260605073165506,9.7695622089027,569.928373635062,40.1201283695052,-276.98965633976
42205,999,-0.329243964366857,0.261116286865361,9.76950291888907,577.548114352502,29.0581922567376,-284.930238142938
42215,1000,-0.330197430929923,0.261194818059433,9.76843535231044,580.074575703339,22.7217858111989,-276.714847179455
42225,999,-0.33025668306704,0.260395064240103,9.77002337143098,569.139702107372,35.6478583494013,-283.719867466917
42235,1000,-0.329965649439223,0.261542812265087,9.7689201837659,568.57455356057,31.6670339102276,-273.252251759607
42245,999,-0.329421793303355,0.260902093728385,9.76915323613833,572.485288192016,32.041652926865,-275.46734013042
42255,999,-0.329683160361518,0.259943989257614,9.76877872424397,563.145898857005,50.8568316593733,-274.999696914686
42265,1000,-0.329664877018111,0.26125381148663,9.76892665474315,574.652653543366,44.2318060246242,-269.707213591668
42275,999,-0.330003497572107,0.260708007279888,9.76941552174911,576.396416695638,38.7400070285483,-276.07252546843
42285,1000,-0.329713490297218,0.261451986494322,9.76884612037612,568.137461087726,24.9356118462333,-268.168282293959
42295,999,-0.329085239870359,0.261342645430008,9.7684957121067,569.442349328873,40.3385381771538,-279.896196467674
42305,1000,-0.330544296008054,0.261145126926979,9.76887220884162,563.225179133703,40.4546059734228,-283.365228858844
42315,999,-0.32947722833665,0.261394497666951,9.76857335809088,568.090226046151,49.9030983606905,-278.76835106502
42325,1000,-0.32964435339447,0.260680114150747,9.76811000224802,560.220140372453,67.064695918249,-282.980496034416
42335,999,-0.329203081776279,0.261706063059701,9.77028360930078,568.061269339385,74.0618067318154,-285.177813963032
42345,1000,-0.329682630490822,0.260586846165101,9.76789970251919,583.105339518318,70.4745295334558,-279.07820595808
42355,999,-0.32994180938454,0.26005465481703,9.76965150752448,601.931967892177,50.6942589558513,-271.478618584447
42365,1000,-0.330328714537401,0.261081766560311,9.76912812412408,600.20926667522,36.5174564727457,-289.026297561134
42375,999,-0.329634396501312,0.260399759365594,9.76837051835797,591.471803901068,42.6174721726701,-275.769932799425
42385,999,-0.32951996443757,0.261139314782491,9.76793802566904,584.645119732159,48.2246510946805,-271.093500642078
42395,1000,-0.329712711418194,0.261668127465859,9.76936107247657,590.469763792792,34.2978677945834,-284.546908248156
42405,999,-0.329414642235427,0.261004022228134,9.76932250909778,590.935246802721,35.1746636110722,-277.33791299336
42415,1000,-0.330360747164956,0.261466774696331,9.76942274107002,580.125391888727,31.8637781477909,-279.765228858844
42425,999,-0.329318730439496,0.261299970048526,9.76856418643047,590.685195867998,39.3998982976542,-284.242527531562
42435,1000,-0.330066440046083,0.260981245344776,9.76876747793663,585.563547540327,52.4710718466227,-278.088892980982
42445,999,-0.329068019780746,0.261304212422343,9.76953628151826,590.399981723334,35.2870968391411,-283.554816920188
42455,1000,-0.329932842710875,0.261499607731672,9.76801015661694,570.95806991975,53.6694290697635,-277.924007484798
42465,999,-0.33015034094822,0.260941821924022,9.7685082009187,578.155751406132,38.2516452447338,-273.486733569662
42475,1000,-0.329708718273038,0.261180389147488,9.76720421716454,566.849019225703,56.4895156398086,-275.9453815306
42485,999,-0.330128293829508,0.260815590434735,9.77007330031653,571.849519444918,50.8768627190647,-269.167910930228
42495,1000,-0.330234184345525,0.262207206210609,9.7682167322652,578.311142766623,44.6882990955097,-265.969809011516
42505,999,-0.329578938131526,0.261183238521821,9.76737702735731,578.866754601858,41.488181839316,-277.668014086821
42515,999,-0.329285883349095,0.262220453319533,9.76892671073517,581.183967244831,52.8299195106903,-278.548283669379
42525,1000,-0.329532588344845,0.261043979636129,9.76856170792418,584.808808289031,39.9027943486568,-270.696526568768
42535,999,-0.329657911217884,0.262024449793475,9.76828485197319,570.31694924816,45.3962986228213,-271.286059613262
42545,1000,-0.329998229624528,0.260768356583446,9.76797400180743,575.12550248287,59.1117417478604,-279.298053286324
42555,999,-0.329600497603688,0.261108685595942,9.76853404549874,582.924133927192,66.6017629982928,-269.910638390513
42565,1000,-0.329087965899482,0.261455999927596,9.76900449497763,571.755577482524,84.3792023011281,-264.513320461897
42575,999,-0.329445021710235,0.261482930069854,9.76817936248061,573.756770963219,77.5695189842698,-267.709964434114
42585,1000,-0.329180652065924,0.26200476505889,9.76853866175803,575.794009991321,63.5143396238407,-262.727060919913
42595,999,-0.330029172683714,0.262209748627149,9.76838428418509,570.550236393829,66.0951235684364,-272.716497684922
42605,1000,-0.328441143773612,0.261914606876142,9.76734129260741,569.412829572322,75.7884548366098,-268.77286244663
42615,999,-0.329320491289802,0.260695956993454,9.76806560820627,580.277915007686,57.7838831352897,-262.978515427855
42625,1000,-0.329472523438257,0.260739148822377,9.76815403958915,575.551297282301,58.3134451150382,-283.1453815306
42635,999,-0.327930658285843,0.261823789170912,9.76831637462502,583.454062693934,46.142499556331,-274.532053698951
42645,999,-0.329189778550738,0.261699050289871,9.76763090978059,584.552418791704,55.6848201358496,-266.499593758094
42655,1000,-0.329074877454301,0.26107749842918,9.7679202675575,583.58288317173,51.1134664794337,-263.056831912279
42665,999,-0.329469575660259,0.260298717662585,9.76948524954535,585.93664076006,56.0626232644089,-263.061040701221
42675,1000,-0.328524660862871,0.25996078049025,9.7689942553976,599.431213315853,65.1226685917618,-270.256831912279
42685,999,-0.328778020537146,0.260889821858821,9.76821292237825,585.271521711448,58.0024252109174,-272.056295498002
42695,1000,-0.329150089608851,0.260727620450489,9.76785669954154,576.236293817304,57.6289909309555,-273.719427332126
42705,999,-0.328428742976787,0.260129469932314,9.76818622109256,590.885066831577,55.8817476216921,-270.708382699708
42715,1000,-0.328750137648448,0.261487864865084,9.76758455482592,582.719095138697,51.9786246664191,-273.032404431363
42725,999,-0.32878629408281,0.261468102880304,9.7669508845284,576.01537686869,57.618993063851,-258.742218061787
42735,1000,-0.330277456393698,0.261510075178859,9.76730888124028,579.931160323647,75.3862394413544,-272.757595271058
42745,999,-0.329125506574713,0.260420582804443,9.76759179326748,568.840417880882,66.5023874915577,-270.983466944258
42755,999,-0.329046314973382,0.261185592401127,9.76739415938857,565.781081492623,61.4315149261768,-274.587070547861
42765,1000,-0.329795539129007,0.26156999044251,9.76725317052931,576.168168475289,68.0917179298445,-272.620190690905
42775,999,-0.329199766074098,0.260532873459113,9.76758522194242,577.806074082904,69.6479268338839,-265.20669780871
42785,1000,-0.33009931285189,0.261276849512363,9.76744877936901,577.937484459384,68.3490094344073,-271.768282293958
42795,999,-0.328482230513749,0.261615535062292,9.76787006396688,586.016876419906,45.154330000688,-269.608045721508
42805,1000,-0.328691153806297,0.261572168232578,9.76762775863719,585.860523125254,40.7319068829543,-264.65072504205
42815,999,-0.330238671852272,0.260778308719128,9.7672924837711,576.573013234093,53.5096177952998,-268.095082376484
42825,1000,-0.330484775745884,0.261149858113373,9.76786999442913,568.248934238482,52.4737235184719,-262.56217542373
42835,999,-0.328408638720501,0.261704872375516,9.76720427943623,574.604961627448,61.9992842282547,-276.51266025971
42845,1000,-0.329505376529716,0.261296821741393,9.76717207765262,560.536987153141,66.080447235097,-279.57286244663
42855,999,-0.329767467471747,0.260798397833988,9.7660853137101,551.300540709488,74.8148541336639,-273.486733569661
42865,1000,-0.329293043802253,0.261298181862848,9.76537259498323,550.360021651322,59.7083231279441,-270.119427332126
42875,999,-0.330166916326122,0.261032547306324,9.76523695657835,548.967202597931,49.7552853081987,-271.561143857813
42885,999,-0.329305661219998,0.261942890067132,9.7675500423228,550.431479286727,41.7266899832582,-278.685825791654
42895,1000,-0.329818726034173,0.261294249641404,9.7670849586162,560.34164109035,49.2432052334253,-276.769809011515
42905,999,-0.328569366622348,0.261138674133647,9.7655926525023,555.874572451083,54.0125040815536,-278.1081488781
42915,1000,-0.328949841387886,0.261442631742148,9.76769241086348,552.076408994769,51.7888262317382,-266.272099087851
42925,999,-0.329491576995236,0.261548964324894,9.7667837345154,546.800732059136,54.0773225057405,-275.329798008146
42935,1000,-0.329420660668109,0.261640538901562,9.76663484924343,572.641804809985,45.9370992535857,-273.004923515332
42945,999,-0.328192371742589,0.261333794301687,9.76679853446821,569.409894067934,48.9734884764666,-278.823367913929
42955,1000,-0.328872009333637,0.26044958483442,9.76585809181321,559.383953854623,48.0760363165201,-276.137747942813
42965,999,-0.328677138859519,0.260501259372164,9.76515960589646,569.906084387838,49.8355367093958,-277.44794669118
42975,1000,-0.330101609443186,0.260258584567039,9.76604175756441,560.029135845239,57.8435704710823,-269.29499985121
42985,999,-0.3281945502825,0.260927169070416,9.76808838976041,571.186044101301,48.7039632868767,-267.407371765109
42995,999,-0.329288238426553,0.261459786420792,9.76724108664654,558.234362871115,51.0391571653915,-276.595185533076
43005,1000,-0.329321065394654,0.261477691683674,9.76712363612342,577.200138450973,60.4196225348359,-268.140801377928
43015,999,-0.329064944826396,0.260750069456336,9.76583749841826,574.025217701362,59.8454427520119,-279.621112223124
43025,1000,-0.32987943744183,0.261082039804662,9.76585742677544,566.402858525065,45.4748750959264,-265.090419698538
43035,999,-0.329552910560309,0.260644713042944,9.76819362517826,571.016984438287,54.7229029953683,-258.439625392782
43045,1000,-0.328707885534362,0.261183479900514,9.76771651331097,572.321759131491,47.2097810461907,-262.672099087852
43055,999,-0.328987533908751,0.260715216622473,9.76814446400557,570.645007872835,56.2175108801114,-261.520568931741
43065,1000,-0.329350191883508,0.260931772293248,9.76786096468201,564.388747821313,57.6160393176787,-263.304160156554
43075,999,-0.329318620845171,0.260896659323062,9.76797026926102,554.54493352411,58.8200449746867,-277.585488813455
43085,1000,-0.329609760384528,0.260288298053054,9.76772086388493,569.315086787161,50.2714153393553,-270.614083820676
43095,999,-0.329428149233663,0.26085631430376,9.76667702874125,559.428524695503,57.3230831549506,-265.839391571175
43105,999,-0.330192294160647,0.26034518667662,9.76764715074579,552.253033472017,67.9985749412291,-269.745587843783
43115,1000,-0.328857616253178,0.260281156747229,9.76694565866869,553.119504079742,68.0995812650967,-263.414083820676
43125,999,-0.329871707644803,0.261677619907393,9.76900415629134,561.070380660411,63.5525559550113,-264.27141137724
43135,1000,-0.329801687122072,0.260544138760777,9.76726972090004,554.612640071611,64.1682489160076,-268.607976950447
43145,999,-0.330372248219044,0.26057780961372,9.76903934379486,549.726763873613,55.5013770192162,-256.238951436383
43155,1000,-0.330112798643649,0.260877967855482,9.76836720540605,574.085031897025,63.1804051868093,-270.091946416096
43165,999,-0.329353333985643,0.261232917677932,9.76833188160468,574.646412640479,72.8344726030686,-279.511078525304
43175,1000,-0.329545170720098,0.261386718462671,9.76867500914764,571.257842197201,69.399439996731,-273.169809011516
43185,999,-0.330227538877372,0.259963552932583,9.76864549857229,556.360456430225,76.0439879881183,-274.587070547861
43195,1000,-0.330012742221084,0.260628290060184,9.76849143296032,548.855322456611,69.380858817724,-274.681259393195
43205,999,-0.329982775990828,0.261024209491326,9.76838167459948,560.834529087065,49.4751975883573,-270.845924821983
43215,1000,-0.330349027120024,0.261485137497509,9.76830530213819,560.877954268063,57.9675930166347,-271.603396797775
43225,999,-0.329424531387235,0.260840909901388,9.76860203890526,563.36399634496,61.376351638275,-276.100033892885
43235,999,-0.329959795774542,0.26094134343625,9.76754826483024,565.19898907066,55.1911883351842,-266.609627455914
43245,1000,-0.330525729509995,0.260942239720341,9.76895603794333,554.018273205442,70.9440833471551,-280.699580003881
43255,999,-0.330863131916778,0.261113511093878,9.76927082193889,548.370825708064,70.2158847807588,-277.0078118999
43265,1000,-0.330000217209406,0.262282071473157,9.76910647957897,549.644523834986,67.184435487192,-274.214083820675
43275,999,-0.330602784732377,0.261355120774794,9.7679464081132,549.738853657318,65.9600376717856,-276.760236079806
43285,1000,-0.329523194366357,0.260857383089329,9.76778108108034,566.985131498348,76.259862560283,-287.432404431363
43295,999,-0.329567504178625,0.261190362965153,9.7683558951296,556.899502362041,71.7039755552442,-278.603300518289
43305,1000,-0.330047024817738,0.261892163138448,9.76791937261051,567.634697806162,69.9154572222396,-281.524007484798
43315,999,-0.330602184670838,0.261296967583989,9.76884554752339,567.061111210484,60.4573243973427,-273.981885209851
43325,1000,-0.330415152949976,0.262008029797655,9.76838207482544,553.879019143493,61.2498414705928,-267.7560685535
43335,999,-0.32958503076259,0.261910630791403,9.76903538289895,560.652625476769,63.3723086616885,-273.871851512031
43345,1000,-0.330585349347251,0.26106535209285,9.76823229754161,576.456641272942,65.0677515417562,-269.734694507699
43355,999,-0.330501080592889,0.261161659180155,9.76925970995888,579.176242312842,57.2455612433569,-270.020672088333
43365,999,-0.331005965385468,0.260624148192751,9.76913819699781,586.592965744817,55.5967920205478,-258.522150666147
43375,1000,-0.329102533095221,0.260328174607209,9.76824207817076,585.215349475976,45.4405307142097,-268.717900614569
43385,999,-0.329531096032386,0.261014116354467,9.76924073412806,588.384363966974,58.2598285653503,-274.036902058761
43395,1000,-0.33011324414617,0.259994973996316,9.76938698178819,571.986889232428,71.2586610980207,-273.38965633976
43405,999,-0.33012882723387,0.260750439486871,9.76832423612326,571.241084318777,69.8190277570118,-274.311986303311
43415,1000,-0.330371520801553,0.260480408811868,9.76874503142972,585.68608507127,78.7698420016164,-274.104160156554
43425,999,-0.330239481033572,0.261184996888837,9.76957014301666,571.891969982563,76.8621765949979,-274.311986303311
43435,1000,-0.330072206976441,0.260912964441627,9.76919749688857,563.252716066069,83.5003504549855,-267.563702141286
43445,999,-0.330212786526527,0.259953474092707,9.76780649411959,562.732076349763,72.1044402372015,-278.988418460659
43455,1000,-0.329794029424423,0.259475571395965,9.76950799206241,567.701586630816,57.7419838773679,-275.120954049684
43465,999,-0.329826424331149,0.260987171979663,9.7696097066395,569.04523464009,60.1223267381947,-266.884711700464
43475,999,-0.33094698054128,0.260970717642702,9.77021080538304,561.94403080034,70.6430883081098,-281.134075568149
43485,1000,-0.330002769976897,0.260998912113594,9.76943617810024,578.756891611236,61.4117930989824,-274.296526568767
43495,999,-0.330336421810777,0.261196777821142,9.76934177394155,569.930801887841,76.2412612483046,-264.65652931961
43505,1000,-0.330712305453751,0.26056956951508,9.76867583500849,560.356363830577,75.8806087114609,-271.32858763747
43515,999,-0.330881091152481,0.260820546542154,9.76819078519372,572.427899745289,51.4763432793543,-271.506127008902
43525,1000,-0.329554988354772,0.260359554973044,9.76807583766483,562.519636955416,73.3599697631109,-276.549961683271
43535,999,-0.329915544520046,0.261529455498397,9.76845573211122,569.905798741602,75.180543852376,-266.939728549374
43545,1000,-0.330694003671491,0.260093460273033,9.7685406746326,564.186505361174,63.9218045349782,-270.83393114892
43555,999,-0.329806534476666,0.26104418426718,9.7673813647618,551.562456568006,61.666141984663,-276.815252928715
43565,1000,-0.330642889779574,0.261008796894773,9.7687445998479,540.930987233766,61.1877381123203,-263.056831912279
43575,999,-0.33049492670306,0.26118921196991,9.76726815212486,544.556688478157,52.9493941243152,-268.397675045489
43585,1000,-0.33077866299958,0.260728001777161,9.76709529437328,558.304821685402,42.7248840563648,-267.673625805409
43595,999,-0.330309942301137,0.261351060204221,9.76888105019497,548.457669221998,51.5626122086625,-282.426971517533
43605,999,-0.33038716020969,0.260438024479172,9.76846521569185,536.099478289999,61.7009897066774,-271.863736526817
43615,1000,-0.330367195122227,0.261283318748666,9.76811919015118,542.308917631806,66.4736930184863,-277.484312828309
43625,999,-0.330038582490842,0.261157463053309,9.76882747340517,552.243017354878,73.4043738654695,-267.379863340654
43635,1000,-0.329702720397915,0.261579926468579,9.76773815025094,564.938319843123,73.6945302919282,-266.71179374434
43645,999,-0.329669237171894,0.261439556840281,9.76843290838095,560.612722410556,72.8098095133288,-266.197001089089
43655,1000,-0.331100798223473,0.261156287002719,9.76843332602814,557.418589292872,74.8972255160156,-265.447671606935
43665,999,-0.330884801156935,0.261081457154299,9.7685923141885,581.001385989391,63.4113259648812,-264.463970348425
43675,1000,-0.329712737500233,0.261014772278963,9.76720956043595,583.07733604247,56.5263322812088,-272.345381530599
43685,999,-0.329542108627689,0.260048852648522,9.76676381639723,585.683029777947,77.0488065297314,-269.965655239423
43695,1000,-0.330120057822649,0.260396504483365,9.76775720169453,584.966416237568,56.7271548203096,-270.394236492432
43705,999,-0.330512803889207,0.261759243579963,9.76728772761308,583.349989662564,28.3724083649427,-274.642087396771
43715,999,-0.329325687649078,0.259651974732407,9.76754139269048,584.167272678812,36.7810400341491,-270.433298455158
43725,1000,-0.329599588744853,0.261254511915929,9.76934726976753,586.336609068854,36.9370908959732,-266.546908248157
43735,999,-0.330050093573371,0.259927746293937,9.76757047523609,587.959998132235,46.3413011322906,-282.977140006633
43745,1000,-0.330568459666758,0.260756000138957,9.76713277018632,583.460652585615,51.3718594714183,-279.985076187088
43755,999,-0.329018489124341,0.260533117600515,9.76838776482252,576.783796809496,46.6530192489106,-276.512660259711
43765,1000,-0.329638049570009,0.261611416443327,9.76723405683829,587.619500517689,28.7643422029726,-284.959121988615
43775,999,-0.329332203017282,0.262295263120166,9.76806567399716,575.359168451015,23.4217750140871,-280.033738589949
43785,1000,-0.330179072823216,0.260403427788437,9.76655225712578,574.417632864289,48.3671310952148,-263.908740309225
43795,999,-0.330835397482728,0.260895218264903,9.76698695114878,577.696979769265,47.8829633887925,-271.451110159992
43805,1000,-0.331817093526041,0.260827439295451,9.76821407019382,560.705373229392,67.6151718917358,-278.748434965714
43815,999,-0.33069021990198,0.261926851168035,9.76917203647982,542.578823419909,52.9646372829718,-264.629020895155
43825,999,-0.331270799577285,0.261041862809167,9.76791011347478,548.961941583213,55.6707681292669,-277.200370871085
43835,1000,-0.3309659369074,0.261429343444271,9.76796660854417,548.818843776719,53.8469503564968,-272.180496034416
43845,999,-0.330356549581696,0.260742876681879,9.76857104031844,543.027779798815,34.9764324931308,-278.245691000375
43855,1000,-0.330143560808429,0.26047109921476,9.76887414337051,544.587442488084,58.1039805392498,-270.971335729073
43865,999,-0.330564300169305,0.261520021979587,9.76750983715944,550.749442106278,58.1484153848916,-276.265084439616
43875,1000,-0.330708466485529,0.26120196490984,9.76678771465184,546.568916033721,61.8532394134181,-266.849198324493
43885,999,-0.331225801102253,0.260689089252473,9.76651571503815,554.098409214757,57.8521911382322,-280.914008172509
43895,1000,-0.330893591297626,0.261998844631104,9.76857242472125,560.080513558257,69.8528733867639,-278.00645023289
43905,999,-0.330919097467744,0.261329519259794,9.76796111742536,563.003149652513,42.452619844364,-276.29259286407
43915,1000,-0.330650560228707,0.261185740933251,9.76793033504946,572.253062961319,48.1750742107993,-283.090419698539
43925,999,-0.331125775777013,0.260739185526061,9.76906002411332,573.236389410703,50.3921904281075,-274.449528425586
43935,999,-0.330740994831708,0.2610908811278,9.76821288011781,561.247505492703,42.3200007525978,-278.850876338384
43945,1000,-0.329805457602876,0.260713366588193,9.76758437982651,575.978793087066,45.5637300828103,-283.749961683272
43955,999,-0.329881986156657,0.261196857724479,9.7687236419777,576.177188595749,34.410109648057,-279.263502705209
43965,1000,-0.32972788540185,0.260846184824268,9.76803284839877,588.860248843941,31.8387825055575,-283.310267026783
43975,999,-0.330287850221111,0.260028583578738,9.76948648715273,586.076852113829,38.7314932150009,-276.787744504261
43985,1000,-0.330440490035099,0.260781894701147,9.76681761079606,579.68195567941,46.033903884695,-288.366755576401
43995,999,-0.33037848360332,0.260592807735155,9.76852973639201,578.225174077176,45.1249326950102,-283.692359042463
44005,1000,-0.329658222953633,0.260952728790483,9.76752711380732,594.882600178654,44.2164024065263,-278.363702141287
44015,999,-0.330571537541762,0.260102920599894,9.76889591249203,589.831507445235,47.9768425002098,-275.879966497246
44025,1000,-0.330909610359999,0.260997389747216,9.76746337763979,578.646174217584,38.533395939702,-278.52858763747
44035,999,-0.330720560886896,0.260168655088581,9.76829461024563,567.404378554902,50.2912932628165,-275.990000195065
44045,1000,-0.331007330332026,0.260265224555667,9.768672300387,569.269222803135,48.8600055174553,-284.327060919913
44055,999,-0.3305706848921,0.260463025859535,9.76891203596986,558.733668399616,51.6074102390486,-281.931819877344
44065,999,-0.329143417388041,0.26121130468394,9.76857252220216,556.700529128727,65.8275845682905,-288.258757501991
44075,1000,-0.330665695192355,0.260475337981727,9.76867815154694,558.77626707671,53.0724554423312,-293.670572370294
44085,999,-0.3302577086111,0.261133619903777,9.76895551508909,570.215529333335,61.5343931268305,-285.672965603222
44095,1000,-0.329522065151041,0.261633835904124,9.76754974920912,577.461946886365,58.5081167932099,-280.397289927547
44105,999,-0.329826342573308,0.260517339515395,9.76829225178689,579.28794893499,71.5396892199399,-276.56767710862
44115,1000,-0.329553651679172,0.260339670500396,9.76927570206625,580.378412704398,49.1489636839241,-291.91179374434
44125,999,-0.329578346503613,0.261120321355467,9.76827441371145,583.165955766612,55.345160638337,-273.486733569661
44135,1000,-0.330145829268817,0.261148373738326,9.76904976524252,576.335866650348,58.5042100602719,-286.745381530599
44145,999,-0.330481653592239,0.260613675956798,9.76973182675817,576.273886105766,53.3697099902921,-288.038690106351
44155,1000,-0.329693304670812,0.260724689033274,9.77060774499936,569.679248016391,53.153866890784,-283.914847179454
44165,999,-0.329228691785859,0.260663364375573,9.76974670235875,559.956247174555,46.6206073766551,-279.841179618764
44175,999,-0.329830598249403,0.260817532151731,9.76969144498977,573.118931607887,43.6691616201312,-276.62269395753
44185,1000,-0.329873856011234,0.260834593464547,9.76900780171921,580.313499880594,57.56912301425,-282.568282293958
44195,999,-0.330551934868795,0.26105544115269,9.76931084208702,572.295412376353,63.7163110008358,-287.075895250426
44205,1000,-0.330121032767568,0.261906292351482,9.76963621899528,565.734450455561,60.0227022478124,-288.394236492432
44215,999,-0.330214864585367,0.260774234524611,9.76936820209566,586.827754397456,63.9330626474137,-280.336331258954
44225,1000,-0.330336464639295,0.261185046849217,9.76890906095239,572.127016618291,63.4706815211525,-289.795763209989
44235,999,-0.330200869773505,0.260952558997497,9.769188733131,593.339901984978,52.3263085911701,-280.363839683409
44245,1000,-0.329932734162207,0.261080106770374,9.76869486986368,599.147269588956,57.7997081218504,-276.934694507699
44255,999,-0.329588974544894,0.261993050978064,9.76867635012801,587.393114034894,60.8799819364706,-273.981885209851
44265,1000,-0.330573406037506,0.259982702656452,9.76943315203531,576.552369092394,61.2681275291943,-284.574389164187
44275,999,-0.330132039545643,0.261497752393878,9.76975173483689,571.455853323033,59.9509948295182,-281.519193510519
44285,999,-0.330610267984096,0.261523149595693,9.77026592744516,580.196462753851,48.8678372871048,-282.014345150708
44295,1000,-0.329971078947509,0.259994322808843,9.7691547869153,578.492503521851,41.2799075943376,-278.638511301592
44305,999,-0.330122236691593,0.261181210374293,9.76988305262566,579.88247338057,41.7983771604401,-276.485151835256
44315,1000,-0.330604392480622,0.26137164230665,9.76919313687066,590.429484063958,43.2375881992516,-280.012557103119
44325,999,-0.329784964139478,0.261550776799358,9.76809201286658,562.316847933592,53.4617110863585,-275.907474921701
44335,1000,-0.33087708958353,0.260650101793452,9.76760446509214,569.795540327476,51.7632149497818,-279.820190690905
44345,999,-0.330092249260334,0.261173871563957,9.76796090689182,565.095391294881,54.0362383593501,-284.297544380473
44355,1000,-0.330839789103702,0.261119678609951,9.77014142515663,584.889800604177,48.2042581654005,-285.20645023289
44365,999,-0.331228789336396,0.260336651425106,9.76831540091824,593.606713238487,34.0605590424729,-278.410741547105
44375,1000,-0.331882376919154,0.259996804357196,9.76928969912941,572.280046604104,65.1157471170022,-272.125534202355
44385,999,-0.33108381057708,0.261080665717933,9.76827552605063,572.644262592549,60.0955337856561,-292.55007171697
44395,1000,-0.331420108435745,0.261022205236216,9.76749770528752,556.605157705868,44.9480792622781,-276.769809011515
44405,999,-0.331087626473993,0.260905800325055,9.76880708162282,578.526933032499,34.5804027928126,-271.836228102362
44415,999,-0.330692081140949,0.260852658249838,9.76940531525622,577.603647047075,46.1647484191051,-279.648620647579
44425,1000,-0.331137806436439,0.262314009150914,9.76854519329976,577.258225012345,38.7633881937646,-272.153015118386
44435,999,-0.330803654382153,0.261109741427977,9.76896208555107,571.336607672219,53.8929948124564,-272.936565080562
44445,1000,-0.329665691801818,0.260891771634802,9.76953724674689,573.032712381366,48.8034110731663,-278.995763209989
44455,999,-0.330683603514896,0.260916849692611,9.76945738373608,576.777013602363,44.5112719507674,-271.286059613263
44465,1000,-0.330919779832047,0.260951260284544,9.76900476245713,589.226821163233,33.7392873523445,-283.722480767241
44475,999,-0.331584403405175,0.260682176555034,9.76926865835039,592.290755817245,24.5426210021226,-289.4141113291
44485,1000,-0.330210129176887,0.259067622631938,9.76793621722442,601.39035260807,21.0666722786313,-286.27820595808
44495,999,-0.331841457085549,0.261268342809827,9.76925836539746,598.818221070807,42.8563168700016,-274.944680065776
44505,1000,-0.331331456520152,0.260527143721899,9.76891750554501,581.990945996534,36.578248401136,-275.120954049683
44515,999,-0.331342271713158,0.260009609658346,9.76813058465383,580.681203323624,54.9919357395439,-281.436668237153
44525,999,-0.331269840279227,0.260748242712318,9.76960361628234,579.685763597947,36.9081283908196,-281.106567143694
44535,1000,-0.330976780091893,0.260744008422331,9.76967486005053,589.959054990234,45.5923443771558,-280.864465500066
44545,999,-0.330915931215546,0.260478879068351,9.76967363152426,595.3198473639,39.7970659094453,-272.771514533832
44555,1000,-0.33140029627593,0.260515882619693,9.76845475418892,587.758201665478,51.4456397289353,-279.325534202355
44565,999,-0.330537078520409,0.26139924244329,9.7682342741026,592.221763219672,41.9005491458542,-284.985254991847
44575,1000,-0.330606232746261,0.261017061159402,9.76906881776832,579.574047842493,33.0608128621625,-283.969809011516
44585,999,-0.33085999367991,0.261513732937798,9.77005499104953,589.135907123245,41.2286060115419,-279.896196467674
44595,1000,-0.330818537517013,0.26078217440747,9.76924408544357,573.539366678508,37.8872615642759,-281.414083820676
44605,999,-0.331511417414914,0.261139425432143,9.76876787281794,575.48221377011,43.8358349391565,-279.318519554119
44615,1000,-0.330313348094812,0.261257894494722,9.76754685011798,590.443113850267,50.2128427176842,-276.742328095485
44625,999,-0.330829688582847,0.260894623734798,9.76975169197414,589.244122538225,53.2317695305076,-283.499800071278
44635,999,-0.329356841298657,0.260399973404591,9.76977539586515,569.008018650908,55.8973470016379,-280.803974474689
44645,1000,-0.330890669268845,0.260629251998551,9.76777527843011,587.454275251765,42.9482714402081,-277.704160156554
44655,999,-0.330035880604664,0.261185340273684,9.76870368622121,586.741337457249,51.188204932565,-279.978721741039
44665,1000,-0.329964265300349,0.260058740045093,9.76880319445589,588.840200394681,44.6552501187865,-290.812557103119
44675,999,-0.330314834540978,0.260663737005642,9.76996594150773,587.161687313432,47.7401682322401,-277.17286244663
44685,1000,-0.329630595874608,0.260933702623332,9.7681515111296,593.772193511042,28.1076138978772,-279.655305194722
44695,999,-0.32972671554472,0.261828242878652,9.76882087304646,582.615816907306,42.7928345515799,-284.600137049477
44705,1000,-0.330237404608805,0.259952877380317,9.76956940660604,579.620692909521,53.3464250293613,-274.818663973348
44715,999,-0.330028711062238,0.26089683016937,9.76769498237624,576.576105701558,50.5643548467101,-276.51266025971
44725,1000,-0.329940558090704,0.261720347527551,9.76987730633648,575.560744266458,60.5200270000539,-290.180496034416
44735,999,-0.330724325926075,0.260603923214503,9.76895704002886,583.637391864545,38.4756789762481,-288.97397653782
44745,999,-0.329940102225695,0.260636015891497,9.77079951589701,587.29795090286,41.0503355992785,-298.987043039437
44755,1000,-0.330615871426639,0.260597309529868,9.76982779670436,590.377977243922,44.3127057142716,-282.293473133653
44765,999,-0.329231742470955,0.259137016196635,9.77002402326338,587.956644614444,42.4744081053913,-295.245897313558
44775,1000,-0.329866521503682,0.259974053980326,9.76974737440932,577.79764762864,59.6661463748078,-286.607976950447
44785,999,-0.330942744903737,0.260858010435835,9.76972139826883,578.858163696301,46.0450723256698,-279.208485856299
44795,1000,-0.33037380368341,0.259568894838491,9.77007115718552,573.864463669569,45.6783980428987,-293.258358629836
44805,999,-0.33091058436044,0.26000756330338,9.76875815660065,576.513793416503,43.7509766354859,-296.593810111853
44815,1000,-0.329923038975227,0.261090937092593,9.77061207058672,573.738760313502,54.9307908208075,-295.814083820676
44825,999,-0.330215774229986,0.26068818144554,9.77039660981124,559.816398207535,51.773335715094,-283.967443287012
44835,1000,-0.330334101593533,0.260200877435969,9.76892521407739,560.304059157957,60.7538830114859,-291.032404431363
44845,999,-0.330258570984792,0.261134295667695,9.76942290674234,570.068309157556,54.8844172256712,-279.043435309569
44855,999,-0.331154023337614,0.261621081240843,9.76924907746473,562.936126307312,61.9001962839764,-283.224715826728
44865,1000,-0.329975305956712,0.26181780860923,9.76866048645174,569.697183088403,54.7742299570383,-276.055305194722
44875,999,-0.329665056116307,0.260655000449014,9.76903365828282,573.211307189186,41.4365028392641,-291.697310558864
44885,1000,-0.329800795057945,0.260385846559735,9.76917638387051,600.388703428297,39.2289991397323,-281.276679240523
44895,999,-0.329754622619948,0.26029916714045,9.76953221735626,595.745822606378,44.9627657582042,-286.140608818957
44905,1000,-0.330280918839376,0.260673298921013,9.76807263129702,604.602054925851,42.3284270733846,-290.702633438997
44915,999,-0.32943840007775,0.260685387501192,9.76939392371662,606.65927468443,50.6081052654646,-286.553235185782
44925,1000,-0.329876975662772,0.2599154887464,9.76817745719515,595.629322725904,34.612575604577,-282.101106721439
44935,999,-0.330610265012746,0.261603853261556,9.76907047416482,596.924674323986,32.8301558266215,-284.600137049477
44945,1000,-0.330984969492711,0.260698213062398,9.76884605343878,607.091798548523,42.8988031923743,-285.920954049684
44955,999,-0.330442900064315,0.260926271471911,9.7686951321888,590.751623697493,56.0586763481108,-275.687407526061
44965,999,-0.330505644985723,0.260504641315652,9.76825618615156,572.107768646113,43.5999102938623,-276.925286626535
44975,1000,-0.329430568609943,0.260531402311124,9.76857491793436,590.963784871325,45.4435944146803,-276.137747942813
44985,999,-0.329781582747144,0.260275670522936,9.76912547166656,568.61567092358,54.5592338662281,-273.651784116391
44995,1000,-0.329929615437439,0.260413995311786,9.7687238638264,579.758730707691,47.8662910087955,-278.775915881745
45005,999,-0.331228711839028,0.260834087341637,9.76828247149793,566.620675632962,47.8721184620113,-282.894614733268
45015,1000,-0.330277580983731,0.260211551708505,9.76825399504439,568.476607127439,55.7278513363348,-279.435457866478
45025,999,-0.331004470090794,0.260923806675862,9.76937697044079,585.588104743276,55.3739322273612,-277.83306463355
45035,1000,-0.330302476619406,0.259986990506726,9.76972771815926,583.161035564281,65.4062466442485,-289.246144889378
45045,999,-0.330128716611522,0.26150193618062,9.77056141479614,584.400897963128,57.1885259370951,-282.014345150708
45055,1000,-0.330550693172821,0.260785119484159,9.76925643364702,572.762199183858,50.4994104134073,-278.611030385562
45065,999,-0.330110888814114,0.260919931417417,9.76925185657329,584.678111244791,40.8135714129133,-278.630808942745
45075,999,-0.329696491569956,0.261153196092139,9.7691377189347,585.326729860263,55.5805397782125,-274.532053698951
45085,1000,-0.329870141978991,0.261054149604579,9.76923905426371,572.345479024942,67.0793184060615,-284.079732675638
45095,999,-0.329149227810115,0.260284805150593,9.76983704409298,585.634666455203,48.4664948295281,-276.430134986345
45105,1000,-0.330708266568045,0.259500964859487,9.76832328775688,589.616935392794,47.720060914694,-281.386602904645
45115,999,-0.329866443766961,0.260448950121766,9.76973126634916,613.500098675131,42.8301090657691,-293.265290752799
45125,1000,-0.329605838499159,0.26102995947187,9.76983131429034,610.914711202203,40.4933633862924,-274.763702141287
45135,999,-0.330779874703476,0.261091355832461,9.76843210113808,609.011524125579,49.267917609438,-285.838016149952
45145,1000,-0.329979415566566,0.260865935195839,9.76962174211681,608.532857449591,54.1627429832793,-281.414083820676
45155,999,-0.329628983626109,0.261299380603985,9.76988707199726,611.966283844213,56.2699194295813,-278.740842640564
45165,1000,-0.329903198103524,0.261261654306632,9.76790273531364,609.299426054075,41.5139707593256,-283.640038019149
45175,999,-0.330301995913767,0.260833839633417,9.76844976339026,593.33825208576,53.3745701752709,-288.478824897631
45185,999,-0.329751820274294,0.260968129706645,9.76890308890338,603.000183295281,49.9140629856853,-287.268454221611
45195,1000,-0.331016121404092,0.261103921988355,9.7680419300945,579.008662660134,56.9317594472952,-276.110267026782
45205,999,-0.331253945711962,0.261837051650827,9.76895301972753,571.759323962054,58.125451262328,-279.868688043219
45215,1000,-0.331584771798082,0.260737804517375,9.76782653814873,583.889955129742,42.9421833670654,-275.917900614569
45225,999,-0.330901877563513,0.261609152235047,9.76812259106116,578.709675727134,48.5873277901571,-286.993369977061
45235,1000,-0.33060763813729,0.2611162492786,9.76801125028144,576.369328310744,43.4324689382399,-273.719427332126
45245,999,-0.329638243593057,0.260247382564007,9.76894875969008,577.610266656458,53.8563991047112,-283.197207402273
45255,1000,-0.330024041968916,0.260808751822824,9.76834555184552,578.324244849733,54.8892080646059,-288.036984584034
45265,999,-0.329746374260836,0.260565849790918,9.76867590325813,574.137398443728,50.4530988695316,-283.032156855543
45275,1000,-0.330848984287686,0.261471450286932,9.76713489298916,594.321832160617,59.9727833836607,-288.449198324493
45285,999,-0.329360595907166,0.260650107126775,9.76888593965836,582.74653156342,59.1728743295705,-282.069361999618
45295,999,-0.330143832568872,0.259943476219555,9.76886742531677,573.78350092983,60.8478963256995,-282.151887272983
45305,1000,-0.33024953341418,0.260653387899901,9.76926185435637,578.515673510041,48.5231468148964,-280.424770843577
45315,999,-0.330873758353872,0.260451660056179,9.76828804869791,563.9339030119,48.5695904732743,-278.135657302555
45325,1000,-0.329944591295735,0.260540971151919,9.7691961243288,586.180226230897,48.6410356197049,-282.101106721439
45335,999,-0.329195204956193,0.259693287507433,9.76855784545214,585.899867391877,64.4891908999677,-284.765187596207
45345,1000,-0.330501055281413,0.260673139652501,9.76824720800215,588.603837056687,74.8360810348448,-285.618663973348
45355,999,-0.329491332395916,0.26086346956983,9.76899479005844,594.067272497642,69.1134986287984,-287.736097437346
45365,1000,-0.329806258189977,0.259733635484197,9.76866800120234,598.376014789774,64.3047810295993,-279.160648706172
45375,999,-0.330046008743031,0.260054488124191,9.76813047620787,597.150503289886,78.9016950406305,-280.473873381229
45385,999,-0.329720896958031,0.261395842353199,9.76900263174215,593.82132159982,62.0306057254461,-282.399463093078
45395,1000,-0.330774554282215,0.260695801537342,9.76872860364624,584.268951400631,66.8746378148644,-278.885839545867
45405,999,-0.330127454767355,0.260276034719125,9.7676033466394,600.091892113158,68.5326550839831,-273.376699871842
45415,1000,-0.32969775020544,0.260484703455536,9.76749629600633,604.676383893419,72.9589112263094,-285.508740309225
45425,999,-0.329836280545606,0.260102527907471,9.76856536317259,607.954464878185,64.6867661690047,-271.396093311082
45435,1000,-0.329710046597435,0.260675055751829,9.76725289118228,588.19751268289,63.4482361132822,-283.942328095485
45445,999,-0.331305998692162,0.260151155863052,9.76690813312563,591.373323876305,71.4022879309506,-284.297544380472
45455,1000,-0.330354278062952,0.261465295012128,9.76787064789769,583.262439580135,80.1357312193519,-280.232404431363
45465,999,-0.330380277752875,0.260374452982452,9.76856040374497,587.070597693687,85.5293835397156,-287.516030041706
45475,1000,-0.329550866521737,0.261471515988126,9.76732018368919,611.229165316279,89.4674689745586,-272.86751893518
45485,999,-0.330767467621737,0.260763332946319,9.76844028603542,600.102845320514,73.3713269812038,-280.776466050234
45495,999,-0.329168573818853,0.262025713485174,9.76895122749288,597.909818305666,73.907537381281,-282.784581035448
45505,1000,-0.329730324802168,0.261205370764903,9.76852904110893,597.813827830134,80.8110518555704,-288.943854813042
45515,999,-0.330024267846583,0.260813027113541,9.76908284408198,603.034087683256,81.0410211278509,-278.575792093835
45525,1000,-0.33081085468407,0.259799012533454,9.769632684131,593.613939839143,77.9805291138701,-280.369809011516
45535,999,-0.330973626034171,0.260837460396196,9.76883794658959,596.392101133458,72.6235996572322,-271.561143857812
45545,1000,-0.331376015258963,0.260376434239353,9.76878026064864,593.199832436757,68.283313112317,-276.742328095485
45555,999,-0.33088291972377,0.261393740586645,9.76798853032984,588.570780713777,71.7099990011117,-276.07252546843
45565,1000,-0.330819547588288,0.260334375358464,9.76854710710688,592.734260433081,81.9797027563148,-282.485839545867
45575,999,-0.33060211294317,0.260371379017421,9.76888060484506,595.823544952581,95.3984629299172,-280.006230165494
45585,1000,-0.330029843598112,0.261318995163116,9.76826171180178,604.995306687099,85.8110757283805,-276.934694507699
45595,999,-0.330770074819417,0.260087633549606,9.7689549199568,611.761972933631,74.7934113489134,-263.363633370226
45605,999,-0.330520524958701,0.261890008297936,9.769036081594,609.033138853924,78.8451142657632,-275.879966497245
45615,1000,-0.330800621984115,0.261499256352542,9.77024980728863,604.471072995013,76.8792042308773,-282.898053286325
45625,999,-0.330348171594479,0.260605112436684,9.76905970709367,606.15186543333,66.1392692158434,-284.930238142937
45635,1000,-0.330204137246119,0.260662289314736,9.7700576414501,596.68344297219,81.6569432094635,-271.768282293958
45645,999,-0.329659383155285,0.261232308821858,9.76933184509741,614.296896265086,64.3306918034632,-284.215019107108
45655,1000,-0.329929819778664,0.26102182320406,9.76769085371392,598.49281329454,89.85174355838,-270.83393114892
45665,999,-0.330200109896229,0.259612934134914,9.76895310313465,602.938511100769,83.2533086229989,-276.89777820208
45675,1000,-0.330076054947568,0.260784436349387,9.7685096021202,594.62992305984,93.4481963287818,-277.374389164187
45685,999,-0.330608537858331,0.261228658519896,9.76893964598428,595.428036757911,80.0474957889779,-286.443201487962
45695,999,-0.329462375204421,0.260132505732214,9.76732111543102,589.202107640461,70.5658553375691,-287.103403674881
45705,1000,-0.330584628193596,0.261198376024079,9.76736876832843,599.579540814464,82.6411197269078,-285.893473133653
45715,999,-0.329752117997048,0.261914632738312,9.76836759291745,587.512169695992,88.9822469616451,-270.983466944257
45725,1000,-0.331163647870476,0.261577746293432,9.76855269673229,581.169048972611,90.8957489384632,-285.316373897012
45735,999,-0.330285847653127,0.261282256772429,9.76746343685347,595.954642139348,96.2814932904774,-287.598555315071
45745,1000,-0.33005467171131,0.261280707391523,9.76864630826907,587.578811796316,88.8071223418621,-280.314847179455
45755,999,-0.330211862585066,0.260885774138459,9.76789214615708,573.032968206108,110.420878486718,-274.009393634306
45765,1000,-0.330893027822355,0.26130161025409,9.76864288193694,584.833275967699,99.9000380959134,-276.302633438996
45775,999,-0.330949659501081,0.260647354253766,9.76862966368366,602.409993743493,73.199410952202,-277.695522511275
45785,1000,-0.33110189765212,0.261045038271204,9.76823081953023,581.978203177207,78.3729891700982,-276.907213591669
45795,999,-0.331413686274334,0.259792830774464,9.76940091208852,578.19911741147,87.3640953343334,-273.926868360942
45805,999,-0.33131361843659,0.261169874647413,9.76912834304763,571.433373342889,104.399503025897,-264.21639452833
45815,1000,-0.331181798071217,0.260742822386445,9.7675177045458,579.094029549179,110.573998422343,-273.691946416096
45825,999,-0.331120887819399,0.261168955435825,9.76763603399911,572.572151679567,107.950538185416,-287.571046890616
45835,1000,-0.331949611706236,0.261164862621933,9.76757277724007,566.515046695524,95.6294640832499,-282.073625805408
45845,999,-0.33070519274362,0.260602488476205,9.76901177867128,580.692053016107,91.2225728759839,-281.354142963789
45855,1000,-0.330681072861618,0.261027161921254,9.76798166213845,580.714452528698,96.1941074575501,-274.928587637469
45865,999,-0.330306059567756,0.260815145922034,9.76867195065032,585.006568921284,94.5792067780357,-294.750745673368
45875,1000,-0.329994290119341,0.260469050623714,9.76934476734344,587.105584637105,97.8732615305319,-281.661412064951
45885,999,-0.331869707773222,0.260993064515366,9.76856556251333,589.712629343071,82.5000115537067,-275.934983346156
45895,999,-0.33166996125597,0.260941895554489,9.76776432941216,589.295974090415,92.2516546432769,-283.389766373457
45905,1000,-0.330961124769012,0.260535366989929,9.76742726382349,579.701114959714,103.637867430177,-277.264465500065
45915,999,-0.330903744740163,0.261242298367119,9.76799591005086,585.748113625261,84.1240667190871,-266.912220124919
45925,1000,-0.331495265856623,0.260418715893873,9.76901762970382,589.750663733082,81.6482620383158,-281.60645023289
45935,999,-0.331703669290971,0.260079059308889,9.76794394538223,585.181905438122,85.3370371969617,-285.672965603222
45945,1000,-0.33098947183567,0.260967955115204,9.76774056139081,591.942192055364,100.839037022925,-277.51179374434
45955,999,-0.331410162813296,0.260657855336096,9.76864160237767,588.000137858136,90.7083064405553,-267.930031829754
45965,1000,-0.330453409465652,0.260903445397502,9.76811955754482,578.614616725495,100.856835315904,-276.412557103119
45975,999,-0.329859842245243,0.261511116723618,9.76756823173913,586.066349573178,101.314201741535,-271.808719677907
45985,1000,-0.330385096973461,0.25989045114139,9.76815952905226,594.706760228261,97.7199980368854,-276.879732675637
45995,999,-0.329496451001545,0.260625487851126,9.76624488779489,598.937410147543,96.0142206659789,-274.697104245681
46005,999,-0.330983060466384,0.260678800148902,9.76722698652121,589.668437115477,98.7370566800145,-285.590440329857
46015,1000,-0.328903654914893,0.261319106336225,9.76723537757377,599.862522833611,103.811291406373,-268.498053286325
46025,999,-0.330444984392541,0.261622386109802,9.76749334473983,602.444014816256,68.4595566622273,-278.135657302555
46035,1000,-0.328677177987951,0.261560607085954,9.76849922196597,602.231209699314,67.8240704182565,-278.363702141287
46045,999,-0.330227372583389,0.260261770370286,9.76765003535508,601.483555941201,84.8409856062576,-288.258757501991
46055,1000,-0.328914883036762,0.261809172769364,9.76876069262661,594.838634422071,82.7800848861864,-276.49499985121
46065,999,-0.330490392804488,0.259934188722811,9.7696560331993,610.478525253588,88.6801320095017,-277.11784559772
46075,1000,-0.330339237167805,0.261433307166013,9.7687886498645,611.741433332886,85.4838629122249,-282.1560685535
46085,999,-0.329982262341417,0.261043030937305,9.76942959648695,609.680567467333,72.374742049855,-281.739260906158
46095,999,-0.330716339067624,0.260974525667013,9.76707911273624,624.966079089776,79.44272270824,-276.40262656189
46105,1000,-0.33026922870867,0.260282551566745,9.76642905372347,609.260049296842,71.280873190203,-274.736221225256
46115,999,-0.329440160828308,0.260417247373048,9.76869011431474,612.922264969867,66.8073305676017,-292.715122263699
46125,1000,-0.330063626987638,0.26137449714722,9.76841683284295,612.616172226796,70.852072774338,-278.03393114892
46135,999,-0.330048060104853,0.260666405583126,9.76744965691959,608.03958047192,77.5331733334727,-284.765187596207
46145,1000,-0.330035657873896,0.260926940742278,9.76893790788267,625.170975818914,82.2989145230541,-287.102633438996
46155,999,-0.329106465784466,0.260479498874226,9.76842692633193,630.226784443049,87.9182549789745,-279.731145920944
46165,1000,-0.32980367505157,0.260342223957771,9.7687271824382,629.602820106118,87.7072997045031,-275.395763209989
46175,999,-0.330553184422743,0.260914112838035,9.76849860698142,622.41592233326,92.1750315825342,-281.299126114879
46185,999,-0.330751518300798,0.260487395598886,9.76855260440717,614.448669615887,85.1778960232631,-282.839597884358
46195,1000,-0.330578758900268,0.261699622842867,9.76745732074377,612.921804888971,90.039929672649,-274.46141206495
46205,999,-0.330841846656381,0.260863523564952,9.76913275043005,624.565242700413,89.4536757037962,-277.915589906915
46215,1000,-0.329878529582417,0.260588245583994,9.76861032722385,627.174017258019,82.1628170322357,-287.514847179455
46225,999,-0.329641204827253,0.260851570625713,9.76809947044308,609.543915379077,81.7118017737643,-278.355724698194
46235,1000,-0.330812146795955,0.260795957664184,9.76840438803861,613.633018489361,96.2220923330555,-272.620190690905
46245,999,-0.330635894089241,0.261008549234745,9.76783612469859,599.526267679478,103.334595428181,-277.11784559772
46255,1000,-0.329723128590001,0.261622677269938,9.76778853264178,599.538789227699,84.9304900476412,-277.786602904645
46265,999,-0.330677870164831,0.260029728091378,9.77038329535226,615.647005024812,96.3358563090812,-279.153469007389
46275,1000,-0.330023465359583,0.260694878490383,9.76788268685868,606.34170475845,81.6632485322564,-288.174389164187
46285,999,-0.33018992228505,0.259745772444284,9.76882157821323,619.875198704236,79.7341257067424,-278.383233122649
46295,999,-0.328978390714719,0.260286999435455,9.76848458317614,623.513861064853,87.9009215570086,-292.687613839244
46305,1000,-0.330261381288214,0.26119438800764,9.76859088537326,641.927995707423,85.1256452329087,-287.652251759607
46315,999,-0.330684348015205,0.260507095004879,9.76671528664696,625.270405462432,80.5343086048227,-287.048386825971
46325,1000,-0.329922155573788,0.260732225829552,9.76770939854618,638.031317744166,69.4528911934352,-285.536221225256
46335,999,-0.330023699629872,0.261098984367456,9.76850412473311,627.432319527975,65.7023873555227,-268.232624498759
46345,1000,-0.329646946804903,0.26128917397872,9.76967050451367,630.151753407483,69.7923432689657,-270.971335729073
46355,999,-0.329198433611262,0.261425628931888,9.76804787988763,629.047863979013,61.9118489198803,-278.905893187294
46365,1000,-0.330514797825828,0.261560174084887,9.76841009279336,631.438341599787,51.6863589954043,-279.57286244663
46375,999,-0.329484052053241,0.261551945387143,9.76857083814015,631.976629963014,64.6824877232536,-273.789326238667
46385,999,-0.329865264372854,0.260796635951535,9.7682533485237,628.751807727134,59.7944977938867,-284.627645473932
46395,1000,-0.330343839186997,0.260984353018621,9.76808389283347,610.213187779388,78.6889559724587,-277.841564736706
46405,999,-0.329508475558872,0.259997683672388,9.76736437967545,621.568634995662,77.7030551092228,-271.808719677907
46415,1000,-0.329998505941733,0.261349969551576,9.76889446597226,619.134068322375,54.5908363912887,-278.473625805409
46425,999,-0.330327690541951,0.261386079653434,9.76812165594666,620.762698212093,68.5141303307884,-267.379863340655
46435,1000,-0.330337787879627,0.261768140549512,9.76779876131884,614.124682175409,78.7575700748375,-266.327060919913
46445,999,-0.32995666474395,0.260539256680629,9.7692240250478,606.229566128813,78.6696390695833,-269.855621541603
46455,1000,-0.330593430530522,0.260882241204584,9.76846245116124,604.68398593318,74.4167522401119,-282.815610538233
46465,999,-0.33072449930333,0.260820759089543,9.76673661215579,602.096076135695,76.4650487238877,-278.05313202919
46475,999,-0.330403524793679,0.260587331410621,9.76710884126221,602.701814112247,91.71182898213,-284.352561229382
46485,1000,-0.330146181534015,0.260537067419132,9.76842996713602,598.974674475711,72.7462716929897,-278.885839545867
46495,999,-0.330066172675257,0.25998624713761,9.76919136637025,606.384018733221,75.5263598836818,-282.812089459903
46505,1000,-0.329868704425909,0.260851861535901,9.76819326347245,612.997766626344,51.9786344302409,-275.285839545867
46515,999,-0.329454178747401,0.260395536893138,9.76843927831884,621.634310566468,57.1302869031995,-288.176232228626
46525,1000,-0.330605231014302,0.260001744508603,9.76783078622901,606.832952324599,82.7910416063774,-275.9453815306
46535,999,-0.330259731608523,0.26108927296,9.76803981528786,617.584304471871,76.9604889905034,-275.164747461416
46545,1000,-0.329957034906006,0.260732211769108,9.76773400719588,604.679323827513,72.8033742883563,-275.423244126019
46555,999,-0.330167609285083,0.260156506101655,9.76900341586651,604.636029940434,55.9082687319281,-287.158420523791
46565,999,-0.330440141438942,0.259808975950718,9.77027466855992,616.953639089565,78.1854192059719,-267.572422311839
46575,1000,-0.330563749492024,0.260237690779538,9.76974562362257,611.456701536724,70.2362184910471,-280.727060919912
46585,999,-0.33005442678682,0.260126904641294,9.76887767972739,629.720020853871,70.1520273648504,-283.004648431088
46595,1000,-0.330331796204455,0.261187132040247,9.76768599011264,613.963526968991,88.1254629124864,-273.197289927546
46605,999,-0.329890603639139,0.260048814797424,9.76926170480819,618.45777796414,61.284554828691,-276.760236079805
46615,1000,-0.331077545267598,0.260378117305457,9.76846826050074,613.103620431263,79.0952987337338,-284.244618171821
46625,999,-0.331389675014977,0.259233708368198,9.76932967685529,618.264418850106,71.6556010307167,-284.325052804927
46635,1000,-0.330722001367184,0.261172918693636,9.76952247989091,614.697386888064,73.6195845775939,-282.403396797775
46645,999,-0.331714648418082,0.259904309938956,9.76844807835304,604.433431553455,69.0864090551793,-271.176025915442
46655,999,-0.331527434600605,0.260789763078481,9.7678629641797,597.458605413899,76.6499670143931,-278.38323312265
46665,1000,-0.331248036909328,0.261175393560261,9.76948516778933,597.130001268818,76.9529081352836,-269.212557103119
46675,999,-0.331672292142551,0.260336771387161,9.76952387728936,607.628504492178,82.0017041512968,-277.365421417815
46685,1000,-0.3315149172482,0.260013596937923,9.76871468809327,610.46360005568,59.940724248564,-268.745381530599
46695,999,-0.330983651213423,0.260714440381879,9.76954503394106,620.238414069761,64.2017145015017,-275.714915950515
46705,1000,-0.330303473256701,0.260798376909605,9.76939313505451,626.924108708281,73.8008814714116,-287.542328095485
46715,999,-0.331273433674316,0.260272349880246,9.76831493827031,619.416557975887,68.3269393219744,-276.100033892885
46725,1000,-0.331258090439027,0.261366608583614,9.76867940711476,617.436648626,86.0885729552375,-272.785076187088
46735,999,-0.331115172661059,0.260852661851869,9.76802765417428,609.620580689747,82.5293392628642,-287.103403674881
46745,1000,-0.332054341896856,0.260532695585921,9.76880781392877,615.783862028857,88.2424233270429,-278.116373897011
46755,999,-0.33127210894349,0.261077267515261,9.76931575384456,610.485704577716,89.7002880327303,-280.528890230139
46765,999,-0.331767140209914,0.261014930846117,9.7690468275497,605.089177451159,59.2461304361385,-276.375118137436
46775,1000,-0.331235296953556,0.260849560435386,9.76865927134537,623.807717494609,65.3869029327292,-278.995763209989
46785,999,-0.331035605112975,0.261518720606556,9.76814589769727,627.071383915283,76.3328222633548,-289.85424612038
46795,1000,-0.331441354475073,0.261134449494214,9.76874320068366,618.144205167212,68.689557751107,-274.543854813042
46805,999,-0.331425570185538,0.260851784478833,9.76877782298873,618.803803563829,75.0904242222629,-275.522356979331
46815,1000,-0.331276529186163,0.261486743932897,9.76711724850552,614.31291768172,71.535623883846,-262.259885347394
46825,999,-0.332183462971248,0.261667988317088,9.76812541085556,605.552539459885,59.3241372153123,-268.370166621034
46835,1000,-0.332095278809338,0.26128903733588,9.7692132869044,625.450576290196,57.7585268731708,-282.265992217622
46845,999,-0.331457903000437,0.261783773342518,9.76799110517187,624.686710449858,66.001282515899,-280.501381805684
46855,999,-0.330981546822793,0.261148217002376,9.76833128141256,635.679815169006,64.8558671524226,-275.467340130421
46865,1000,-0.331080357994834,0.261502490647563,9.76823145224906,627.663305646852,60.3591017607394,-272.317900614569
46875,999,-0.331406303503635,0.260384179677934,9.76749197238446,620.824154482267,65.3991789175088,-272.441413440372
46885,1000,-0.33114549048309,0.261425036791922,9.76892434786263,612.271784998539,75.9874658759783,-277.01713725579
46895,999,-0.33093570912505,0.260588226447637,9.76880987664128,612.811107492265,72.2724527441416,-268.920335110133
46905,1000,-0.330846458735294,0.261216782899437,9.76867993775801,621.026245673124,61.4880270639776,-277.566755576401
46915,999,-0.330547278096836,0.260124652905952,9.76946040965561,653.23739357508,79.9159425498414,-274.779629519046
46925,999,-0.330855957837225,0.261093232621508,9.7679648205565,640.843831302399,83.0559067594596,-273.734309389757
46935,1000,-0.330738786358894,0.261768204865069,9.7683453603424,633.476841047255,84.6376448551581,-269.157595271058
46945,999,-0.330411074018573,0.261638222564156,9.76738231077166,644.437503631926,72.9221432872439,-281.766769330613
46955,1000,-0.329747096043224,0.261577773238026,9.7657494996253,649.964197595258,78.8273384380367,-278.116373897012
46965,999,-0.330349470670619,0.262071847196529,9.76845468409122,647.820401033965,76.6202146476955,-276.265084439616
46975,1000,-0.329735553703258,0.261375287825442,9.77028330071539,629.139294575591,69.7426891114268,-263.551488400828
46985,999,-0.330479037159684,0.261027101307771,9.76886452415814,629.261874154,80.3828561130443,-273.899359936486
46995,1000,-0.330215207885555,0.26100562953654,9.76870421214873,643.7500901574,69.1923161289196,-284.134694507699
47005,999,-0.330335099256306,0.260725831567214,9.76800205494715,636.552834443186,88.2307152360987,-280.171280712224
47015,999,-0.329940088223221,0.260912562830229,9.76855687967882,636.523662771708,82.3570462694671,-281.189092417058
47025,1000,-0.329522841110013,0.260706318407353,9.76803949967544,631.229116095452,86.1365304578586,-269.322480767241
47035,999,-0.330818463748268,0.26082062366017,9.76943531401893,635.379894148868,74.3099916152371,-278.05313202919
47045,1000,-0.330873020039564,0.261492830941882,9.76911925351592,635.176021057708,72.3768227855692,-270.943854813042
47055,999,-0.330606242605124,0.262025988525511,9.76875499131227,635.001975680615,72.8216117092192,-271.561143857812
47065,1000,-0.330398869538181,0.261069101537431,9.76937498557698,661.843394806823,69.4900213109178,-268.662938782508
47075,999,-0.330655809012135,0.260553891555873,9.76890049065611,652.963633211829,79.0358884057263,-274.339494727766
47085,1000,-0.329854414852889,0.25949283868934,9.76905808430586,648.621024352514,80.9137902631259,-269.185076187088
47095,999,-0.33017601333179,0.260624165041133,9.76961657133208,658.517015140119,83.5983957905034,-272.001278649092
47105,999,-0.331267974231097,0.260245146172746,9.76987852023724,633.2622138585,72.3096127818742,-268.727776138948
47115,1000,-0.331195730669437,0.260472293760819,9.76819821056717,633.679623765169,78.3097498599553,-261.737747942814
47125,999,-0.329694439911341,0.260206585844285,9.76872429175505,641.081578399803,50.9149195573826,-272.881548231652
47135,1000,-0.330560844147633,0.261150437792868,9.76938394175373,641.234458777184,75.8314824695134,-270.531641072584
47145,999,-0.331240431653942,0.26034337007415,9.76941883860188,645.491147890519,66.5490792893155,-268.810301412313
47155,1000,-0.330760602491992,0.260326125024598,9.76913834348934,642.365760842258,69.5663635164361,-275.560648706172
47165,999,-0.330927702957911,0.260081808903446,9.76901098670357,634.485049624571,68.7659685693569,-271.946261800182
47175,1000,-0.330967167983318,0.260186734817927,9.76893462714855,644.659237591005,54.4599374409705,-277.676679240523
47185,999,-0.331121034771398,0.260463692790181,9.76873186481107,640.557426624953,67.2854573310613,-275.797441223881
47195,999,-0.330918486840099,0.26088091937955,9.76898737485186,641.335854986987,63.0761129628631,-282.151887272983
47205,1000,-0.330365386442273,0.259848705510021,9.76978740129995,652.678410272227,58.6303496248498,-269.899580003882
47215,999,-0.330393193078058,0.26072402520228,9.76885571609105,631.37814255792,70.9212909929492,-271.368584886627
47225,1000,-0.331399609344945,0.259856836038917,9.76915881426606,654.010660193836,58.416662616094,-281.60645023289
47235,999,-0.330349937887356,0.260225405671518,9.76951182945446,663.447909862054,63.7527104936245,-269.965655239423
47245,1000,-0.331209766201781,0.26050983298186,9.76934277603744,653.088924644655,64.1009355062156,-280.06751893518
47255,999,-0.330758383486341,0.260812110229144,9.76944466131563,645.829659486486,62.5999471731317,-271.671177555632
47265,1000,-0.330498187174914,0.259841736072468,9.76949218621406,644.62243912154,75.3115703125221,-274.846144889378
47275,999,-0.330415042458544,0.260276229139522,9.76902436974404,634.166174317646,72.7756494158713,-270.240739483973
47285,999,-0.332154548677891,0.261367778874597,9.76964760918795,642.128276460516,65.0808113239118,-276.237576015161
47295,1000,-0.330344242146162,0.260329092578961,9.77003230472607,630.845252020771,47.555200905771,-279.243091454264
47305,999,-0.331061004132175,0.261795030765027,9.77119458956532,632.845245289958,60.9929513221743,-275.274781159235
47315,1000,-0.332192219907476,0.260043834777101,9.76997055834472,632.986592008127,74.7478820779575,-273.224770843577
47325,999,-0.331021552117116,0.261570171215402,9.76841718294371,627.783293686416,78.3127116296441,-279.676129072034
47335,1000,-0.331321276303613,0.260944412088565,9.76916182076269,636.1868948349,77.6862276364811,-281.551488400829
47345,999,-0.330559765961229,0.261403173968959,9.77010549987906,642.622188631076,71.4523275902008,-265.234206233165
47355,1000,-0.331288449727307,0.261202406950626,9.76929009330403,647.330908948268,85.2192796295444,-267.261412064951
47365,999,-0.33110668177363,0.260616623182281,9.77027621600143,657.704393194496,54.1365502244649,-280.006230165494
47375,999,-0.331161016376259,0.260289909857186,9.76996647779439,652.789837179377,62.1191716642485,-279.703637496489
47385,1000,-0.330454679785868,0.259699893623278,9.77046010598917,647.090929751463,66.1607060744225,-294.659885347394
47395,999,-0.330661126368005,0.26059444525821,9.769879399368,646.05462590126,57.4177099732906,-275.302289583691
47405,1000,-0.33130569907067,0.260468863040959,9.76985146816883,645.80015492885,51.6628951435406,-280.507213591668
47415,999,-0.331313487645546,0.261641312440323,9.77033294890146,635.599894683262,82.63558081878,-278.933401611749
47425,1000,-0.331853747254891,0.260925901777527,9.76997883287264,656.697881204478,81.0575495995568,-269.102633438996
47435,999,-0.329944755012211,0.259806728060672,9.76896503153747,660.599696864754,82.9294357228057,-276.705219230895
47445,1000,-0.33011481239428,0.260288296499591,9.76997438407725,658.672781262635,84.9507244502169,-284.409503668004
47455,999,-0.330514992892006,0.260718834995183,9.76969433442742,670.870637585048,69.7710466943339,-273.459225145207
47465,999,-0.330533120366606,0.260991666891384,9.77010574476903,679.473760593146,71.3048642999873,-273.211649325112
47475,1000,-0.330403431980712,0.259534175798954,9.76915853493034,669.376318184439,77.3550093738781,-273.994236492431
47485,999,-0.331346613726016,0.260342867644071,9.77027072674132,673.062906062881,70.9297803630539,-268.150099225394
47495,1000,-0.331133450938698,0.260209787118468,9.7705471319448,668.604326344104,68.5966216745277,-272.262938782508
47505,999,-0.332038374239341,0.261300166273725,9.76980425433491,665.945168016619,85.0534347761423,-270.625857426343
47515,1000,-0.330798086456766,0.260536760863886,9.76890186199742,665.126864499154,71.7275882539327,-281.551488400829
47525,999,-0.331370278486652,0.2614652356908,9.77090116969969,669.295143525907,76.6824506903161,-275.659899101606
47535,1000,-0.330988281314346,0.261180171420963,9.7693271622074,676.861508633024,76.2810066441938,-267.453778477164
47545,999,-0.330617041008457,0.260993515222386,9.76932518286015,679.576059879432,80.3949244125969,-265.179189384254
47555,999,-0.331216976199845,0.260110714436079,9.76878020298644,661.913947252839,83.9029774050246,-270.598349001887
47565,1000,-0.330656912158697,0.259930663626418,9.76905286677769,671.578899816727,92.1851623393075,-262.232404431363
47575,999,-0.331060795139834,0.261228127713605,9.76967963022397,665.13472410986,97.8922089828648,-267.269829642834
47585,1000,-0.330491901155808,0.260681719027022,9.77045410873756,668.938937459666,86.8247725712227,-263.166755576401
47595,999,-0.329584448199756,0.261000301344581,9.77076557597227,682.120149446471,79.0136559399748,-274.339494727766
47605,1000,-0.330213911982239,0.261975683657506,9.77058864133099,655.404396085785,90.6167831834644,-268.30568687411
47615,999,-0.330742876386579,0.261114481414461,9.77056280821254,654.442880506995,99.2075114878745,-277.255387719995
47625,1000,-0.330366348167808,0.261288558234456,9.77026703420595,665.521713697444,99.0201339985033,-265.282786110752
47635,999,-0.330061950209066,0.260792130217852,9.76992677680029,672.379393891528,102.500200611959,-271.286059613263
47645,999,-0.330285040505383,0.260715374523837,9.77082824669701,654.362840608361,91.097883928738,-274.559562123407
47655,1000,-0.330237146948927,0.260884124502887,9.77066449765797,660.985483762976,79.260265405893,-273.966755576401
47665,999,-0.330937927418585,0.259951275469391,9.76981591427473,669.718192740757,82.4956156478244,-263.033532276766
47675,1000,-0.330644646884983,0.26139186487841,9.77085265758813,661.808130173131,85.7906906043888,-264.898053286325
47685,999,-0.330057298674947,0.260990011544166,9.77027452601248,654.933215958128,88.1206214213262,-277.255387719995
47695,1000,-0.330249091512632,0.260458639702402,9.77136370362427,644.458096853325,81.7679791713757,-281.524007484798
47705,999,-0.330445798118323,0.260522984450515,9.77167945700455,659.253409125124,83.5849124620302,-291.99990322787
47715,999,-0.330002858107759,0.26011703931393,9.76958704178828,682.071128863591,90.4124246756962,-279.896196467674
47725,1000,-0.330554737520713,0.26020329918009,9.77067293239419,655.74515540227,87.3534096906154,-275.835457866477
47735,999,-0.330708668103989,0.260473401069836,9.77072063435613,647.974816503342,82.1812815978579,-279.676129072034
47745,1000,-0.331320252204871,0.261356672820537,9.77045386443061,639.799623240466,87.5261688498672,-287.404923515333
47755,999,-0.330422503816273,0.261002109632905,9.7707707119333,637.877619868766,75.9621600876082,-290.486939882845
47765,1000,-0.330633812506829,0.260661528208562,9.77052135788424,631.227311392985,80.8241229331553,-282.843091454264
47775,999,-0.329417541879464,0.260995935711664,9.77022992073382,657.243571309977,76.0120658744462,-283.087173704453
47785,1000,-0.330898301195117,0.260890479620254,9.77160024559533,660.249040002198,90.6475317776795,-286.470572370294
47795,999,-0.33034461063821,0.260157581552159,9.76979224663713,654.412144860913,85.7135466174873,-279.978721741039
47805,999,-0.331331700336413,0.259812096914601,9.77125602998995,639.566514152813,94.4141862427035,-272.138820771367
47815,1000,-0.329907141491293,0.260453572520811,9.7689646857797,643.643910495718,96.4279576522054,-283.337747942813
47825,999,-0.330012886669776,0.260390421830989,9.77147184800486,641.173775945797,94.2552819504692,-285.865524574407
47835,1000,-0.331588209932628,0.261368921768363,9.77117275509302,645.47576920048,92.1136895607941,-284.931641072585
47845,999,-0.330692362675065,0.262118465059269,9.77123557575703,631.202681157029,105.583862738352,-291.559768436589
47855,1000,-0.330452782641511,0.261757177297772,9.77086148652178,660.737011994652,85.5940747116516,-286.140801377928
47865,999,-0.330094567631761,0.260986555625308,9.77286919067369,654.039352984106,85.7837425546076,-283.554816920187
47875,1000,-0.329269043825393,0.261132121889322,9.77036319530146,654.395166614265,83.9814101963182,-286.992709774875
47885,999,-0.330207022432667,0.261720185728679,9.77093289572048,640.554328201688,88.574174464729,-282.371954668623
47895,999,-0.330151815035868,0.261037435029685,9.7707331729957,647.834241850507,91.5068932222456,-280.116263863314
47905,1000,-0.329950738598787,0.260607113576961,9.7713096232373,659.279776512429,93.3557105709598,-278.995763209989
47915,999,-0.32940702266468,0.2606131615833,9.77118675708791,647.306483910787,96.6158139301487,-277.99811518028
47925,1000,-0.33084534474938,0.261657691305099,9.77256038657818,648.444158011335,90.5367254211921,-270.31179374434
47935,999,-0.330768455339227,0.261126943261577,9.77075741891845,646.706039221184,88.0857030066447,-278.685825791655
47945,1000,-0.330166633120033,0.260317714063369,9.77010566536193,653.447866277119,83.3383991307046,-280.507213591668
47955,999,-0.331035069304795,0.260813622885289,9.77017343967156,654.610057083636,80.4004952464689,-285.865524574407
47965,999,-0.330705322624659,0.260430148053818,9.77015440837155,647.075740757039,77.7980350006098,-280.638923927958
47975,1000,-0.331185555673703,0.261593835143695,9.77002870474237,653.923602356099,77.7581214886074,-281.304160156554
47985,999,-0.330143367019707,0.260128368419328,9.77146233935672,650.25978603659,64.061978025294,-277.44794669118
47995,1000,-0.33095179756948,0.260185044632196,9.77101406756462,656.015961176424,81.721359449926,-275.643091454263
48005,999,-0.330729241674351,0.261258869037919,9.7711835597165,646.67477473314,93.3152653556564,-281.711752481703
48015,1000,-0.3309222093763,0.260190035837626,9.7706094496705,648.024636902962,87.2157234265325,-289.933167790142
48025,999,-0.330506013419151,0.260603618178677,9.76988752026925,651.495074349855,93.2936929511665,-281.491685086063
48035,1000,-0.329958616673759,0.259807865300278,9.77126291204583,648.12550859032,90.9481179938256,-284.601870080218
48045,999,-0.330386332825247,0.260216549546305,9.7716265402769,645.711537751633,92.6201064516491,-276.072525468431
48055,999,-0.330406140940192,0.261116267181549,9.77052602011318,660.426036325433,105.532377965946,-274.724612670136
48065,1000,-0.330986390450856,0.260898169971002,9.77117930380462,672.611870370024,90.431830257334,-284.244618171821
48075,999,-0.330962891458326,0.259547198110744,9.77237779181801,664.826367359582,98.054032825225,-275.082222188051
48085,1000,-0.330494636725287,0.260467657559667,9.77165013652126,668.111201353555,96.9836536912175,-276.632404431363
48095,999,-0.330260189663247,0.259870685499304,9.76927388044615,658.388634204115,98.8945148315712,-283.224715826728
48105,1000,-0.329263771214044,0.260090852557451,9.77067903429178,640.303744722473,107.240599118143,-291.93927466037
48115,999,-0.330225912168488,0.260782127884718,9.77080189275489,633.438262345805,97.5502101268873,-294.723237248913
48125,1000,-0.330078182506776,0.261351733517984,9.77041250732593,636.162851208961,101.887353227295,-286.058358629836
48135,999,-0.330628892728897,0.261711919691135,9.77018448616103,626.609024015722,95.1044014225941,-279.566095374214
48145,999,-0.330461782146367,0.261368530455553,9.77104016469107,634.931694255813,86.3497216790485,-280.996533445873
48155,1000,-0.331069696923624,0.260782502352059,9.77125643659056,623.779146246246,94.2629799617727,-270.394236492432
48165,999,-0.330880636123317,0.261266515929329,9.76983664898428,632.454011907805,95.7053380238566,-274.036902058761
48175,1000,-0.329938431022198,0.261579904182416,9.77178932510955,628.016658042786,91.4740687302157,-286.113320461897
48185,999,-0.331596695102905,0.259780872593294,9.77017010414234,637.989074253048,95.0778393755374,-282.977140006633
48195,1000,-0.331963292714427,0.260495289511826,9.77213655324589,627.515955354585,94.5873764816529,-281.881259393195
48205,999,-0.330251112185544,0.261376892462305,9.77221384069912,619.100032846851,87.6902281610143,-283.829901164737
48215,999,-0.330866079972356,0.261083969835064,9.77082639465319,628.714556674049,100.024523235855,-286.553235185781
48225,1000,-0.3315899535059,0.261040615426044,9.77103096098461,624.625248119943,98.5193673499808,-274.378969316859
48235,999,-0.331195538527055,0.2599761656998,9.77131436682819,621.626459872928,95.5914129790359,-292.825155961519
48245,1000,-0.331676039651115,0.261110361777756,9.77220776411537,620.709496654455,84.6775476767724,-272.153015118386
48255,999,-0.33063538430739,0.259526037040562,9.77209926582231,624.853613068634,77.520138089453,-276.677710806441
48265,1000,-0.330902923578507,0.260062082993787,9.77170303837865,620.144306135569,85.0947067954602,-278.226297561133
48275,999,-0.331044806309838,0.260231873373168,9.77206778576982,637.263317564728,82.7064536355786,-284.545120200567
48285,1000,-0.330737802095524,0.259564864079458,9.77203955509041,642.958608383976,80.4048173586751,-279.57286244663
48295,999,-0.331055629588956,0.260323276122038,9.77153960010773,635.986176815789,94.3571042326977,-279.676129072034
48305,999,-0.330762482785462,0.260288953175925,9.77161906396896,628.762123668251,95.9289461859301,-279.648620647579
48315,1000,-0.330744596314321,0.260366010104449,9.77287827395562,633.551588158012,99.4900270223917,-278.418663973347
48325,999,-0.33037820489696,0.260935189620856,9.77273531938547,646.023423655075,109.748100154725,-286.360676214596
48335,1000,-0.329878920044828,0.261482665643427,9.77325601458393,651.379420821074,88.4607219801527,-275.093473133653
48345,999,-0.330540571217726,0.260051263430441,9.77354004322624,646.978630102724,99.7908886753522,-276.980303475445
48355,1000,-0.331058446614196,0.260946969093817,9.77188630182767,649.429107576594,100.996451687187,-282.870572370294
48365,999,-0.33022778654034,0.260567175710892,9.7708804663694,658.668733761432,99.9899903234352,-287.736097437346
48375,999,-0.330455916969501,0.261241240225201,9.77160117800598,656.965612822639,84.4436806416703,-278.300707849284
48385,1000,-0.330974485536522,0.260385737909158,9.77185728727169,656.491947328902,84.552641930073,-277.924007484798
48395,999,-0.329886242982886,0.261347517149058,9.77187647591345,649.913446810921,78.5986946957052,-284.792696020662
48405,1000,-0.330453440519624,0.26085123783326,9.77196572927382,653.940874554374,89.4852388167612,-276.330114355027
48415,999,-0.33153208189575,0.260825720558783,9.77172538363654,648.139336528352,101.302798729768,-289.056501811185
48425,1000,-0.332042838213069,0.2609371786259,9.77221783929616,644.17940706549,94.8017707772039,-291.719427332126
48435,999,-0.331019582763851,0.261901639691785,9.77169375375258,631.984189516837,94.0800703910117,-284.792696020662
48445,1000,-0.330167854681534,0.2612187861516,9.77326045869265,645.338881115186,97.2414353290446,-280.974389164187
48455,999,-0.330587158304553,0.260366468287334,9.77184150756732,646.234071647785,100.574902298754,-281.931819877343
48465,999,-0.330952245728971,0.261293850097456,9.77283691082899,661.305911859574,109.173090101529,-280.143772287768
48475,1000,-0.329862502465645,0.25973419114216,9.77180367888985,661.661317888676,86.87970168404,-278.720954049683
48485,999,-0.330433478461961,0.260474888044009,9.77275642127915,663.700519095848,81.9389813926141,-285.975558272227
48495,1000,-0.330530777614953,0.26089673460691,9.77227622123062,651.531902741456,82.3175346526968,-285.481259393195
48505,999,-0.330200553814411,0.259679732595479,9.77318426934421,662.049589350435,84.0345303369156,-289.90926296929
48515,1000,-0.331020753652122,0.26134735749458,9.77281970740574,646.925457647238,93.772751415747,-279.160648706172
48525,999,-0.33038582479653,0.260786047435332,9.77210665736779,652.94553580658,104.692483134959,-274.064410483216
48535,999,-0.330473323392246,0.261358824821218,9.770766328527,660.808866067742,102.024085265435,-273.541750418572
48545,1000,-0.330990001272819,0.261999633884311,9.77199361447497,640.169478154579,94.7141441691585,-281.524007484798
48555,999,-0.330524455006219,0.260459264817651,9.77251747794435,642.693803969254,94.5679897529186,-281.244109265969
48565,1000,-0.330847934834519,0.26045271549409,9.77366367611723,647.579088211401,89.4017676679159,-281.084312828309
48575,999,-0.330422845502127,0.260164724041725,9.77179673933756,647.191899197515,83.1597670542405,-275.824949648336
48585,1000,-0.33153184309481,0.259699241418618,9.77225580314084,633.608405214814,78.1018129679251,-293.175915881744
48595,999,-0.331603776160304,0.260969191138047,9.7736245652624,645.371261175361,89.2566188603838,-270.763399548618
48605,1000,-0.330744161157321,0.260286238547319,9.77188736905611,633.183182450853,95.773901219888,-278.198816645103
48615,999,-0.330746523607313,0.260683608825492,9.77391582254819,640.506364433615,86.4777587713772,-279.566095374214
48625,999,-0.33115613658078,0.261118461544377,9.77232760095463,626.53985464962,74.2384130006257,-283.774884315828
48635,1000,-0.330888480106375,0.260750972062635,9.7719505243882,623.634021243621,78.4141405997231,-290.207976950447
48645,999,-0.331397265213241,0.260714174606554,9.77344682859898,620.751388126825,81.5766639053339,-275.329798008145
48655,1000,-0.331094865357746,0.260751851593674,9.77313477802841,639.263677652428,87.0159149807043,-266.876679240523
48665,999,-0.331243936150119,0.261844947119552,9.77330508042707,635.242323199316,96.7974572628465,-275.137239036961
48675,1000,-0.330492146745841,0.26044767624605,9.77287576313761,614.442341510683,91.7263569925704,-280.974389164187
48685,999,-0.331871151058145,0.261047206260537,9.77201972472866,624.467057509108,84.6845205365158,-281.519193510518
48695,999,-0.330468795088804,0.261561207147481,9.7705362914311,648.90106281996,86.3137761187683,-286.993369977061
48705,1000,-0.331438600718365,0.261034385367811,9.77361856013771,635.256180071417,89.6391900695271,-287.514847179455
48715,999,-0.330303539439759,0.260494946579063,9.77273796704361,643.623127583261,79.0718355194642,-290.211855638295
48725,1000,-0.330973544268551,0.259811373653804,9.77253602103588,649.618488922281,89.1453520195618,-291.224770843577
48735,999,-0.330966657692117,0.260173541810426,9.77264374576189,633.360113751526,96.373137472016,-297.859197636782
48745,1000,-0.330038509398454,0.260979442225838,9.77379883620135,639.088623180622,97.95582131849,-291.224770843577
48755,999,-0.331590043058246,0.260960666034493,9.77333897695066,640.007441347462,110.880450171475,-285.755490876587
48765,999,-0.331047387699924,0.26029088413908,9.77419281222708,641.513664023841,94.2789112568573,-282.151887272983
48775,1000,-0.331415978778745,0.261888788290885,9.77291017705235,647.075626515968,92.0423270214284,-274.736221225256
48785,999,-0.331103022038307,0.261784579645582,9.77309682798928,645.028268303855,94.9676873244384,-288.753909142181
48795,1000,-0.330743535558006,0.261087780485223,9.77131196026497,644.965266803605,107.38552478662,-277.841564736707
48805,999,-0.331014922504599,0.260745361948145,9.77219293750327,646.459605481797,96.8016241305643,-293.072731781614
48815,1000,-0.331573495213909,0.261182160198298,9.77271179397673,632.069951506195,101.412749431056,-283.777442599303
48825,999,-0.330966228160396,0.261465664842804,9.77282341699036,627.245481392496,92.723029819413,-274.587070547861
48835,1000,-0.331968185976452,0.26179934689473,9.77391315209623,622.728232370312,102.799381992384,-278.693473133653
48845,999,-0.330429141581197,0.261138582760292,9.77454228104344,628.766685677954,97.0779645577502,-283.279732675638
48855,999,-0.330413230628256,0.261441737861155,9.77349176384826,623.898443022028,76.8629943335754,-284.022460135922
48865,1000,-0.330979805084608,0.261456563701008,9.77290554548424,634.325387175961,89.232159056943,-279.600343362661
48875,999,-0.331759486304692,0.261529709981092,9.77404426908397,631.377043196064,101.071663254726,-282.014345150708
48885,1000,-0.331701096989528,0.261283858816822,9.77364686602743,639.73214183225,86.7019348707963,-274.90110672144
48895,999,-0.330956413280426,0.261222734488684,9.77369622357049,633.453047823732,89.1698137267999,-277.145354022175
48905,1000,-0.331522781552172,0.262137028585448,9.77448415172089,642.401404531922,85.4475386030682,-286.580496034416
48915,999,-0.331579349465049,0.262724028057243,9.773794355298,641.843571981362,81.8294686926636,-283.692359042463
48925,999,-0.330699089680251,0.260832932458925,9.77447122120841,644.167082446061,85.3360216005933,-279.456061676394
48935,1000,-0.33038827585561,0.261258378574055,9.77364175472258,639.633030897528,79.8093340090837,-267.975915881745
48945,999,-0.331255594007212,0.261143093846607,9.77412804779609,640.16617307205,98.1649905067366,-280.693940776869
48955,1000,-0.330353825528667,0.260492826138544,9.77738271470008,654.292004817981,79.3855685048136,-281.249198324493
48965,999,-0.330779438072815,0.261491028330044,9.77457944226133,651.185265736118,88.3854111854126,-284.930238142937
48975,1000,-0.331454389067386,0.260239700063162,9.77460809597706,651.302475801465,95.2378036548655,-273.114847179455
48985,999,-0.331480999334621,0.260725899888465,9.77518011763703,624.32955815382,79.2317442629032,-275.522356979331
48995,999,-0.329904180891507,0.260608371688897,9.7753967506545,638.078628242588,79.1589193518867,-272.964073505017
49005,1000,-0.330889683656228,0.260971516912752,9.77484322398935,644.841248863689,71.8907624927314,-275.780496034416
49015,999,-0.330291116947422,0.261396530517565,9.77566862246446,646.029329350524,88.8248168522618,-289.771720847015
49025,1000,-0.331404470592132,0.261077986720974,9.77535653642364,645.884847018667,78.7612269536896,-271.795763209989
49035,999,-0.330804398170011,0.26008406545669,9.77385851060624,638.306925503951,78.1445909025233,-288.863942840001
49045,1000,-0.331207430324867,0.260343742502786,9.77565618656181,656.057365983711,85.9369674576329,-279.188129622203
49055,999,-0.330572321217925,0.261316730709871,9.77548177275734,642.81018024693,91.0610559718177,-287.873639559621
49065,999,-0.331251279397361,0.261348623446464,9.7753186065616,625.160257099112,99.6960491059841,-274.559562123406
49075,1000,-0.330853916477556,0.261414339273436,9.77427556795495,623.403964314297,104.994108391154,-279.298053286325
49085,999,-0.330622266195009,0.261576663691482,9.77552639864833,634.632535219822,99.7593207914283,-288.698892293271
49095,1000,-0.331469764365327,0.261638083187344,9.7743827678813,641.673233607878,109.262248247433,-289.411030385561
49105,999,-0.330678787992941,0.260487255295097,9.77603918803089,636.674941573574,109.239659256047,-277.640505662365
49115,1000,-0.330350449795242,0.261138529865535,9.77446329336094,635.995757740919,106.149743280678,-283.804923515333
49125,999,-0.331389581394931,0.261548250856978,9.77494886968789,630.238999675203,102.224328881066,-280.336331258954
49135,1000,-0.331497282696351,0.260868884781791,9.77655324565754,627.133715981415,106.753344355147,-275.45072504205
49145,999,-0.330589365686567,0.25987197488289,9.77563214096626,639.075603624189,104.024454130503,-297.556604967777
49155,999,-0.330850909971788,0.260084923949945,9.77495461808875,639.079576649837,93.096030658867,-288.011181681896
49165,1000,-0.329918151362303,0.260749651023853,9.77531289384105,648.374619506808,93.0479144792584,-286.030877713806
49175,999,-0.330695410594516,0.260802212190189,9.77504197392803,644.751079124013,92.0159161695631,-297.529096543321
49185,1000,-0.330929780483019,0.261338250020132,9.77492755186907,643.48790365128,82.5528850681663,-284.71179374434
49195,999,-0.331492675307969,0.261113525024518,9.77615628094753,646.720851964451,93.473391925703,-289.744212422561
49205,1000,-0.329755810792632,0.260501869051273,9.77683462163416,643.552614341815,94.7290398622062,-300.788129622202
49215,999,-0.331096779022762,0.261084803304343,9.77529621344982,645.610027340212,104.009996744836,-278.713334216109
49225,999,-0.33093969512504,0.259622630097074,9.77553979897303,648.325479790733,95.07146353959,-279.731145920944
49235,1000,-0.329782908080925,0.260148456736645,9.77542992898589,632.444467309007,96.165004050855,-277.319427332126
49245,999,-0.330436699712077,0.260050780873462,9.77458715013895,642.139639483274,98.401484649807,-280.006230165494
49255,1000,-0.331137809649438,0.260475095517142,9.77390640911915,641.526043729085,113.127894045259,-282.183549469531
49265,999,-0.331514973488468,0.260860663133691,9.77487487566041,648.415711683263,109.498521893459,-273.459225145206
49275,1000,-0.331118200008591,0.259468034884783,9.77560875277003,632.123179039256,116.403616460335,-286.607976950447
49285,999,-0.329114432610057,0.260432973852482,9.77592692746158,623.770057710211,95.9240057958812,-295.053338342373
49295,999,-0.330138995494166,0.259923381232656,9.77532999357247,627.384430563119,104.655541998301,-277.66801408682
49305,1000,-0.331573267268138,0.260511553978263,9.77624786919619,637.657163308356,107.524860067901,-280.287366263424
49315,999,-0.329156814850772,0.260591508927097,9.7756486052065,638.179947471138,108.973388378687,-275.9074749217
49325,1000,-0.330426004396572,0.261936881873341,9.77675683851641,633.856305310833,113.768995237571,-276.027824278691
49335,999,-0.330818646361964,0.260201960256354,9.77586854281247,636.762244553761,112.446801860144,-274.834646367956
49345,1000,-0.331005289986255,0.260434100282108,9.7768891380106,635.617959898826,103.808093073898,-280.617137255791
49355,999,-0.330580813664053,0.259352397442908,9.7768213565035,637.326200311455,94.5655703073773,-278.740842640565
49365,999,-0.330637014333995,0.260515039386017,9.77624329172814,637.613721245241,92.9517495061152,-275.797441223881
49375,1000,-0.331205288076366,0.26026141870265,9.77633751095008,640.1370881215,86.5836391435216,-284.079732675638
49385,999,-0.331690371193073,0.260467318675476,9.77687503048589,642.287152531186,89.1566781511271,-284.682662322842
49395,1000,-0.331193228836113,0.260413242794795,9.77521350399108,646.768290996108,83.3891528699692,-269.597289927546
49405,999,-0.331525386319498,0.261272145914942,9.77650020322173,647.004201281999,93.8684619961745,-275.742424374971
49415,1000,-0.331632837485623,0.261080566895756,9.77543861419541,657.893384428161,90.5193398129021,-278.198816645103
49425,999,-0.331422182257321,0.26008944078497,9.77634119345292,647.242140040088,98.7106940320474,-280.914008172508
49435,1000,-0.331490757947654,0.260406302024303,9.77565933455667,655.039434770938,99.8784462055537,-281.963702141287
49445,999,-0.331460594648892,0.261520966344505,9.77560289428694,647.676030613727,95.4617934140841,-281.766769330613
49455,999,-0.331672486015795,0.261658554852742,9.77528340402025,644.108541149282,100.24836082903,-290.101821940475
49465,1000,-0.330533731056765,0.260983415706113,9.77658782655999,646.696932494663,92.6861423542435,-279.820190690904
49475,999,-0.330391204395304,0.260889396219921,9.77580413288517,649.69076256962,93.9184915763776,-279.813671194309
49485,1000,-0.331225885697083,0.260763827258126,9.77644992723124,645.021329093373,95.3034937454115,-288.036984584034
49495,999,-0.330718339918391,0.260862635921795,9.77711893152594,640.600862846994,108.106456140505,-280.253805985589
49505,1000,-0.329522721135121,0.261185604443391,9.77640710669061,649.156899047663,92.640375329753,-294.824770843577
49515,999,-0.330141103183598,0.260860382677843,9.77511057898772,640.951716983622,104.702906426069,-270.103197361698
49525,999,-0.331084404412169,0.260915760888046,9.77683353708071,643.847784644798,113.794551049902,-270.735891124163
49535,1000,-0.330090910964028,0.261135774484598,9.7757120854077,644.023730742022,110.849806929902,-287.982022751973
49545,999,-0.330660937199576,0.260893943230991,9.77732863887422,653.1739114249,113.048641945245,-269.580537297054
49555,1000,-0.330995763206001,0.261083645082208,9.7758455435675,656.408122220257,95.7688174451739,-283.475152522966
49565,999,-0.33082410117624,0.261036241058437,9.77797398149724,644.124468976211,93.2281780331939,-280.556398654594
49575,1000,-0.331277598829904,0.261325816123569,9.77722898867467,649.23056508086,108.586624068982,-273.994236492431
49585,999,-0.331257064191437,0.261031020914608,9.77672601139765,648.335744701292,95.874706091296,-276.12754231734
49595,999,-0.333109035240455,0.259968619010674,9.77614346970678,641.310996579402,92.260952995695,-276.815252928715
49605,1000,-0.332230449110196,0.260336036619605,9.77674296712478,637.779133664956,104.435008684781,-268.223244126019
49615,999,-0.331569059600268,0.260786064675472,9.77736657894054,642.108760531817,103.791574587052,-273.156632476201
49625,1000,-0.329732244074357,0.260280382219737,9.77613824595204,640.272448343243,99.2635793346593,-274.076679240523
49635,999,-0.33150048094205,0.260285150630597,9.7760285213473,622.459856119292,110.844728886061,-276.485151835256
49645,1000,-0.331768423802725,0.259997480692152,9.77782278639872,621.104571669018,101.287297354911,-279.160648706173
49655,999,-0.331896767765096,0.261249511055526,9.77638889875831,643.134161694859,96.1293975716929,-274.311986303311
49665,999,-0.33181899618085,0.260887792275555,9.77676663957186,642.98153132178,99.8631332863707,-273.156632476202
49675,1000,-0.331195010535087,0.260464282465989,9.77754448873784,655.36582160327,94.1522338033843,-277.374389164187
49685,999,-0.332187268433656,0.260422667528336,9.77698852200877,660.216563535851,97.081985715724,-271.010975368712
49695,1000,-0.331863238243997,0.260403333747508,9.77831878493381,644.668102896523,107.627009668169,-263.936221225256
49705,999,-0.330762374687655,0.261131850497563,9.77723083873031,643.73555075683,95.5607869064518,-268.975351959043
49715,1000,-0.332131010048243,0.261381046422739,9.77566858637877,641.294836657502,90.7535362599729,-285.591183057317
49725,999,-0.331661328957802,0.26186571427218,9.77732763858457,632.283538518639,103.462964174062,-275.192255885871
49735,1000,-0.331302091678476,0.260829335911219,9.77617507786675,633.727331529839,104.965124277036,-273.334694507699
49745,999,-0.329997630135851,0.261003274912553,9.77703959755368,645.06318213846,103.024883484386,-274.449528425586
49755,999,-0.330354500210795,0.261672697604756,9.77715040452762,639.468900429667,96.860095083193,-283.197207402273
49765,1000,-0.330259360509164,0.261072743272616,9.77708295399036,646.474982796045,92.4103686708523,-284.904160156554
49775,999,-0.330392688648058,0.261139271372191,9.77693826750285,651.153725964091,93.0877480066521,-273.349191447387
49785,1000,-0.330904313815876,0.261054133431191,9.77766873115418,663.269515345999,84.3502676398881,-284.849198324493
49795,999,-0.330618706155825,0.260547589325218,9.77743977567292,662.289670316761,90.5943560206404,-291.889869530049
49805,1000,-0.330487280139491,0.261567065569696,9.77757494578169,659.950643317528,93.9963527922572,-279.407976950447
49815,999,-0.330306865273575,0.260442122732897,9.77641827430103,657.17732561221,74.8826233021155,-275.054713763596
49825,999,-0.330022978686702,0.260620975532506,9.77723668808862,650.307836440457,84.3586539688348,-278.245691000374
49835,1000,-0.330721075277906,0.26149254643011,9.77789214288522,641.345734212275,91.4325432169391,-283.420190690905
49845,999,-0.332006182441913,0.261551215579667,9.77808922601473,651.521778990795,91.767130416511,-281.354142963788
49855,1000,-0.331570436840427,0.260617929965525,9.7787563596063,663.178724246753,90.9603494192486,-279.957595271057
49865,999,-0.331944885984862,0.261024072778088,9.77675317954374,647.271089875037,94.5810769773338,-282.261920970803
49875,1000,-0.331505498628224,0.261724135607456,9.77693322680277,660.205637512815,87.9853814544223,-281.084312828309
49885,999,-0.330791524347523,0.260886854460423,9.77836529944967,647.871491782571,91.9078589487104,-280.061247014404
49895,999,-0.330718109149832,0.259040118665618,9.77783022020149,649.685513657245,95.0944032909152,-280.611415503504
49905,1000,-0.331887534996878,0.260298506046816,9.77767797587674,630.914871638078,98.4154335154205,-279.298053286325
49915,999,-0.331518985636399,0.260738830491453,9.77753413410341,629.803039372683,109.444407429139,-278.960910036205
49925,1000,-0.331354300972411,0.260320893817802,9.7771030872797,655.677905590382,96.059204203198,-284.382022751974
49935,999,-0.331278934064855,0.25982480327079,9.77785162056907,634.452197867932,107.597416789719,-272.578955562647
49945,1000,-0.33092769830871,0.260336947114399,9.7783217451716,630.069807064318,100.724316480587,-292.378969316859
49955,999,-0.331342714596514,0.259880607316097,9.77665453195401,632.918057438927,101.220770822319,-284.462594927202
49965,999,-0.332232132916407,0.260133623021544,9.77745963760765,649.22996253076,105.087821892495,-283.417274797912
49975,1000,-0.332477015440848,0.259862845920348,9.77564302039336,640.104676597347,107.134513104133,-282.898053286324
49985,999,-0.330684287329683,0.261673936965017,9.77798544325996,640.005626653135,97.9823926793967,-278.520775244925
49995,1000,-0.331407778152751,0.260311476586445,9.77742917453993,648.303753956029,106.887874644962,-285.151488400828
50005,999,-0.330714941834278,0.259745401355596,9.77640139603168,657.349441131138,91.451526758937,-292.109936925689
50015,1000,-0.331315268450336,0.260110943088202,9.7778023209317,649.357680328205,85.9700027807444,-278.446144889378
50025,999,-0.330144126970442,0.261825262720013,9.77737491924359,646.417469226549,105.47336704377,-287.901147984076
50035,1000,-0.331176927976772,0.2614105136224,9.77681433163102,646.241088019623,104.516961107602,-287.349961683271
50045,999,-0.331905767183167,0.260291801549432,9.77803628902596,650.889807935738,113.998315728182,-298.409366125882
50055,999,-0.330843693750025,0.260126470468364,9.77826067236512,649.479476818773,102.913082837628,-296.236200593938
50065,1000,-0.330268427619909,0.260976619124165,9.77861151299761,644.360268359519,106.003648661428,-293.148434965714
50075,999,-0.331032179225578,0.259574378815473,9.77802434836057,644.759457673591,106.40867875479,-291.11963364531
50085,1000,-0.33122426446382,0.261294639871116,9.77692634479248,635.091840111963,104.169944987945,-293.780496034417
50095,999,-0.33073774847616,0.260687883247083,9.77828042722532,627.037263962483,94.8717170526286,-284.710170747297
50105,1000,-0.331047658788884,0.260297210229569,9.77948415964897,651.590347542237,83.1954605795537,-298.204923515332
50115,999,-0.331451427757208,0.261169959302123,9.77928461376101,642.373469163581,97.8823783743012,-305.038896419534
50125,999,-0.331599937496909,0.260333525244792,9.77851038353716,660.973163074077,98.7778586405264,-284.765187596207
50135,1000,-0.331212105589408,0.260377228495196,9.77952915883874,659.191623433912,87.6191395051932,-294.742328095485
50145,999,-0.331458034923498,0.260930252323117,9.78058972125374,670.070674053732,89.9136386118269,-286.168117243411
50155,1000,-0.331388233601533,0.261238081223422,9.77978072421135,652.884014224183,103.219191344132,-295.951488400829
50165,999,-0.330560828942974,0.260404193119214,9.7797628746673,649.863397316396,101.35270183959,-279.978721741039
50175,1000,-0.331690718112881,0.260710347448877,9.77896796318765,652.891533170532,109.630906147459,-282.898053286325
50185,999,-0.331062670889141,0.260581218239371,9.77894254856514,650.424828727461,117.482225612496,-290.596973580665
50195,999,-0.330833847119886,0.26160332267281,9.77879440996149,641.648150183365,115.46922215234,-278.768351065019
50205,1000,-0.330802202576434,0.260799038537358,9.78057281708133,664.78303971729,110.106263988997,-293.423244126019
50215,999,-0.331432931404619,0.260442117333199,9.78002173644976,649.2345418301,103.337575630672,-290.78953255185
50225,1000,-0.331385270282326,0.259680054351038,9.77936121513469,633.90847272091,110.736964793026,-283.914847179454
50235,999,-0.331063793288867,0.260192093904177,9.77838346300792,638.719780893575,85.8709464695866,-283.444783222368
50245,1000,-0.330907819709101,0.259949324631565,9.78004996732242,641.337852683157,104.955987751511,-284.73927466037
50255,999,-0.330607528913279,0.259810069212629,9.77952164232012,652.965835025856,97.6883428290275,-285.865524574407
50265,999,-0.331417966243146,0.260456190605181,9.77844921588298,645.171983292254,117.554839029388,-280.308822834499
50275,1000,-0.331154875720035,0.261267866446729,9.77899099551325,637.231159493234,106.285592302444,-291.829350996248
50285,999,-0.331231949692343,0.259865254068065,9.78110753520721,653.735359591498,94.4104207777394,-296.896402780857
50295,1000,-0.331657773829806,0.260309360644486,9.78010830026789,645.585864094345,93.0874676919611,-287.487366263425
50305,999,-0.331622015231352,0.26012384243794,9.78041903677199,638.890580264322,82.0302081245727,-285.232830811942
50315,1000,-0.331356767949193,0.26042274936749,9.77922236761387,644.162848600486,85.8266450862111,-277.951488400829
50325,999,-0.331146876734741,0.260435351515499,9.78072210842045,646.171848061926,84.8310460590477,-283.224715826727
50335,999,-0.330635158027285,0.261037366954366,9.77983401913382,644.542054243134,74.1633425033831,-280.748957625778
50345,1000,-0.330541926619009,0.260258261081335,9.7807096576363,633.037402950609,74.0999050480555,-287.322480767241
50355,999,-0.3305659792108,0.260575624750084,9.78017447744412,635.898192944049,85.29612026443,-285.617948754312
50365,1000,-0.330068111817963,0.260312864452874,9.77983177746865,641.031441352943,87.8341562237822,-286.553015118386
50375,999,-0.331398479314619,0.260925449534395,9.78023738155066,642.743889201563,82.608511601423,-276.347609712981
50385,1000,-0.331876939904597,0.259701692312085,9.78025216920926,650.381073825742,86.9179792180805,-285.041564736707
50395,999,-0.330555630220758,0.26098413578004,9.78162191768894,645.704284156053,90.0646864396576,-272.248854469187
50405,1000,-0.33091648824649,0.260497781385214,9.77961833001109,648.355656198015,78.9446606226214,-281.249198324493
50415,999,-0.331670352226681,0.26025639241327,9.78007538818783,650.634748829576,76.3836880959446,-280.666432352414
50425,999,-0.330115502164106,0.260201179939782,9.78185167034147,652.248711207924,70.1852678113285,-290.12933036493
50435,1000,-0.330800415533044,0.260292728771141,9.77958472073116,659.6621026515,78.9607958027456,-281.276679240523
50445,999,-0.330535717698716,0.258501371857891,9.77991704351286,654.897112553415,86.2055682880463,-283.884918013648
50455,1000,-0.33217911589146,0.259331076296252,9.7801305539727,652.378965089769,89.8456757012469,-285.7560685535
50465,999,-0.331219692271242,0.260456728350814,9.78046433156415,649.844309323061,97.1745803357987,-293.953001364173
50475,1000,-0.331567944769149,0.259782232783931,9.78084882352143,659.620999318828,83.5570630009829,-292.873625805408
50485,999,-0.331557805794009,0.259149083541921,9.78081634936189,663.050012159041,77.9239483429182,-292.192462199054
50495,999,-0.331676304351535,0.261094433949356,9.78115400175809,664.632284428165,80.856487739224,-290.40441460948
50505,1000,-0.331803446621163,0.260815297854658,9.78095842847334,644.6827093674,99.362713095897,-289.301106721439
50515,999,-0.331714277229479,0.261527510828452,9.78015522421053,650.499167957856,91.9608488977823,-297.859197636782
50525,1000,-0.331423694635389,0.259866314944935,9.7802508823079,654.30181503091,98.4196092654353,-281.551488400829
50535,999,-0.33178807740805,0.260840781368061,9.78014182445035,647.203133742818,84.0745220641782,-283.389766373457
50545,1000,-0.331061949074569,0.26005443683426,9.78104471052083,640.827707563447,102.051573385459,-298.891946416095
50555,999,-0.331818183571213,0.260621191974236,9.78052655162511,652.791839289087,94.2024276427734,-292.082428501234
50565,999,-0.331321715352494,0.259611097110568,9.78184860999531,646.640834810828,92.6914736864204,-281.326634539333
50575,1000,-0.331509009641918,0.26034069882559,9.78089717085741,633.315787509857,75.6309510022792,-287.514847179454
50585,999,-0.330971936940723,0.259890207407647,9.78097765648458,640.463976481161,88.8128643737104,-295.823574227113
50595,1000,-0.330758907423443,0.260039051536438,9.78083612599883,647.337808237576,101.553290163636,-293.45072504205
50605,999,-0.331297609467141,0.260587916703385,9.78051017880114,647.401208191062,92.8793194635004,-291.39471788986
50615,1000,-0.331475821304714,0.25985718915239,9.78049656846219,631.054142071281,91.0132282705551,-292.846144889378
50625,999,-0.330623275552532,0.259870411482269,9.78096513080814,629.981795592802,92.7523994854407,-289.441619753555
50635,999,-0.331423235366432,0.260309329359871,9.78110483563131,633.957205118022,90.3821127161925,-281.491685086063
50645,1000,-0.331470598463841,0.260487585315639,9.78110601711696,633.0934797236,97.2146546328489,-284.024770843577
50655,999,-0.331395286485514,0.260808315464117,9.78030620708401,627.000052697279,92.8846452356317,-276.925286626535
50665,1000,-0.331770221043174,0.261816295111992,9.78120603159509,627.716337937248,103.299632086155,-294.00034336266
50675,999,-0.330836329875761,0.260078100171059,9.78006683272653,636.122662192646,112.540723373646,-282.481988366443
50685,1000,-0.332279612607092,0.261218456065554,9.78111592789642,626.762991877818,108.509758378443,-289.988129622203
50695,999,-0.33116676017095,0.260667933988912,9.78203004057509,631.254014702183,102.114113405576,-281.051550294784
50705,1000,-0.330620130317615,0.259304918801199,9.78081462561432,640.514897942192,99.0239620750134,-289.191183057317
50715,999,-0.330819560626797,0.260412631202169,9.78119527280386,654.03883727552,110.327077832514,-283.967443287012
50725,999,-0.331632234790031,0.260266296210258,9.78223360101311,644.216918762946,104.211370254889,-288.75390914218
50735,1000,-0.332086861887661,0.25941104352288,9.78166361694719,632.600439088384,91.9331606235203,-292.351488400829
50745,999,-0.331321450312605,0.260480372803219,9.78025590383439,635.201361614237,89.8445575610288,-285.700474027677
50755,1000,-0.331405794990296,0.260882150874996,9.78166122987141,652.048955381753,95.9197364577725,-281.221717408462
50765,999,-0.3322419391512,0.260209248037995,9.78026285545015,649.21433405804,99.360594316632,-292.990206508249
50775,1000,-0.332380048834571,0.260744143494017,9.78153695128104,642.556467105361,110.276069811741,-299.578969316859
50785,999,-0.329906601770995,0.260941881594003,9.78170131133592,666.863373753334,92.5650338055783,-298.491891399247
50795,999,-0.330624480793134,0.260145759675469,9.78198210280322,657.749121305011,93.6504370521364,-291.312192616494
50805,1000,-0.33073792607509,0.260764548533225,9.78149409523373,653.161451234729,88.4403698772775,-285.398816645103
50815,999,-0.331368077296869,0.260733805744123,9.78239954760392,646.842889581357,97.1927968139391,-300.500006384461
50825,1000,-0.33099715918139,0.259572776005125,9.78044573492431,660.688432840878,105.274198229441,-293.45072504205
50835,999,-0.330546983180912,0.258938476984265,9.78268798659719,676.320065804766,96.6514459874526,-290.12933036493
50845,1000,-0.331431489630005,0.259867555400276,9.78251989197757,658.937660638147,96.556737284684,-295.759121988615
50855,999,-0.331496417799261,0.260480720319048,9.78254521691643,641.080497944163,99.9596977062543,-287.488521617251
50865,999,-0.331318338220493,0.26056128998034,9.7819317698379,635.890634619724,92.8537234909587,-282.839597884358
50875,1000,-0.331886482524093,0.260739297078673,9.78224130761933,634.145566867233,84.1270449855693,-295.51179374434
50885,999,-0.331439839568397,0.260714533752203,9.78216854268011,638.048721233943,111.57812025641,-295.108355191283
50895,1000,-0.331746859944162,0.261243460532613,9.78210442435748,642.956157448504,114.625862243406,-286.662938782508
50905,999,-0.331490865305922,0.259912495820873,9.78269086757422,651.885166497257,117.640591561323,-301.627851787116
50915,1000,-0.331702471502287,0.260222414247522,9.78208002576699,638.894534844721,101.535984604893,-295.319427332126
50925,999,-0.332539321133321,0.260955638381345,9.78211748216063,630.108809220204,114.905630035947,-293.567883421804
50935,999,-0.330897057543618,0.26112145631546,9.78242990751255,632.880716530936,109.34653280681,-285.535423480947
50945,1000,-0.331563614339311,0.260075335027656,9.78214365967404,616.642934533019,104.232165413185,-289.520954049683
50955,999,-0.331452334568075,0.260885720306013,9.78200001263206,627.570342914528,91.4364293758206,-296.016133198298
50965,1000,-0.330893078591158,0.260510763860503,9.7825665482559,612.506984512304,98.4871695420883,-288.009503668004
50975,999,-0.331049742451544,0.260141497993089,9.78307353840077,626.835540444658,88.0870306663756,-285.342864509762
50985,1000,-0.330319659948723,0.260543629925958,9.78235987692197,627.126935033833,97.6220135829806,-279.07820595808
50995,999,-0.332026759429473,0.260671573992397,9.78285085152314,618.913773612716,91.5775246615985,-291.064616796399
51005,999,-0.331707984890071,0.260164397780869,9.78339984368762,612.032079570211,76.9780076435811,-289.139027084551
51015,1000,-0.332120091368577,0.260598759222887,9.78431950513699,612.672077624702,92.8154575434085,-283.997289927546
51025,999,-0.33049990692875,0.260466196338839,9.78331284134394,622.126716225369,93.1314730900804,-296.566301687397
51035,1000,-0.331549465084207,0.259809203097309,9.78323360518342,611.55013528478,88.9318220737322,-285.536221225256
51045,999,-0.331850454924767,0.260717787071138,9.78250166286082,617.076108289279,86.9898257922459,-284.022460135922
51055,1000,-0.332014686149643,0.260014598008132,9.78305622898189,626.150056445566,113.728720945228,-288.614083820676
51065,999,-0.331555286241724,0.260742047237065,9.78286588906886,621.00257618245,100.189201971428,-298.024248183512
51075,999,-0.330645426653598,0.259978665543107,9.78463575914792,631.21346290487,108.828887402284,-287.983673257441
51085,1000,-0.331493068915172,0.259800658127249,9.78195446105362,620.05501237477,103.128694058277,-277.319427332126
51095,999,-0.331519466425559,0.260339138419093,9.78311810218915,619.299291779568,102.484360756929,-276.18255916625
51105,1000,-0.331769134167769,0.261492398397785,9.78343754891749,611.582000578146,99.2881404559809,-280.562175423729
51115,999,-0.330036911477129,0.260250545831685,9.78428250178182,640.739173492009,81.2782450412083,-276.292592864071
51125,1000,-0.331784997444328,0.260478211764425,9.78287711645897,611.044074633498,104.286191351819,-273.417137255791
51135,999,-0.331978745392096,0.261362041983825,9.78185854812668,607.212807482677,107.051778272986,-279.896196467674
51145,999,-0.332090694076928,0.261099750681357,9.78353157940739,616.766917485815,102.046308024841,-271.946261800182
51155,1000,-0.330798956975221,0.259224990700271,9.78387795184628,623.456216162029,88.3701312285902,-279.215610538233
51165,999,-0.331161252559104,0.260916165132376,9.78263185769612,602.56059537809,116.086708067613,-283.884918013648
51175,1000,-0.331952540294187,0.260501143562491,9.78322170377199,608.430142945506,97.1707087842491,-273.197289927546
51185,999,-0.331193101367344,0.260695507114323,9.78200660033567,593.300978534232,93.5258183712109,-272.881548231652
51195,1000,-0.331521665856147,0.260660776027405,9.78296966442429,621.018724557286,91.8777617907948,-270.394236492432
51205,999,-0.331424289619732,0.260002253797533,9.7845201339868,615.982330780115,90.9642481244821,-274.256969454401
51215,1000,-0.331320164148924,0.260913481957139,9.78216423659624,610.076257244619,101.80443575544,-271.218663973348
51225,999,-0.331655723177447,0.259938704755264,9.78344821003618,610.32300208017,104.650056113518,-273.816834663122
51235,999,-0.331881917730782,0.259808348434507,9.78335620044868,617.260076183484,104.376189805581,-284.380069653837
51245,1000,-0.330910555372101,0.260776268789114,9.78262601328793,627.642747341005,105.713274963615,-286.085839545867
51255,999,-0.332758345902541,0.26036232153167,9.78338703982483,630.939942210779,86.6141857021737,-286.003066696681
51265,1000,-0.330874797363948,0.261357798563806,9.78289695329908,623.635432605812,87.319956944732,-283.777442599302
51275,999,-0.331599333080854,0.260714531125855,9.78324138996423,624.036386375602,105.077291740781,-285.067780265212
51285,1000,-0.332231650324839,0.26093719280225,9.78208823581545,631.811593529537,112.046695751461,-285.316373897012
51295,999,-0.331119518973737,0.26046913325807,9.78222821810555,645.607547215943,97.0519905772581,-281.711752481703
51305,999,-0.331356849909924,0.260760703549163,9.78416678152624,630.406317614386,92.2614666390229,-278.76835106502
51315,1000,-0.331910755855364,0.260402138168975,9.78322913825417,622.390084119406,105.677588104308,-274.104160156553
51325,999,-0.332438989689758,0.260455642374125,9.78376699047854,611.325740479012,111.978813819812,-285.920541423317
51335,1000,-0.332382191045937,0.260329703751817,9.78474543552881,624.213937412416,116.285179486254,-294.49499985121
51345,999,-0.331552924904496,0.260389471786727,9.78372281541948,611.694737049266,115.665665801184,-286.883336279242
51355,1000,-0.332311975145582,0.259864669384398,9.78383238767126,602.873812653545,111.981495261453,-284.21713725579
51365,999,-0.331947335160984,0.258779730908022,9.78420871711549,605.760316111617,105.484645498168,-282.619530488718
51375,999,-0.332631752319689,0.259268465309085,9.78305125040634,591.317349824827,119.886673451427,-284.820204445117
51385,1000,-0.332247418578805,0.260534999138685,9.78358719224719,615.479947266543,115.974890843258,-277.841564736707
51395,999,-0.332166742900678,0.260861956548166,9.78337844261028,625.185338730318,115.278753864295,-279.401044827484
51405,1000,-0.332229435436394,0.261164468191129,9.78314067388124,611.229362659317,109.629093254343,-275.917900614569
51415,999,-0.332007232730446,0.260364723610165,9.78488951276356,628.350693176683,107.068441172755,-273.019090353927
51425,1000,-0.33177560371155,0.260196773485199,9.78392018944316,610.108247070477,103.46251423977,-273.059885347393
51435,999,-0.332297219426965,0.260490732368076,9.78517338902388,622.791636868185,109.776781147778,-278.520775244924
51445,999,-0.331915233083084,0.260555643988218,9.78545780408617,630.777989765615,87.13596297561,-289.166535509005
51455,1000,-0.33112880816236,0.260529659807166,9.7840539971064,619.470223149397,98.7723858208642,-274.571335729072
51465,999,-0.3311283928208,0.261174430071361,9.78471135195717,628.805645299295,103.783533468513,-283.389766373457
51475,1000,-0.330562894444117,0.260480148404491,9.78454905211345,626.148455349276,90.1747594812807,-275.780496034416
51485,999,-0.331635772954536,0.261298996629596,9.78421568037376,625.570740273905,89.6252013507808,-278.520775244925
51495,1000,-0.331406938146521,0.260413948602883,9.78360824974777,641.780889741751,98.5163556598941,-284.629350996248
51505,999,-0.331490970130104,0.259818540091117,9.78457426423169,637.67293808306,93.5344499367361,-281.354142963788
51515,999,-0.331877398695515,0.260042768492683,9.78512488777254,628.206630028883,93.2026808452741,-286.965861552606
51525,1000,-0.33187171067529,0.259410872654843,9.78418533256713,629.08139224575,89.022800490557,-293.670572370294
51535,999,-0.331576963316686,0.261374620990194,9.7850238980186,632.868378911045,90.1294097921112,-278.135657302555
51545,1000,-0.331389736182815,0.259520701877218,9.78481459463808,634.33848570486,97.7477189596118,-277.236984584035
51555,999,-0.331416402801533,0.259228572897299,9.78638275944388,640.545808045063,86.5165706747092,-284.985254991847
51565,1000,-0.332126263171749,0.259928572363116,9.78741946175889,628.945747751291,74.0641150512453,-289.411030385561
51575,999,-0.331968756440762,0.260873792897414,9.78491364994159,638.671772575413,73.4046802514874,-279.373536403029
51585,999,-0.331064245926497,0.26143504001744,9.78482887295327,633.407786586645,91.1653250848153,-286.305659365686
51595,1000,-0.330999944891449,0.260794463707872,9.78682094637033,630.114562208293,90.7060802125265,-283.859885347393
51605,999,-0.331048733973421,0.25924744356784,9.78589573703989,626.031892958476,87.5615769279407,-272.413905015917
51615,1000,-0.331430296398498,0.260524405452114,9.78599396444552,616.588955038011,99.0519234165759,-288.174389164187
51625,999,-0.331591309086845,0.259609998692901,9.78589205839548,623.440797573488,89.4459749422596,-270.543332152977
51635,1000,-0.332083037380666,0.260038708950272,9.78692444614467,632.84632276087,86.2001820141489,-275.97286244663
51645,999,-0.331324885987476,0.25989089852223,9.78653630855733,622.225657313618,76.1734308277675,-278.32821627374
51655,999,-0.331284581209493,0.260911532823507,9.78559905799385,620.574021094556,81.4096507184757,-275.604882252696
51665,1000,-0.331555837008745,0.260473663194238,9.78691151105064,617.219800989692,75.6449847409026,-284.794236492432
51675,999,-0.331420521351511,0.260410844647054,9.78627541301355,631.494543576369,77.7860605730486,-268.507708743308
51685,1000,-0.330935530338151,0.25969196962037,9.78625178912845,624.17829769824,75.6018139655103,-275.862938782508
51695,999,-0.331437548488206,0.259682968427035,9.78606588092984,618.548973945954,81.0331482914269,-276.650202381985
51705,1000,-0.331602293946093,0.261134936348716,9.78692816754638,611.583401834826,83.0285047899305,-291.059885347393
51715,999,-0.331462880473517,0.26194497214204,9.78715767029462,621.713465586984,80.1602545062065,-281.849294603979
51725,999,-0.330670871280002,0.260830500854063,9.78782163015353,637.766096684525,57.9818138999856,-289.79922927147
51735,1000,-0.331305975589819,0.259370509745754,9.78738819866186,625.621493217457,67.130332193747,-281.359121988615
51745,999,-0.331375485768827,0.259549003620313,9.786787771511,634.051766909099,90.4991990458165,-290.541956731755
51755,1000,-0.331209505637435,0.260127487605343,9.78753812179223,627.070788563318,79.4108214639308,-290.043091454264
51765,999,-0.331389680912125,0.26100455583324,9.78729025071504,615.597990954992,81.3522626999415,-289.991788242655
51775,1000,-0.330934587447956,0.261013449779769,9.7855442157579,632.362716768864,80.0598386175027,-277.401870080218
51785,999,-0.331435790151929,0.260868518208349,9.78538546875841,639.086623293933,68.5262940768884,-298.299332428062
51795,999,-0.331233734678592,0.260775623441619,9.785881562706,631.341422877719,86.5974719877433,-290.872057825215
51805,1000,-0.331379339772205,0.261023267242236,9.7857308783015,624.877715510917,78.4561131452432,-282.980496034416
51815,999,-0.331739622245963,0.260345331365651,9.78709503897404,636.749393303151,80.9602102762579,-287.901147984076
51825,1000,-0.331422001320788,0.260224201118348,9.78695670844097,626.923994429605,79.1688178150374,-280.946908248157
51835,999,-0.33134216635326,0.260276961495123,9.78663958074916,621.981097274581,90.3149302299637,-278.300707849284
51845,1000,-0.331139110151178,0.260252070287431,9.78601000363589,623.307445199679,85.0807987914595,-286.992709774874
51855,999,-0.331248991525861,0.259581261751306,9.78734809421828,617.785267085129,83.267254065334,-287.075895250426
51865,999,-0.331050257233246,0.260421784867368,9.78697562643502,623.81518912739,87.4230183232292,-283.032156855543
51875,1000,-0.331445702170301,0.260586513163346,9.78726255757886,612.377786136259,74.6615642725094,-297.60034336266
51885,999,-0.33199971833619,0.260269179706831,9.78720213020415,612.188035814181,85.8051013356216,-288.588858595451
51895,1000,-0.331360228975803,0.259339408099723,9.78810542460999,616.115639935249,80.7923603279628,-274.488892980981
51905,999,-0.330729901442495,0.259696965492575,9.78573032645592,619.111997067761,91.220744986293,-275.219764310325
51915,1000,-0.33118912858638,0.259783526390529,9.7884048240972,612.398127114062,81.091112434881,-272.949961683271
51925,999,-0.330074578847985,0.258665446023788,9.78759769805863,619.091848471392,74.2280133569649,-282.289429395258
51935,999,-0.331292440947255,0.259203620206473,9.78758670954101,603.415144037664,71.8395887640793,-277.860573058005
51945,1000,-0.330863734948818,0.259667555833671,9.78571818068201,620.638719400423,70.6358354888512,-283.392709774874
51955,999,-0.330756929222176,0.258971926632347,9.78703186055918,596.711651953028,65.5896932126112,-283.252224251183
51965,1000,-0.329881503972785,0.259356533379912,9.78807943634019,626.969467701116,67.2081029778613,-287.679732675638
51975,999,-0.330615432985436,0.260430673321499,9.78787205048512,605.69858507765,61.1666938517926,-295.878591076023
51985,1000,-0.329490528784121,0.259384123122235,9.78649390091369,604.822868277371,76.9599440083193,-294.247671606936
51995,999,-0.331253254688904,0.26049265238928,9.78761030638253,611.511193002736,77.6167001849771,-289.57916187583
52005,999,-0.330737083921001,0.260362866093526,9.78724630065766,613.534289212236,69.9751900611804,-275.769932799426
52015,1000,-0.330899404347858,0.260199535073783,9.78752515028109,600.554481369332,79.513826006457,-298.58965633976
52025,999,-0.33208645621603,0.26066544343233,9.78781796348288,599.426946574518,89.7649158163296,-289.386602904645
52035,1000,-0.331430956001145,0.260674881926865,9.78849953573444,604.678648632818,72.9988475040416,-284.464465500066
52045,999,-0.331670535739109,0.260591941254486,9.78647318901201,601.017592417617,77.3232965082628,-297.364045996592
52055,1000,-0.332162583151336,0.260180637823422,9.78855753908952,612.306359162003,65.6250299520237,-294.49499985121
52065,999,-0.331190021335277,0.25969874171619,9.78812494604213,624.810880798873,59.6314874440898,-291.147142069764
52075,999,-0.331155459248629,0.260181099903642,9.78762938418478,634.966222060297,65.0819653015396,-293.897984515263
52085,1000,-0.331254015526091,0.260161829133366,9.78632023047524,640.298751871394,82.4168461493849,-291.582022751973
52095,999,-0.33141937618768,0.259169303213369,9.78661179873366,628.797694521091,80.2479266882097,-275.934983346155
52105,1000,-0.331030132403764,0.259957151517144,9.78709619257682,618.402505752476,65.0481976549225,-283.640038019149
52115,999,-0.331794346954015,0.261387458910879,9.78751004771346,628.271970626613,61.1624079603292,-284.985254991847
52125,1000,-0.330963676473309,0.260350224224885,9.78610577642263,622.211413160965,70.2292866634165,-284.244618171821
52135,999,-0.330773671652264,0.260727467103738,9.78670829159378,611.321362691784,83.7550580257081,-280.886499748053
52145,999,-0.331223322943898,0.261721886506682,9.78605666983673,612.112205705441,73.5846828435359,-287.543538466161
52155,1000,-0.329980676588358,0.259998032060921,9.78799652044936,625.895128094071,69.3411303079183,-276.275152522966
52165,999,-0.331070295771127,0.261382772128341,9.78738179934856,611.162076172395,61.7706995528055,-292.137445350144
52175,1000,-0.332110441468514,0.260615436137026,9.78756848056108,609.107224269957,75.7364595664162,-287.075152522966
52185,999,-0.331542094405761,0.260892706396769,9.78763700806029,610.804114811816,75.4981165876769,-292.219970623509
52195,1000,-0.331050086644052,0.260673055472393,9.78649382439488,604.249695666152,69.7355332846944,-288.614083820675
52205,999,-0.331514687323022,0.260610881357863,9.78804765213477,598.179498944343,62.0906249708387,-291.697310558864
52215,999,-0.331394953342308,0.260188305073153,9.78840989602349,607.95628619969,66.4221960969697,-297.584113392232
52225,1000,-0.331723822037006,0.259493848962348,9.78681580517831,605.821069118433,92.4174093203232,-291.252251759607
52235,999,-0.331505249238441,0.260557088989056,9.78677335205304,606.274728358821,79.3461487746224,-299.839804197541
52245,1000,-0.331765633291658,0.260486774828988,9.78605857651183,613.224452437139,81.8895307140311,-301.17286244663
52255,999,-0.332334726973124,0.260120072309919,9.7874103476313,617.716019383288,77.8385592857172,-292.33000432133
52265,1000,-0.331187023694789,0.260898622721001,9.78744485193646,615.612284736692,63.2322496457717,-293.917900614569
52275,999,-0.331423818569549,0.260968099299564,9.78814731188506,590.642144194805,78.016373332004,-283.224715826727
52285,999,-0.331657929186661,0.260653602983204,9.78819086884299,584.739598751115,79.2606679696921,-296.016133198298
52295,1000,-0.331141444185922,0.260121795306276,9.7870998918374,597.966427738949,81.7233598061609,-300.67820595808
52305,999,-0.33229220587545,0.26105726266375,9.78841564699682,596.222111779514,72.2360429719231,-294.310610882088
52315,1000,-0.332226138757041,0.26007664728511,9.78836225228971,595.4817540585,58.3900152787356,-298.974389164187
52325,999,-0.331917836532401,0.260898262975293,9.78732030350869,582.997022277467,63.0179991429597,-293.072731781614
52335,1000,-0.332009050452849,0.260955293120849,9.78905178800162,604.960167860754,55.3038545551445,-300.293473133653
52345,999,-0.331760354426129,0.261409387588105,9.7867122352194,606.541722845506,70.2791280958562,-301.517818089296
52355,999,-0.332479376901321,0.261533183595692,9.78753019569825,609.645987892932,69.3947481672975,-299.262127283986
52365,1000,-0.332048435224876,0.25999786872114,9.78764538091134,605.470513486508,71.6429597864905,-301.667518935179
52375,999,-0.331665742590672,0.261070200015057,9.78776641774788,618.625418683783,83.3625852564635,-301.710377060481
52385,1000,-0.332313891673425,0.260977791205771,9.7876442141304,614.277398007082,54.1683819423491,-285.975915881745
52395,999,-0.332101013665279,0.261061626134893,9.78841294650741,600.870510770348,77.1333675931597,-299.619736801901
52405,1000,-0.33118192892761,0.260919343368882,9.78796515260906,613.648324321524,68.1494228922021,-297.655305194722
52415,999,-0.331264740286452,0.259981025617386,9.78729142962028,592.989469167026,68.488668354365,-306.056708124369
52425,999,-0.331432463293767,0.260581951982504,9.78905967372902,596.253825443782,64.529269259525,-301.022666449106
52435,1000,-0.331306721499029,0.260231009171854,9.78828261714672,610.440301337849,58.302554054582,-299.084312828309
52445,999,-0.331840270014174,0.261237568198015,9.78938867183351,613.205349626754,51.087777843631,-305.781623879819
52455,1000,-0.331928827210397,0.260741198673148,9.78890584743404,605.044341426025,43.2023127228132,-299.881259393195
52465,999,-0.330878147170482,0.260959392814452,9.78824596634295,617.673473110864,40.6852828468216,-297.941722910147
52475,1000,-0.330949879268489,0.259917418547461,9.78911450707954,612.027686528858,35.2353311373858,-299.963702141286
52485,999,-0.331181315322808,0.260157414591007,9.7885763988435,616.253005743156,59.2515261127055,-306.386809217829
52495,999,-0.331689301455567,0.259260110798502,9.78835476464475,607.200178058071,63.681856134349,-309.000109541053
52505,1000,-0.331396541206883,0.260858947408557,9.78961995987781,604.680436922018,64.1851842758747,-307.053778477165
52515,999,-0.330834747508427,0.260578551413106,9.78832964290755,617.501568789566,58.8873717371748,-306.139233397734
52525,1000,-0.331405203352037,0.260940264616209,9.78791585645821,623.693848397123,58.8345312738955,-293.560648706172
52535,999,-0.33139806159701,0.261369012943479,9.78905479089742,620.11244479292,57.8332633868425,-291.642293709954
52545,1000,-0.331653657165921,0.260472842911245,9.78784457984773,629.086302167356,66.0027716881602,-298.369809011515
52555,999,-0.331527097915794,0.260569781778002,9.78625122648972,629.1311190209,73.5856599941885,-292.632596990334
52565,999,-0.332378216804128,0.260244381906055,9.78768580003076,620.70593877192,69.4293874189735,-304.956371146169
52575,1000,-0.331491001087381,0.259845090362898,9.78934170553546,617.749612392298,78.6787246412772,-292.324007484798
52585,999,-0.331908784348515,0.260677567807531,9.78863516112928,618.758295903381,71.4392208009055,-290.762024127394
52595,1000,-0.330727967314772,0.259694613346828,9.78768391406898,619.878901334003,75.6416588325136,-294.549961683271
52605,999,-0.331393092011834,0.260697564807284,9.7880781003732,625.268020994659,85.5638070762893,-287.075895250426
52615,1000,-0.332512342329397,0.260687219464811,9.7860992355023,619.443952916936,69.1623486469629,-294.494999851211
52625,999,-0.331314725201242,0.260300233327107,9.78938747606658,622.771099466628,70.603870383077,-293.292799177254
52635,999,-0.331796521765741,0.26026399928049,9.78979888464541,618.947628551614,68.6837037955469,-298.491891399247
52645,1000,-0.332010461963778,0.260857646585718,9.78708684167039,625.412813634643,63.8180461701128,-293.258358629837
52655,999,-0.331071728803988,0.260082735353726,9.78708406170859,620.392974960432,77.7005960375102,-295.025829917918
52665,1000,-0.331154534374459,0.261377667461367,9.78739882366447,622.914583309489,80.4736007660852,-289.575915881744
52675,999,-0.332395553137535,0.261188150735654,9.78855864809866,626.271682098063,72.118332069436,-305.506539635269
52685,1000,-0.332120172097002,0.258841492004184,9.78788159370101,649.233870387729,71.2122287077193,-293.45072504205
52695,999,-0.332183679390964,0.26021854708638,9.78713432851563,635.778808550877,60.9694057393998,-290.596973580665
52705,999,-0.331611791383894,0.259219504004193,9.78799881086484,636.60949554793,56.2448688531093,-297.666638665597
52715,1000,-0.331871196710627,0.26064853857119,9.78814702237299,618.943222591011,67.4949971989472,-300.238511301592
52725,999,-0.332711267124844,0.259989951927193,9.78864630272995,619.283282173813,66.6395020989575,-296.043641622752
52735,1000,-0.331416048348378,0.260241876335017,9.78830825782446,616.243100781057,73.2443477192211,-290.647671606936
52745,999,-0.330504232715888,0.260131320051669,9.78911141707141,625.272634527756,77.6722194389079,-291.17465049422
52755,1000,-0.331319061100841,0.259862839979833,9.78862173139066,622.367915451804,77.3758470597395,-293.203396797775
52765,999,-0.331860004202672,0.260265802965341,9.78966978760186,633.970707179994,76.8604494606453,-298.932026190527
52775,999,-0.330777904810799,0.259737617329659,9.78833645209721,636.607029169803,70.6348190966856,-296.566301687397
52785,1000,-0.331146479405968,0.25964355118794,9.78983946190472,621.396818225531,60.9173072009654,-295.484312828309
52795,999,-0.331638668476337,0.261175813204689,9.78822035733967,620.994677357955,64.2527427179886,-305.699098606454
52805,1000,-0.331387906828922,0.261222185245514,9.78997910038732,627.719394405924,55.332316752061,-301.282786110752
52815,999,-0.331760654519978,0.260484272500962,9.79020112365644,616.33017388481,44.6755086141309,-300.967649600196
52825,1000,-0.331841398611758,0.259927154736194,9.78991478394418,610.759023656114,48.0184596547711,-293.588129622202
52835,999,-0.331887425386195,0.261173058838588,9.78879502116191,614.868661047972,67.9682120523075,-304.708795326074
52845,999,-0.331753732152065,0.261426024091209,9.7896561471855,616.674781027766,65.4454641631505,-297.584113392232
52855,1000,-0.331184285378449,0.261598815960314,9.78819128616665,612.378369543302,72.0161145500382,-292.461412064951
52865,999,-0.332794246423958,0.260717635170173,9.78961952878531,615.808256365504,81.1578196734227,-297.088961752042
52875,1000,-0.330942157257455,0.260980764537553,9.79024549407735,627.552466201343,70.1339535172716,-282.733167790142
52885,999,-0.332505081387524,0.26085941819307,9.78948469832261,598.067547368575,81.168564520992,-296.868894356402
52895,1000,-0.331159262153578,0.260308390146576,9.78983836918537,611.659147282536,67.609508456261,-295.759121988615
52905,999,-0.332376090669119,0.260447972576043,9.78940721704281,600.112867636473,74.0637210828257,-296.511284838487
52915,999,-0.33252304430359,0.261329586226523,9.78941826872598,607.31476414718,69.4955508431774,-296.016133198298
52925,1000,-0.331940201932539,0.259259234578098,9.78854608475265,586.852580223401,71.7747863668816,-294.055305194722
52935,999,-0.332310843727462,0.260463888866591,9.78925571943367,601.957107028848,59.803090225747,-296.786369083037
52945,1000,-0.331565130334776,0.261799876895909,9.78979814194571,595.760310924691,63.323842969285,-295.484312828309
52955,999,-0.331901100331922,0.261330065006524,9.79119721947263,598.343143188801,60.7234624510706,-299.647245226357
52965,1000,-0.331193628156436,0.259961989621691,9.78912612200737,597.599821613339,61.1263984032292,-295.786602904645
52975,999,-0.332029291159698,0.260800728706481,9.78894448093325,599.905587182277,72.2070323703819,-300.142396866546
52985,999,-0.331792999079678,0.261737872601688,9.78984709023013,588.127649903567,76.1490438602301,-291.807344256684
52995,1000,-0.332096890003861,0.260976521066416,9.78916347887337,599.261233190126,64.3349943632779,-302.794236492431
53005,999,-0.332429567249942,0.260893205748648,9.78900622342621,592.975501210453,51.4196599437567,-299.069568312802
53015,1000,-0.332433317178477,0.26116439345211,9.79076656455348,610.526680693015,61.0344757536278,-313.429350996249
53025,999,-0.332309343805161,0.260815777538114,9.78956122645606,598.099113093653,59.807905287642,-297.061453327588
53035,1000,-0.331787583665234,0.26104937093429,9.7889318316007,593.284409706743,63.9015544488121,-300.403396797775
53045,999,-0.331523410596795,0.260848858625157,9.78982985075212,610.703139491899,67.6984062874095,-302.728188765315
53055,999,-0.332231250029983,0.260368061088668,9.79095150818763,629.255660975682,53.4131473895394,-303.058289858775
53065,1000,-0.332698312638427,0.260998690658024,9.78834761294481,615.408943072773,66.7407362320614,-296.418663973348
53075,999,-0.332386959168113,0.261072182389587,9.79026020100827,612.230154248941,72.0462727726607,-298.134281881332
53085,1000,-0.332477640861524,0.260890831086101,9.78903978591575,603.362081618544,67.1981216129912,-290.043091454263
53095,999,-0.332678446999639,0.260625543610528,9.78929617229485,612.739955775578,66.0196687847643,-308.422432627498
53105,1000,-0.332071948069076,0.261204756566332,9.79221792472309,611.96561673635,74.1627847747461,-295.346908248157
53115,999,-0.332918921304876,0.261745245394263,9.7888295915848,610.047336982267,84.0128680492694,-292.385021170239
53125,999,-0.332898921894814,0.261111757154809,9.79017954818916,592.285989645725,78.8706300185017,-300.279938988821
53135,1000,-0.333239961320184,0.260960891072537,9.78825582279753,600.507987041475,69.8258663321128,-305.982022751973
53145,999,-0.332611001052698,0.260519995412843,9.7897453627837,600.16020743641,79.6045212179497,-289.24906078237
53155,1000,-0.331499184362541,0.261379790009348,9.79125446881911,604.998006327216,75.6852314454042,-288.669045652737
53165,999,-0.331986810002075,0.260686305309839,9.78987818334087,596.884947102091,78.4955424030457,-300.995158024651
53175,1000,-0.331478278728638,0.260677608326476,9.79006085002349,614.188172082112,58.0928859209615,-301.749961683272
53185,999,-0.332587975325093,0.261067439903393,9.79102370752125,612.958898658679,63.4600078027935,-308.394924203043
53195,999,-0.331241494322188,0.261238643127363,9.79069287874858,614.828554017742,68.6963413746755,-308.339907354132
53205,1000,-0.33167796586106,0.25933412599609,9.79038804038074,630.56452947463,66.0319922469619,-313.346908248156
53215,999,-0.331553885460673,0.259878462479682,9.7900691611014,620.410872109019,43.8781836513472,-314.50179443205
53225,1000,-0.331853727912876,0.259850677156597,9.79063499544356,614.190745980949,68.3667904565822,-311.97286244663
53235,999,-0.331951540172815,0.260490011092357,9.79070179897031,609.675738532773,58.9561650669254,-308.367415778588
53245,1000,-0.33152915610264,0.259701087019539,9.79029763818678,626.052909650148,57.5251875373356,-308.125534202355
53255,999,-0.332067897022644,0.260862279366298,9.79039726897838,621.815228102622,58.573001533305,-313.538999576125
53265,999,-0.332321041629676,0.261564152335292,9.78972659588296,617.782673888812,72.5625297518862,-298.106773456876
53275,1000,-0.332855658078947,0.261293107702589,9.79198278034188,616.551151365122,54.6957541581948,-298.452251759607
53285,999,-0.332405109063552,0.258927390353345,9.79073098187228,608.548722050135,64.748725599925,-297.254012298772
53295,1000,-0.332089983384655,0.259624281345797,9.79013247573447,602.984689083659,67.3941461347882,-308.647671606935
53305,999,-0.33095989186653,0.259466584237679,9.79146155882113,636.013201032326,55.3849288233398,-304.296168959249
53315,1000,-0.332866561836238,0.260336119541983,9.79011487539981,624.872015456374,55.4410711209059,-301.365228858844
53325,999,-0.331409374853565,0.260199042786132,9.79037163574466,609.540619350601,54.3374754752667,-302.97576458541
53335,999,-0.331617845207012,0.259404589328801,9.78956769967939,602.06016279453,65.5525155989341,-311.255800346362
53345,1000,-0.332553993668375,0.260813783174188,9.79060467654665,609.787490024223,58.7012920988849,-298.864465500065
53355,999,-0.332153516119699,0.260734978298838,9.79036427443245,601.62726771362,68.1697695494514,-291.807344256684
53365,1000,-0.332098091750343,0.260989572220948,9.79048062049392,610.156565367888,74.5060197553429,-299.08431282831
53375,999,-0.333072719291404,0.260315659598651,9.79012971867965,608.060254892161,62.2651648057646,-296.731352234128
53385,1000,-0.331467869448175,0.260744377312015,9.79036639232173,603.227600671165,77.0114900991866,-299.276679240523
53395,999,-0.333491154856616,0.260377077553047,9.79086775472835,606.162466084327,72.1108191550951,-291.6147852855
53405,999,-0.33286237406039,0.260296077380585,9.7901411846324,602.499035247295,71.7575806188779,-303.856034167969
53415,1000,-0.333579661396526,0.260950235744803,9.79006666788988,602.065373799417,70.5335398390056,-318.458358629836
53425,999,-0.333194280427358,0.259991678646978,9.79041663335585,608.436711490006,71.7586244967024,-306.056708124369
53435,1000,-0.332183652069676,0.260588459112589,9.79009904185785,620.03378343236,72.1667138081885,-290.098053286325
53445,999,-0.331881900667566,0.260035106405506,9.79015170057918,617.006923108004,68.2532430667857,-307.239570375933
53455,999,-0.33281885583464,0.260957506047251,9.78959112731684,608.367561790414,69.6565691900628,-309.330210634512
53465,1000,-0.332328458232505,0.261014299847889,9.79167372259853,625.767914867603,58.3685922778636,-308.89499985121
53475,999,-0.332682404859354,0.260613007380839,9.79207094828483,626.788888780778,48.8248677983824,-304.763812174984
53485,1000,-0.333072526219626,0.260379329409607,9.7917773399203,626.406706779873,59.691026852544,-306.091946416095
53495,999,-0.332364550222396,0.260060084345285,9.789154431054,619.092052968285,43.4358071602929,-303.966067865789
53505,1000,-0.33192987704411,0.261373461265137,9.79096164570606,620.247473258613,49.8109826893515,-300.128587637469
53515,999,-0.332372577454417,0.259747550206565,9.78983034658739,625.737395514811,47.0527866362175,-301.270242269201
53525,999,-0.331474991640334,0.259727845056187,9.79142050069731,627.675249597005,39.6123840163484,-317.280145302004
53535,1000,-0.332138359538326,0.2611164774655,9.79228880063058,634.779050458655,47.3542014630024,-315.60034336266
53545,999,-0.33331129190103,0.260812478890855,9.79236162425005,629.764809253583,52.2740515482846,-312.521187871291
53555,1000,-0.331995578424359,0.260091450404836,9.79101527041695,617.592535663689,53.5150606024215,-308.89499985121
53565,999,-0.331854037524207,0.26027757691487,9.79101065289374,612.05875878815,49.6184836516685,-299.152093586167
53575,1000,-0.332781936450336,0.259875798875755,9.79115980202932,623.139328029804,53.3389363203323,-295.759121988614
53585,999,-0.331834585013125,0.260422756290503,9.79173741956357,614.478030923423,49.1300559518138,-304.818829023895
53595,999,-0.33087719292597,0.260873467718893,9.79151835297391,615.794584187922,53.5278155245521,-303.41589937669
53605,1000,-0.331165433546923,0.259744898161593,9.79048048648934,625.088096605176,62.2881103207089,-304.662938782508
53615,999,-0.331009249248518,0.259984028403288,9.79087927434474,630.540020592309,61.4719346618581,-306.469334491194
53625,1000,-0.332099389286854,0.259794255234621,9.79089751747451,636.133481201549,61.5421813171944,-305.185076187088
53635,999,-0.332011402449373,0.260424190110938,9.79177682289411,639.862386700976,57.2954235321591,-311.255800346362
53645,1000,-0.331009680170453,0.259386900500452,9.79152083358721,639.982319239094,38.3708603535219,-306.366755576401
53655,999,-0.332396364421204,0.260912411463689,9.79188405319985,613.855507681819,47.4617339162589,-298.079265032422
53665,999,-0.331269193310359,0.259686243979748,9.79191115564208,614.85434360478,45.8879734650668,-299.509703104082
53675,1000,-0.331861326619269,0.25981909450262,9.79080502346318,624.985690188077,49.4551925473811,-308.015610538233
53685,999,-0.332074511449393,0.26040298097173,9.7894639700563,620.894592352358,50.0369494146082,-314.99694607224
53695,1000,-0.33182184102765,0.260558549256707,9.79056842331861,627.326566462356,47.9460191038418,-313.924007484798
53705,999,-0.331615920672358,0.260540630173221,9.79068299526303,634.778022245282,50.241248062796,-311.971019382191
53715,1000,-0.332400573348421,0.260332618914922,9.79144427890826,627.077697171254,57.2094753602536,-301.310267026783
53725,999,-0.332212821393669,0.259897630651224,9.7920664889185,617.596239784533,46.9496360764371,-311.805968835462
53735,999,-0.332562173978612,0.259476933899456,9.7918689917628,630.17860499782,51.2579905482889,-308.119839958493
53745,1000,-0.331449842445569,0.260907984939461,9.79187765085774,633.459249109392,43.229406970899,-297.710267026783
53755,999,-0.331785861571073,0.260146176125349,9.79233150801486,624.655922116022,62.3142565342065,-309.907887548067
53765,1000,-0.332124047862687,0.259666191421699,9.7910713956953,629.164283697898,64.1716171929039,-310.928587637469
53775,999,-0.332047384479609,0.260747261088456,9.79150652464877,637.632274951772,68.9029942447539,-314.474286007595
53785,1000,-0.331501809910762,0.260175926292193,9.79172865274412,641.625711956589,60.654345241488,-303.343854813042
53795,999,-0.332121099294743,0.259672613377277,9.79288396100577,647.393407429079,47.1650815831591,-303.41589937669
53805,999,-0.332794713018819,0.259846779537409,9.79196958428204,635.706330289107,38.0443018801203,-310.100446519252
53815,1000,-0.331599387533664,0.259390683120009,9.79214044852443,637.691975543348,57.5012138715641,-307.218663973348
53825,999,-0.33097586703119,0.259943047111405,9.79162903912199,627.324107570425,55.2253259704081,-310.980716101812
53835,1000,-0.332812209743751,0.259902664622205,9.79327677738138,625.303130830466,52.0754623817156,-313.401870080217
53845,999,-0.332055949859736,0.259684780902388,9.7934306534024,612.320633635187,52.7302309472391,-315.16199661897
53855,1000,-0.332231511792882,0.259693783642916,9.79271052581537,612.538070664229,63.7045843835026,-306.036984584035
53865,999,-0.33166241806637,0.260894009304323,9.79223861387675,623.753216042051,52.3913510035652,-300.637548506736
53875,999,-0.332182320781147,0.258934725768047,9.79185210167135,621.088737440269,45.0811213109828,-323.166948135372
53885,1000,-0.332617608709139,0.259644979122928,9.79292859336066,603.779317244203,47.621126959433,-299.716373897011
53895,999,-0.332338613336768,0.259691113787603,9.7928465035032,597.883808282513,54.4363273874849,-315.8772156548
53905,1000,-0.331657345517824,0.259125816038787,9.79260248264065,599.540072024739,64.6052798653219,-307.548434965714
53915,999,-0.331584775083234,0.259796202357742,9.79301098230548,617.725359589409,51.315776836988,-309.220176936692
53925,1000,-0.332662708251599,0.259201541002391,9.79399537560991,626.696534978994,39.5412504424114,-308.867518935179
53935,999,-0.332763820659136,0.260026388602893,9.79305781182107,631.184849494368,48.705059098823,-315.05196292115
53945,999,-0.331529604537742,0.260052167905111,9.79342515205805,625.136454885871,46.2793688199524,-315.93223250371
53955,1000,-0.332916149085933,0.261088460701892,9.7932451028882,626.183579772373,49.2824053230664,-317.414083820675
53965,999,-0.333349018777029,0.259719786657484,9.79376009485387,615.714968018213,48.0942421195577,-310.788157130627
53975,1000,-0.333213851627384,0.260060332545328,9.79308081634255,608.925259973663,52.30143350737,-320.024770843576
53985,999,-0.334396230795119,0.260528009612903,9.79220246648123,608.265033360609,59.288372670456,-314.66684497878
53995,1000,-0.332872228418194,0.259283968057047,9.79373472619099,596.126458465868,51.3814101714936,-316.369809011516
54005,999,-0.333544074098075,0.259411091498716,9.79284744165045,588.962581212446,53.7811911952213,-308.092331534038
54015,999,-0.333057900531708,0.260589385620303,9.79288307421348,599.454678144084,60.3819970248743,-302.948256160955
54025,1000,-0.332824046186084,0.259535482358332,9.79269525546098,604.330885872568,48.6672608174998,-313.841564736706
54035,999,-0.332874092778842,0.260639708920325,9.79173256606444,598.624605164204,65.990661251217,-310.705631857262
54045,1000,-0.333515974073698,0.260460490749506,9.79265245806035,594.24762791904,61.9675336484914,-302.079732675638
54055,999,-0.332626917886091,0.26085653692861,9.79164704928304,606.283585967228,51.4265621056611,-298.299332428062
54065,1000,-0.332426548889634,0.260927583499461,9.79328901537984,590.370301752895,59.1413864018092,-309.719427332126
54075,999,-0.332572925932494,0.260450297434956,9.79182094551686,611.177427210514,68.8401099516811,-295.823574227113
54085,999,-0.332951318848943,0.260602554495731,9.79378305116025,619.040813653767,61.2455887422827,-308.642500023138
54095,1000,-0.332645709564172,0.260187136086814,9.79390371315148,605.324972604933,63.8260759135395,-315.160648706172
54105,999,-0.332068483485203,0.261136483409944,9.79302924133572,635.158168994095,51.4749033366612,-307.844755713943
54115,1000,-0.331535453861487,0.258902608816007,9.79459519218326,612.450002076908,49.4666560458275,-314.611030385561
54125,999,-0.331476565094305,0.259846999373437,9.79373043085634,621.25181033882,54.4729519087955,-310.403039188257
54135,1000,-0.331898749268803,0.259534265627507,9.79312739760881,611.540403588028,59.3298499537406,-301.035457866477
54145,999,-0.332993380682672,0.260478068763946,9.79360664520227,602.135373020209,53.2458308724829,-311.695935137642
54155,999,-0.333026075544002,0.260033809122978,9.79379306036192,596.059224530785,48.2195072284541,-315.024454496696
54165,1000,-0.332178120491482,0.259844132308208,9.7939172411009,600.14596132848,65.0789055159514,-324.119427332126
54175,999,-0.332940893241665,0.25928673398949,9.79290325443817,616.070169820077,57.5049511886007,-322.094119581627
54185,1000,-0.332165142162802,0.259734561612056,9.79389884128961,588.304987329554,52.9231145591714,-310.214083820676
54195,999,-0.33271083944122,0.259092384037174,9.79242843494193,586.264210034243,41.4060756996468,-313.814083820676
54205,999,-0.332282732155352,0.259841666404122,9.7933869363572,585.663541459541,61.0905363698885,-319.948462474138
54215,1000,-0.331362649487965,0.259673766107514,9.79440635794615,593.525037658609,65.1636864791464,-319.337747942813
54225,999,-0.332726933860182,0.260260545126378,9.79422776106461,598.602858760529,58.4707230412872,-325.697723185231
54235,1000,-0.332380694442482,0.259375893458989,9.79436721676399,615.751179850652,53.3089387233422,-316.424770843576
54245,999,-0.332812720317126,0.260492516643603,9.79281031290194,604.82037159572,59.0722314096964,-311.558393015367
54255,1000,-0.332542587793652,0.260583751514415,9.7938762553886,596.517406771196,64.4234430717197,-316.369809011515
54265,999,-0.332650571645012,0.260062198194226,9.79363321765059,611.703037890144,61.7919112789875,-311.998527806646
54275,999,-0.332748249748977,0.259749698719781,9.79207300411267,599.804531904919,49.6749329509521,-312.961322662571
54285,1000,-0.332574305343826,0.260508167368381,9.79468939404792,601.313484014956,61.0614985576796,-319.255305194721
54295,999,-0.332108888423559,0.26009190382229,9.79203768962283,600.967106877118,56.1587112326898,-321.516442668073
54305,1000,-0.331872696675437,0.259266708712257,9.79427404858923,611.641634412601,60.3449854690546,-318.980496034416
54315,999,-0.332171906498237,0.259789621936126,9.79450636856155,603.083639409433,66.4893828102492,-308.835058994322
54325,1000,-0.3328586100674,0.258457153808539,9.79306908831825,600.402093897999,73.679148620795,-322.80034336266
54335,999,-0.331821345005318,0.25918489689592,9.79334101849613,616.243166570561,44.8445934375058,-309.742837001337
54345,999,-0.333014088191288,0.259217171244129,9.79403099593939,596.141965718987,49.7841516892961,-320.003479323048
54355,1000,-0.332931020046993,0.259402786543137,9.79320704275141,590.760210063528,63.8566912137459,-300.128587637469
54365,999,-0.332155704489152,0.25999483841174,9.79251816409448,596.706395741413,63.9805101406865,-320.663681509968
54375,1000,-0.332602932907346,0.260898701532766,9.79444891418982,613.285730464519,59.2994915020765,-315.462938782508
54385,999,-0.333444170759907,0.259930926058733,9.79412918740948,613.904654489724,40.5640815035995,-313.979134367406
54395,1000,-0.333531078166787,0.261177666967954,9.79332669863794,600.350903984176,59.5578221595703,-313.53927466037
54405,999,-0.332124619606265,0.260146349796303,9.79476582833884,598.544632802475,61.7545601622782,-316.317350446079
54415,999,-0.33282259454944,0.25977994051021,9.79395505240165,612.660326384784,55.2647114420659,-305.148930117354
54425,1000,-0.332551268568171,0.260611685008903,9.79341099013635,602.586331435484,61.2640510469636,-308.922480767241
54435,999,-0.333705219134563,0.260097385299493,9.7944226048573,613.513964981538,65.6297346886764,-311.916002533281
54445,1000,-0.332628731904073,0.260150661932654,9.79376808668886,618.422569089574,64.0400527523165,-317.001870080218
54455,999,-0.332567986734718,0.26090986175384,9.7943112157441,604.406689198772,50.0787530101204,-315.10697977006
54465,1000,-0.332368879910085,0.26009041852263,9.79347174179024,618.29721545445,57.1863216611203,-316.012557103119
54475,999,-0.333175613001716,0.25998103395558,9.79331276661877,619.358225668479,72.3385228279665,-324.542369358122
54485,999,-0.331907623851951,0.261005077531803,9.79364485787909,618.715542290257,78.316533137227,-315.409572439065
54495,1000,-0.331641353894419,0.259395678474859,9.79470585638692,599.519828719304,68.1854424152211,-314.665992217622
54505,999,-0.331276918772978,0.260403307808362,9.79573991763498,628.731710552553,56.3380215383661,-312.438662597927
54515,1000,-0.331613667838671,0.259884214161243,9.79337212630595,614.895438681579,63.8152177860568,-322.690419698538
54525,999,-0.332144979154232,0.2607328533271,9.79549964407348,611.853101747264,76.7455168461465,-317.472704273189
54535,1000,-0.333522757780061,0.260507595327326,9.79508497874405,623.445401419034,59.291439819508,-300.183549469531
54545,999,-0.332209226705624,0.260148033408676,9.79435638313202,620.376920516579,61.1072793597173,-308.835058994323
54555,999,-0.331268733726338,0.261048461127015,9.79411872904231,629.935427870113,67.4552671248519,-325.642706336321
54565,1000,-0.331745546801903,0.259293356831208,9.79375356798348,642.666114501439,62.2019252588609,-313.814083820676
54575,999,-0.33173413119055,0.259923001234447,9.79332104709918,618.18520871069,44.9445985410045,-311.420850893092
54585,1000,-0.332257646364971,0.259890051018573,9.79346300866893,614.2172438428,56.1058681390678,-310.818663973348
54595,999,-0.331993550520384,0.259995346791677,9.79260848451201,620.640083656913,60.5918947719775,-310.540581310532
54605,1000,-0.332400007067977,0.2596045630097,9.79147236135289,633.851118064824,75.0596394526323,-319.859885347394
54615,999,-0.331688284181224,0.260555790917344,9.79277411175234,624.001069500094,90.2565217691301,-306.469334491194
54625,999,-0.331840217514311,0.25953933340014,9.79296279905589,617.231643912031,88.4881282491429,-306.414317642283
54635,1000,-0.332856071449333,0.261135802208308,9.79459691823719,629.633187880408,89.4912565446473,-318.1560685535
54645,999,-0.331348353562729,0.260584047703936,9.79169441857023,627.830863259875,109.903802063293,-324.652403055941
54655,1000,-0.332119412236997,0.260111658508181,9.7924031143686,630.883410564215,104.311471480626,-320.656831912279
54665,999,-0.331480998531117,0.26007205970219,9.79317494518668,625.409584231138,84.8139022236,-328.228498235089
54675,1000,-0.332571816511312,0.25970682539502,9.79293057141959,629.405602651122,80.9699198305456,-328.516373897011
54685,999,-0.332508032168118,0.260185430974529,9.79278911611759,627.659753551047,96.4223384923983,-327.623312897079
54695,999,-0.332051776942535,0.25977965141437,9.79390075537541,626.815566665262,90.9564759935776,-333.482607305993
54705,1000,-0.332454665426175,0.260797450216702,9.79468094994868,625.756749690544,88.5544016885464,-330.357595271057
54715,999,-0.332618398074164,0.260713132678563,9.79465317547292,610.408207974898,95.8651539981309,-304.241152110339
54725,1000,-0.332355730981314,0.260398527090138,9.79261521003138,611.596230871416,95.2563719872928,-322.882786110752
54735,999,-0.331223861437474,0.260065236898054,9.79390809977566,613.724293613353,92.6676525189071,-319.673378229588
54745,1000,-0.332750056996775,0.259597213136082,9.79368817166819,602.799471124783,108.360407141554,-320.7667555764
54755,999,-0.331859676550184,0.259873625613184,9.79287515432307,617.546315732497,102.35265510963,-324.982504149401
54765,999,-0.33185011967704,0.260890606692504,9.79425685194551,631.232310487299,85.9014393280102,-322.726813344092
54775,1000,-0.332096959148551,0.26041560337617,9.79430519432789,611.193761290389,90.1011489436995,-330.687366263424
54785,999,-0.332160165311336,0.260025213853221,9.79367065743408,618.397047157493,88.9904500033005,-316.757485237359
54795,1000,-0.332228052178945,0.260314776183183,9.79361155256539,603.314808081305,80.3525596466656,-335.1667555764
54805,999,-0.331947956102976,0.260462679246281,9.79393009677935,624.30779788615,75.7127682581803,-328.778666724189
54815,1000,-0.333227528839638,0.261062504224175,9.79336098719498,616.135574605527,66.7597988368847,-313.484312828309
54825,999,-0.331933743895793,0.261488829922256,9.79345608857807,604.597163080776,58.4759105098847,-336.123416053672
54835,999,-0.332425744984354,0.261039629398476,9.79363683026577,609.307405088018,61.6884667263444,-330.044054249119
54845,1000,-0.33167462879807,0.260381728297322,9.79451993197305,620.113624096315,53.6078790554044,-329.698053286324
54855,999,-0.332965376019929,0.260619940026276,9.79490610184995,615.374602746592,76.991597627305,-314.749370252145
54865,1000,-0.332116553567118,0.260459960149356,9.7945672630861,614.436296013817,86.8625233872316,-324.696526568767
54875,999,-0.332607586919843,0.260531498529585,9.79376748077171,614.386770504731,70.5962224791071,-317.830313791104
54885,1000,-0.332147216126566,0.260241795679209,9.79332117823092,618.466258968206,56.0406953598684,-327.719427332126
54895,999,-0.332478109697972,0.26152266074103,9.79333489819021,627.60736795354,66.1017511386001,-323.414523955467
54905,999,-0.331688236881594,0.260986719159509,9.79527100945529,614.620369166077,77.7511008653075,-315.327047165701
54915,1000,-0.33177871396339,0.261523364262615,9.79385883717625,610.918364211773,80.8444519191671,-327.664465500065
54925,999,-0.33310423617475,0.260889671559264,9.79363039997017,614.665244631795,87.0400259513071,-319.893445625228
54935,1000,-0.332502168246135,0.260923115282887,9.79390359948336,617.093205539043,86.7884604602121,-331.649198324492
54945,999,-0.331383506243853,0.261236335126401,9.79401355665503,606.860975574426,83.5345165229838,-327.265703379165
54955,1000,-0.332075479927252,0.260244542915454,9.79415511991056,604.148310486547,73.8341193454013,-327.801870080217
54965,999,-0.33213592588509,0.260896678604962,9.79407156996848,602.054061654476,80.2021937071236,-319.178226589398
54975,999,-0.331821588090791,0.261021643241447,9.79460649612023,620.21435807052,82.0693938062505,-332.849913543528
54985,1000,-0.333040989281338,0.26015579137859,9.79391419957567,626.614941754524,65.7315284327106,-328.708740309225
54995,999,-0.331644440210335,0.26042506127143,9.7929489928033,613.144999822766,72.2985646101127,-324.019709293477
55005,1000,-0.332322842883014,0.260203730037485,9.79340950379158,616.487018651512,74.8565550869157,-325.191183057316
55015,999,-0.33167922921577,0.25990902845337,9.79417307935201,613.974935923337,77.3127544416072,-327.84338029272
55025,1000,-0.332663325046781,0.260374114642656,9.79393411265947,621.165663147954,81.6168989823128,-335.386602904645
55035,999,-0.331962715198582,0.259164847936048,9.79368938460905,637.858976716363,85.5046292686004,-339.727019657275
55045,999,-0.332626515193444,0.260767140973103,9.7932619522517,618.60225341911,90.3167367218773,-323.249473408737
55055,1000,-0.332429315451639,0.260126557641805,9.79307395909007,629.078358825043,89.932840770476,-326.043091454263
55065,999,-0.331934317197795,0.260125217004601,9.79390983507243,608.036733535933,109.649409356292,-330.016545824664
55075,1000,-0.332702242509737,0.259363077634679,9.79350337484158,616.406521109008,113.082240016951,-306.201870080217
55085,999,-0.332274443767015,0.260914294035084,9.79357733751289,620.837565181798,102.983004166118,-313.291423756031
55095,1000,-0.333046441052213,0.260869470697474,9.79391078257265,618.242737904516,93.0106609938194,-329.038511301592
55105,999,-0.332405917266365,0.260119774034276,9.7947000515041,621.053555546458,89.717218302292,-323.001897588642
55115,999,-0.332945177837735,0.260625342043611,9.79309297062888,619.676598361476,101.075660118053,-317.830313791104
55125,1000,-0.332615731533617,0.26007433299733,9.79378182912578,602.735943495767,97.1541570008918,-322.745381530599
55135,999,-0.333541866999194,0.260977321982631,9.79372973578602,598.499081991188,100.596189953743,-322.974389164188
55145,1000,-0.332366786958388,0.260379100455789,9.79337201522731,601.838377489639,97.1730970870394,-322.415610538233
55155,999,-0.332564583979281,0.260555772473695,9.79395237266879,615.072787769575,111.360839863771,-324.074726142386
55165,1000,-0.332603842398842,0.26011674183467,9.79260479773143,605.301392755451,111.245181775633,-332.198816645103
55175,999,-0.333244236766816,0.259558503084497,9.79475192412514,600.057831803406,107.89419129492,-330.814290133859
55185,999,-0.332582034617487,0.260232951386751,9.79255763504584,610.438947912662,122.523625775243,-326.770551738975
55195,1000,-0.333127359387176,0.260719382162939,9.79330020124231,618.056377222765,118.53350427555,-326.153015118385
55205,999,-0.332368089748865,0.260005656661217,9.79359862177249,619.191876888043,117.729546401432,-317.197620028639
55215,1000,-0.332804306489685,0.259407230058487,9.79224338677569,619.263110746716,117.463418352744,-322.965228858843
55225,999,-0.333932076453866,0.259990644016747,9.79407000509016,625.402860312328,109.769547932058,-323.469540804377
55235,1000,-0.332427231490551,0.25895925148357,9.79364807682385,601.728631807281,113.461125880246,-329.313320461897
55245,999,-0.332103023899215,0.260251831974,9.79363020928141,613.099539131814,112.456560983159,-334.720486406467
55255,999,-0.33388220925103,0.259156129800455,9.79395619378135,604.660318601897,114.513374451559,-331.254424925139
55265,1000,-0.333486151217556,0.260302338433974,9.7945036893787,605.852606156068,117.631023434871,-330.412557103118
55275,999,-0.333451354016219,0.260599183842798,9.79304705198038,618.811612999618,119.61791783891,-324.652403055942
55285,1000,-0.333219679040646,0.259429939177547,9.79409793790112,616.309075776375,115.513173884831,-327.004923515333
55295,999,-0.332257960780866,0.259674515561479,9.79407453666643,611.795961787374,100.926026448878,-326.660518041156
55305,1000,-0.332935963467961,0.259915908998257,9.79331254007833,610.976544215196,103.916939818456,-329.395763209989
55315,999,-0.332209654509693,0.260549519542491,9.79316877393388,612.105011027807,115.595519467177,-327.95341399054
55325,999,-0.331823359191558,0.260354703600552,9.79337963293055,631.381109364413,99.9472672902292,-329.273818364379
55335,1000,-0.331936623878439,0.259420455768254,9.79397167131505,623.110727337549,96.882814316554,-331.099580003881
55345,999,-0.332353081775689,0.260044749148845,9.79398734951248,628.866952355233,100.813536470351,-333.812708399453
55355,1000,-0.332087963100952,0.261072402811265,9.79355831333526,622.190109002639,91.6124795014449,-338.574389164187
55365,999,-0.332035901032769,0.260721262613622,9.79436595221144,599.234368191897,96.3573166239828,-333.262539910353
55375,1000,-0.331934992704662,0.259471101085328,9.7944559603464,611.837246539984,84.1068633829,-325.905686874111
55385,999,-0.332244415728303,0.260639999320307,9.79192975974487,608.500666232319,96.3226105140341,-324.982504149401
55395,999,-0.332368438389043,0.259951558563588,9.79306508981956,611.854360143474,91.9584334105671,-326.935602285706
55405,1000,-0.332124420800845,0.258701537660392,9.79324319634513,618.526943562983,89.7596789476118,-333.957595271057
55415,999,-0.332072540797314,0.259472853226837,9.79366910864652,606.770937080422,100.835018170141,-324.267285113572
55425,1000,-0.331845923799091,0.260100847340144,9.79454219551941,621.332250686153,103.167605435639,-336.898053286324
55435,999,-0.331304625091304,0.259838328609424,9.79501902475243,622.524161526709,94.8728397802096,-329.411360486654
55445,1000,-0.331758208217383,0.259330044573677,9.79415368448508,630.028211288752,99.4699713861541,-319.035457866477
55455,999,-0.331871977655277,0.260172197317546,9.79472184252604,634.29529159454,95.1929660275391,-328.22849823509
55465,999,-0.331808170884329,0.260390598104024,9.79496739831286,622.782462426475,91.0873847201926,-320.471122538783
55475,1000,-0.332040142922682,0.259991731477427,9.79419755147663,619.250986468564,106.521664190624,-330.440038019149
55485,999,-0.331226334079775,0.258985092821556,9.79446422458542,637.728137818744,94.8215143125826,-333.427590457083
55495,1000,-0.331922587019688,0.258920524606241,9.79416272696926,616.736063481239,99.4965934915926,-326.592709774874
55505,999,-0.331973134984119,0.260741785290228,9.79491217123175,628.158777941507,90.8659842767784,-326.990619134615
55515,1000,-0.331018574578611,0.259285195583709,9.79424809896242,629.825704048689,98.0246222754433,-331.429350996248
55525,999,-0.331646000436105,0.260362654706364,9.7950110883039,626.054494134056,91.7469703538331,-330.951832256134
55535,999,-0.331741992062084,0.260162676479351,9.79463898527695,620.998123831842,71.6978090605949,-338.654191103531
55545,1000,-0.332404443954678,0.260527741511976,9.79314695317946,618.837328209582,77.2647665132802,-334.012557103118
55555,999,-0.331829348761049,0.260043815201115,9.79425629634398,624.053520271288,82.8333588926535,-339.506952261636
55565,1000,-0.3322743338362,0.260218764116032,9.79317929075424,620.070440934573,83.2172126024588,-324.476679240523
55575,999,-0.331740351312399,0.259672184135162,9.79375164377395,629.157133327553,87.051491313626,-340.359713419741
55585,1000,-0.332326145538148,0.259984983854909,9.79295679296538,622.595436202151,88.4340101391185,-321.371335729072
55595,999,-0.331548805023835,0.260170967553258,9.79356240102502,635.864922868013,109.262379316062,-329.879003702389
55605,999,-0.332808207442038,0.259434460399947,9.79416984041395,631.611191147246,112.830126497538,-331.502000745234
55615,1000,-0.331088584761368,0.260548570136326,9.79415886288042,630.907978907473,102.868140178413,-323.762175423729
55625,999,-0.333225115725747,0.260555160406034,9.7928842426562,629.674409398686,116.100561575517,-320.581156236603
55635,1000,-0.333917194862662,0.259610013355766,9.79414111755055,620.634063520867,117.12682570325,-327.746908248156
55645,999,-0.332335362543073,0.25904714692973,9.79413683988044,625.958334444785,115.257585416072,-332.959947241349
55655,1000,-0.332957031943215,0.259681101966984,9.79335216519968,616.796569559969,119.431448155086,-336.348434965713
55665,999,-0.332760386684427,0.259073008988735,9.79253806930782,619.77799802355,103.018855793638,-332.574829298978
55675,999,-0.333205674583331,0.261021948016579,9.79339307249721,629.0699163693,103.788147355386,-332.684862996798
55685,1000,-0.332965992211807,0.260579938455561,9.79354280504752,639.54929585145,94.4961644083269,-334.534694507699
55695,999,-0.333410751001053,0.261456624796531,9.79238255482764,643.382953099303,102.040703457158,-336.783618240591
55705,1000,-0.333042311192175,0.260301391916193,9.79417252546851,634.934174158257,104.093495849968,-324.943854813042
55715,999,-0.33336704715141,0.260694233941711,9.79439755221722,613.827715435355,106.437060924543,-335.270654895567
55725,1000,-0.332450289112546,0.260347229124301,9.79366608188894,631.3244573977,100.104057034202,-332.528587637469
55735,999,-0.331967040278254,0.261575087720334,9.79402073848437,613.236305189499,114.662345426779,-325.697723185231
55745,999,-0.33284273573967,0.260618473380163,9.79295360016236,651.683171267629,118.522157893299,-336.948668787321
55755,1000,-0.333027619683194,0.259926057895516,9.79417461925555,657.216282957235,107.038825596878,-328.9560685535
55765,999,-0.333039806637907,0.260527753086273,9.79407062475688,640.865467196262,117.411041580874,-326.770551738976
55775,1000,-0.332133743998369,0.260201968997856,9.7937778772752,631.877312691679,109.724733147587,-328.46141206495
55785,999,-0.333421041100965,0.26051891660135,9.79345381805958,632.892686083028,95.2939675771306,-336.591059269407
55795,1000,-0.333053223470905,0.26073752508714,9.79285643916898,625.223934184268,104.287310970504,-328.351488400828
55805,999,-0.333850233650293,0.260051152863051,9.79345556731795,641.881947529595,91.0619291220117,-333.455098881538
55815,999,-0.333031368516736,0.25937298307739,9.79317860929886,636.906323301541,87.8010350052352,-337.388803578601
55825,1000,-0.333526007856407,0.260009122937651,9.79163396441859,658.40908399667,86.0106114657024,-339.591183057317
55835,999,-0.33342349487262,0.260083254016292,9.79290282478055,658.09475510672,94.2186337055548,-350.455305194721
55845,1000,-0.333686187030224,0.259975443587424,9.79311827808262,645.852319048065,81.0745425855062,-341.679732675638
55855,999,-0.331397136616712,0.259749644481806,9.79291191486934,645.67290132894,84.7841698672927,-346.439075224292
55865,1000,-0.333589217503982,0.259813343616821,9.79307914758615,652.758787403851,84.9034207442249,-339.288892980981
55875,999,-0.332780135998849,0.259615617725559,9.79353400927046,644.896993180313,88.6391784645667,-342.917996894054
55885,999,-0.33300812394256,0.26024248907199,9.79411508452007,656.602156106911,91.8033139352724,-350.510322043631
55895,1000,-0.332330406727349,0.259991996338688,9.79332186334193,645.69043466722,101.431777769132,-339.26141206495
55905,999,-0.333044302199218,0.260937834811054,9.79314359742496,634.476913248305,106.714238825692,-335.215638046657
55915,1000,-0.332563685206023,0.259706265794141,9.79372935585284,644.022997137562,103.675981257913,-330.852251759606
55925,999,-0.331704846174999,0.259957013264053,9.79313451154603,646.845076053762,104.588300284271,-326.440450645515
55935,1000,-0.332857297020539,0.26038642602397,9.79426650294448,651.451198791066,98.621165041661,-324.504160156554
55945,999,-0.332486528661653,0.258769218040458,9.79293826682728,651.566128405785,89.7363726864928,-345.586314066188
55955,1000,-0.333258137727765,0.259938615598298,9.79283452212769,649.354120956276,106.634483139295,-324.998816645103
55965,999,-0.332385857100028,0.260221038568765,9.79308865545226,643.689444379407,107.631175446305,-342.257794707134
55975,999,-0.331849392149332,0.260041072928238,9.79273714965892,670.675970689744,109.671653824267,-347.099277411212
55985,1000,-0.332110786014234,0.260594627787186,9.79227562023685,660.850707119144,110.176876649152,-345.41713725579
55995,999,-0.332739189711617,0.260973391563056,9.79269665372362,664.619045934918,97.4741611789292,-339.53446068609
56005,1000,-0.332936334086261,0.260826944876351,9.79407093883726,657.10997747194,98.6415592462307,-333.957595271057
56015,999,-0.33156226805846,0.260570491883624,9.79356979674686,654.253287294493,89.4395996266874,-330.951832256134
56025,1000,-0.33275693117382,0.260129054121994,9.79356338662271,635.217768412612,79.9586528803381,-331.5667555764
56035,999,-0.332473077781034,0.259052100567884,9.79319163740767,659.407394067344,95.217383667197,-338.186547887796
56045,999,-0.331753017809146,0.260110068885779,9.79337900809053,660.994547566274,88.4029638169184,-335.903348658032
56055,1000,-0.332746237201469,0.259808674182563,9.79320171802565,663.269695859813,73.1697588236566,-335.688892980981
56065,999,-0.331392005281233,0.26010750365955,9.79256177291343,662.695229899772,74.4249650719033,-339.0393090459
56075,1000,-0.332398702682103,0.260183367411661,9.79283355735898,653.049524659323,82.0087852442943,-333.985076187088
56085,999,-0.331661928523085,0.260027398662358,9.79212583809139,660.358284043781,74.7083418090676,-327.155669681346
56095,1000,-0.332747809994121,0.259791342174599,9.79273000853621,656.646896084437,80.0888303629236,-331.896526568767
56105,999,-0.333021086081473,0.260778288447674,9.79208092998941,658.406376081831,84.9266732449485,-330.759273284949
56115,999,-0.332894394992738,0.259773641146048,9.79246106536989,657.013584942859,59.9088335897251,-339.53446068609
56125,1000,-0.33257982172307,0.259808421483075,9.79349703915536,665.529571954089,58.6991105127312,-337.035457866477
56135,999,-0.332711320245983,0.260277089460362,9.79360856710931,668.983543438615,73.1112433899434,-326.302908523241
56145,1000,-0.332396456500838,0.259387490918906,9.79381229398891,672.692106429113,69.1868497754691,-340.470572370294
56155,999,-0.33347512701541,0.260022978158736,9.79343564071943,668.788729778649,69.8413636041855,-338.764224801351
56165,1000,-0.333123643249712,0.260982811713227,9.79358847401664,660.327549533939,71.2014913582723,-344.510267026782
56175,999,-0.332112523226607,0.261131520055868,9.79147955760862,663.839668468049,79.3197792299552,-348.062072267138
56185,999,-0.332265136288173,0.260983679897075,9.79318738789977,667.178010938427,77.0844987437651,-331.089374378409
56195,1000,-0.332563211751684,0.260649790612121,9.79407422626968,660.616822476004,67.6612911988133,-336.843091454263
56205,999,-0.332383178502509,0.260050670954475,9.79336508454044,658.575919342456,47.2341767301507,-347.759479598132
56215,1000,-0.332318750241292,0.260063595989014,9.79360890422223,673.097213925079,75.2937384961659,-342.036984584034
56225,999,-0.332300658924073,0.259628287977432,9.79304525073822,672.218182877631,81.2111089350916,-346.714159468842
56235,1000,-0.332991563939702,0.260479714400579,9.79359778868341,653.590138041786,87.8054839492177,-338.656831912278
56245,999,-0.333126616884706,0.259699048959498,9.792451360953,652.988980224721,62.3614580854024,-345.036145577088
56255,1000,-0.332960522079511,0.260156769747123,9.7919721032828,659.171788738227,64.4465969742937,-349.236984584034
56265,999,-0.331940379385763,0.260255676126487,9.79280918066963,667.205611411447,67.2673431207542,-338.021497341066
56275,999,-0.331630921895945,0.260073126972859,9.7942756071964,666.472969895705,82.4023016418284,-330.429172191489
56285,1000,-0.332586482526792,0.260156905926262,9.79301377180755,673.300226114179,75.5073418816037,-342.009503668004
56295,999,-0.332645383136884,0.25946476533889,9.79263621747901,686.974680291525,78.7172598783812,-339.892070204005
56305,1000,-0.332102420974774,0.260535245592901,9.7928699917527,673.637122999523,82.4261423380754,-336.760648706171
56315,999,-0.332772129778016,0.261078153549209,9.7930930859417,660.919337155087,74.8154517282206,-342.917996894054
56325,1000,-0.33186361288712,0.260180964473181,9.79317122813759,667.197932879169,68.0533140185364,-336.458358629836
56335,999,-0.331734748726361,0.260655246652077,9.79332494376972,670.486230946261,88.8340292635021,-326.30290852324
56345,999,-0.332267471093848,0.260066400908066,9.79323443265466,666.2797679294,83.9415221403056,-333.042472514713
56355,1000,-0.332760840122788,0.26018892524613,9.79315822135815,671.811180888531,79.8062787242882,-338.821717408462
56365,999,-0.332281253728183,0.260757255532905,9.79315049052932,662.900579002348,72.8996128480286,-340.662306088746
56375,1000,-0.332614839155442,0.261088632585821,9.79334414161208,661.498934348193,72.1771654848215,-334.040038019149
56385,999,-0.333212430545199,0.259386224847662,9.79357851064362,670.459997653214,65.7235994852012,-347.511903778037
56395,1000,-0.33296722354048,0.259734509075095,9.79243841177565,662.625334433994,94.4799530038955,-347.258358629836
56405,999,-0.333109583501758,0.259780123197936,9.79440176199608,651.300824743379,68.7091525457658,-346.521600497658
56415,999,-0.332589592222399,0.260989496546245,9.79374627718976,658.028891296305,72.9895294129,-343.055539016328
56425,1000,-0.333084511365718,0.259403635362578,9.79436818916943,661.17645904423,79.2403137259036,-344.482786110752
56435,999,-0.332732235860616,0.26128857092829,9.79455612504048,656.748684331144,77.7939502666122,-338.461632132346
56445,1000,-0.332772603741999,0.260388629844643,9.79328877716999,655.418437261005,75.2100820007428,-340.635457866477
56455,999,-0.332552521484287,0.260459681066748,9.79250316909256,659.335783897558,84.4341357109483,-340.96489875775
56465,1000,-0.332714062402554,0.260156681262829,9.79380188672848,649.668349555672,87.3088185265495,-349.594236492431
56475,999,-0.332624673370706,0.260995088073185,9.79386862586184,670.022680750991,81.9924311931201,-343.11055586524
56485,1000,-0.333461863235447,0.260529256459486,9.79271203367137,666.32613397262,79.3081127199073,-340.965228858843
56495,999,-0.333664086146778,0.260248522714308,9.79448638040319,664.318238955084,76.6876954975429,-336.811126665046
56505,999,-0.332505194413543,0.26020646587735,9.79453400281072,671.01718752567,77.9991741130003,-347.044260562302
56515,1000,-0.332695517367236,0.260602294314452,9.79280769440344,656.28992013632,75.0021238971978,-346.269045652736
56525,999,-0.333220828697646,0.259623647915953,9.79388327464395,643.276831219684,79.6270035578686,-345.613822490643
56535,1000,-0.333600284875018,0.259988342103291,9.79409984818456,652.661180775851,83.5440752542827,-348.385076187088
56545,999,-0.332840992381136,0.260810613849532,9.79226524421576,656.836790949572,83.3410723781511,-342.202777858224
56555,1000,-0.332496899654404,0.261201454268533,9.79272208221435,662.492095777392,73.8309835905615,-344.537747942813
56565,999,-0.332358764200504,0.26079904838104,9.79350823328303,653.155832482045,87.8383308752243,-336.013382355852
56575,999,-0.332856239802933,0.261049957938701,9.79237514310911,663.595161288769,81.0004100504121,-341.762643066945
56585,1000,-0.333024946489895,0.260239591639648,9.79314419494755,656.98154583216,94.932533887456,-348.989656339759
56595,999,-0.332540067658935,0.260124640385897,9.7944280067686,647.265332483941,98.7390344282335,-339.066817470356
56605,1000,-0.332736846615911,0.261412403764153,9.79349667428625,647.240231604993,87.2022934339911,-344.207976950446
56615,999,-0.333199629805757,0.259604928398401,9.79474890864708,649.570664279926,88.3470992491568,-338.4891405568
56625,1000,-0.332080113598981,0.260355152255197,9.79355948479279,653.169439921987,92.5393452347876,-339.096526568767
56635,999,-0.332799209396052,0.260430146169721,9.79257353408771,652.974287658137,88.6878663251098,-351.308066352826
56645,999,-0.332897710768725,0.261091610435242,9.79274975898837,662.196756814079,84.3400187141379,-351.363083201736
56655,1000,-0.332594767242366,0.261678356155485,9.79366431839532,681.620121456641,73.4858238557792,-351.627824278691
56665,999,-0.332439596906256,0.261584365956137,9.79339667324453,667.599955582185,81.0196281437945,-348.144597540502
56675,1000,-0.332971863669539,0.260983327809331,9.79205556488846,660.303247393938,77.9928558570761,-348.00034336266
56685,999,-0.333350567389054,0.261208583861175,9.79396971675528,660.041412762465,93.1971078791061,-356.149549056904
56695,1000,-0.332567506714468,0.260647240135913,9.79249559943367,665.260859746181,104.757701204722,-346.021717408462
56705,999,-0.333350455819958,0.260305616263283,9.79271238113931,668.788665359882,94.5754286741316,-338.654191103531
56715,1000,-0.333845728600106,0.260144573622341,9.79322700319807,672.445206284707,95.307841096281,-352.672099087851
56725,999,-0.333397909132914,0.260539604640804,9.79267559144224,672.321531722325,80.6413134937809,-339.64449438391
56735,999,-0.333314116428565,0.260643133411455,9.79366504932363,676.65333961323,91.377097395046,-338.654191103531
56745,1000,-0.332960039198678,0.261051704975238,9.79289722700021,680.460412293247,94.70585042134,-346.021717408461
56755,999,-0.332425455599907,0.260757730611983,9.79310660160838,685.982087731841,91.8642959371418,-345.311229821639
56765,1000,-0.332411867578674,0.25985507125634,9.79367196593327,688.713759309993,83.1888066303309,-345.499580003882
56775,999,-0.332186457109782,0.261036761833581,9.79232320761298,689.767313970896,94.588658973532,-356.837259668279
56785,1000,-0.332569814991061,0.261580545400442,9.79433168329806,682.786466692991,83.9422909282297,-342.751488400829
56795,999,-0.331520984495257,0.260947418385617,9.79255060018308,684.726631206181,84.4606301486403,-346.576617346568
56805,999,-0.33274129152672,0.261416674284238,9.79116916914759,683.427846040224,82.1813570501156,-348.722274454057
56815,1000,-0.332767800458989,0.260552233467604,9.79285663485122,677.95758547417,85.3671900322004,-352.864465500064
56825,999,-0.33240385003181,0.260704202773765,9.79305569053333,685.538663973642,83.9898142721802,-348.722274454057
56835,1000,-0.332830578061849,0.261653204172907,9.79188851084554,676.971063022598,65.8437710872395,-340.800343362661
56845,999,-0.333466727288727,0.261202637099816,9.79305728208483,682.075891606522,66.5233484254128,-349.602544036616
56855,1000,-0.331956976954079,0.260896750539366,9.79199397904541,688.209575222048,86.9765618210622,-347.835457866477
56865,999,-0.332286180309417,0.262034063125879,9.792304733868,679.085874873836,72.9873806501331,-346.246516253108
56875,1000,-0.331955087271527,0.261678265078043,9.79265751359089,674.128065910232,97.4551323757929,-345.994236492431
56885,999,-0.332162228499058,0.260893458557738,9.79203519774303,655.206724761385,93.0675718685978,-352.078302237565
56895,999,-0.332158735873323,0.262597523912421,9.79305522294187,673.588337457189,93.3987275059253,-362.586520379371
56905,1000,-0.332357928291848,0.260809172879835,9.7930486614281,681.458400364524,85.0073744358089,-355.172862446629
56915,999,-0.331745939433992,0.261389183468071,9.79189602469608,656.462958862392,103.712894660806,-351.473116899556
56925,1000,-0.331977727837287,0.259940511896974,9.79220499433319,671.046669774039,101.38852591372,-350.446144889378
56935,999,-0.332522732940961,0.260764109000879,9.79435396059618,671.973427602891,108.780988776002,-346.081465706378
56945,1000,-0.332732729839131,0.260237250921945,9.79426027768819,664.595910659597,86.7903915563988,-357.20645023289
56955,999,-0.332183462591144,0.261208834406071,9.79418351079399,659.255624934045,94.9266246175262,-359.120458898042
56965,999,-0.332216309090085,0.260593367120926,9.7935745850481,652.574939878299,95.4916634485612,-365.694972342785
56975,1000,-0.332695354356768,0.260581269720901,9.79204188110119,641.443095421621,102.490273454915,-348.302633438996
56985,999,-0.332612359045107,0.261056159467753,9.79314194640795,645.416757765537,93.3382151065906,-366.190123982975
56995,1000,-0.332374838419648,0.260689273429752,9.79294046626879,650.158912794974,106.947228225438,-362.070572370294
57005,999,-0.331714428392529,0.260818754217686,9.79425697675656,659.920483688087,102.858191423805,-351.638167446286
57015,1000,-0.332078147975557,0.261130880556309,9.79287474257043,655.116443218571,118.723442546245,-352.946908248157
57025,999,-0.33330497765495,0.261268808833827,9.79280295531538,645.002980544561,114.851298610424,-348.337156511687
57035,999,-0.332324159282443,0.261034631368038,9.79331278809934,656.774516068183,100.142444595136,-353.86634982714
57045,1000,-0.331488058607022,0.261629382475722,9.79271431762312,653.223132733086,95.3521096743482,-353.881259393194
57055,999,-0.332793470158662,0.261533360075428,9.79418342856816,645.937810506842,96.6610151565745,-354.08641722278
57065,1000,-0.331788420018856,0.260325686022563,9.79297327151462,652.438780276955,84.8710937594049,-350.06141206495
57075,999,-0.331879539442093,0.261416511606449,9.79395768345441,646.560482545704,91.9712791344373,-345.833889886283
57085,1000,-0.332134086037047,0.259473302887509,9.79299697386708,663.318760920438,85.5942231144126,-333.847671606935
57095,999,-0.333175674494656,0.261420541803009,9.79330301571135,659.447923432919,87.0343307709502,-350.592847316996
57105,1000,-0.332176354336535,0.261270381704993,9.79225344742571,641.128029811924,84.3813309781239,-352.259885347393
57115,999,-0.332854942490648,0.261619830485247,9.79372962620098,648.420250820487,94.1418789564996,-345.696347764008
57125,999,-0.332346037665705,0.260300749120473,9.79311789188731,648.054903027673,103.285291363384,-350.262746223537
57135,1000,-0.33223113309505,0.261235878084052,9.79390012414518,661.399927445495,89.5189495625195,-348.659885347392
57145,999,-0.33297828558833,0.261170092505006,9.79416336377792,642.109392985971,97.4546169395963,-363.74187420648
57155,1000,-0.331947566911178,0.25980555266555,9.79390409372564,637.802262114562,87.6606803501992,-359.075152522965
57165,999,-0.33188571224788,0.261311761829401,9.79325548556863,640.173240885022,98.1320192525638,-350.180220950171
57175,1000,-0.332299166294169,0.260520751010092,9.79401730903882,643.670524731903,101.785772377958,-356.7667555764
57185,999,-0.332513781909156,0.261123558280843,9.79259009854892,647.558886644174,115.215163639834,-347.979546993772
57195,999,-0.33261406152282,0.260626730956017,9.79349363669039,633.063736025992,111.389879402488,-351.418100050646
57205,1000,-0.332228183138298,0.260728304741151,9.79293104516452,634.23010011229,110.250924006029,-350.06141206495
57215,999,-0.331613535945184,0.26121590277744,9.79223938097494,647.102374545173,110.611755453254,-362.118877163637
57225,1000,-0.332369841418651,0.260609024580842,9.79402957013887,641.801441180114,122.627026792026,-359.075152522965
57235,999,-0.332791224974897,0.260080345298653,9.79234360638424,659.289990614581,105.182227007735,-357.800054524204
57245,1000,-0.332006126231461,0.260312534256057,9.79311553397645,651.71772816869,96.1587414013665,-362.207976950446
57255,999,-0.332262686638762,0.26017434389924,9.79339105590319,654.896663849746,98.8726300317031,-362.889113048376
57265,1000,-0.33274000974265,0.260158858507047,9.79224650964762,666.084199760003,103.132698456905,-349.924007484797
57275,999,-0.332666005147368,0.261407313271335,9.79530959691371,657.228356152659,115.442694119191,-351.335574777281
57285,999,-0.33225589008637,0.260582966645237,9.79415865890337,648.559992882705,111.62343815531,-357.524970279653
57295,1000,-0.3322274758611,0.260149922815578,9.79373102896354,668.304384226298,102.231529254322,-356.656831912278
57305,999,-0.333077980942101,0.259708325598757,9.79347171637579,674.441754766164,103.422362836144,-371.444233053878
57315,1000,-0.332875564837151,0.260720319703508,9.79354500406134,658.42599370405,92.9254167494389,-357.728587637469
57325,999,-0.333168367903457,0.260934106293954,9.793258631781,647.101018305425,100.98965518632,-363.96194160212
57335,1000,-0.334105149913168,0.259226317029469,9.79264302769439,646.150240990482,73.1396430084202,-346.543854813042
57345,999,-0.332303291248868,0.26106153231892,9.79181621778407,660.713940494927,88.3641440873914,-355.434330021074
57355,999,-0.333182263980433,0.260544718225713,9.79310490266604,662.784073055567,96.0797644059397,-352.60096230221
57365,1000,-0.332424101752405,0.260352619693971,9.79185283675483,648.6451502456,97.925233049758,-364.269045652736
57375,999,-0.332480637018717,0.260811509590894,9.79310891419103,650.194777656747,113.983632562859,-360.083253753967
57385,1000,-0.333041006406148,0.261729104238643,9.79276024580044,650.189466221416,121.568431903278,-345.554541835943
57395,999,-0.333148417804715,0.261873072521637,9.7941180695168,651.066231004648,93.7022022698984,-356.947293366099
57405,1000,-0.332854453973265,0.260246195491633,9.79384220935004,657.993634587865,90.6684024948313,-351.462938782507
57415,999,-0.333071965562013,0.260269684875398,9.79226270383289,648.464392696151,84.3578802350241,-357.222377610649
57425,1000,-0.332586367327941,0.260601749933609,9.79289138204338,653.72132766715,91.430782025822,-356.959121988614
57435,999,-0.332611274564346,0.260756836658132,9.79215851772744,653.977115712858,95.9865947957747,-361.403658127807
57445,999,-0.331868557853508,0.261247085193591,9.7936463898346,661.43354410251,97.9557535727767,-360.440863271882
57455,1000,-0.331604150606513,0.260527819360982,9.79362534996887,658.919743456288,94.0626919077819,-360.311793744339
57465,999,-0.333315311846655,0.26034881646655,9.79392155401855,661.421494896147,107.234885349876,-347.346853231307
57475,1000,-0.332703474055192,0.260942302760284,9.79366395531494,657.145514821271,105.985490460208,-355.447671606935
57485,999,-0.33330372092808,0.259326074270897,9.79410072428671,644.689239581115,108.271878411701,-352.738504424485
57495,1000,-0.332721249820253,0.260358293193786,9.79340879235018,653.619825534466,95.5561674114871,-364.049198324493
57505,999,-0.333548804359374,0.259948897617221,9.7935175141539,649.43700393645,98.5043695011315,-359.588102113778
57515,999,-0.332796062282351,0.260870738141671,9.79340641637882,634.301012977694,107.435683726172,-351.005473683821
57525,1000,-0.333138684490855,0.259992774779043,9.79326514289537,629.231565823456,113.821628233467,-357.206450232889
57535,999,-0.331854408037706,0.261241765468173,9.79509087312838,637.126577206388,116.289547079072,-361.486183401172
57545,1000,-0.333201302239193,0.261206705001485,9.7936598135436,630.668071626608,107.161972837211,-356.519427332126
57555,999,-0.332081766493311,0.261880546565099,9.79339597695135,638.437508338097,91.7958425154634,-366.905343018804
57565,1000,-0.3325685987643,0.260047523212999,9.79294110974703,624.108842131502,99.3050300342994,-360.696526568767
57575,999,-0.332530682080446,0.260683155451613,9.79399379047291,629.038814942412,99.2911582691832,-365.172312278141
57585,1000,-0.331819521074256,0.26033075462856,9.79355983514364,659.108454652961,103.624574906455,-352.809503668003
57595,999,-0.33259030529264,0.260671198111289,9.79240924107202,640.160589642931,106.652705893943,-357.717529250838
57605,999,-0.331788755951091,0.260614023880478,9.79386697539807,647.979050766853,102.953833993306,-362.559011954916
57615,1000,-0.332163722243487,0.260740410887024,9.7925148183953,636.402597942689,106.768324723303,-341.514847179454
57625,999,-0.332220741253849,0.260458820372404,9.79319212572074,648.378169595882,95.1879065846657,-356.782242819369
57635,1000,-0.33274419240309,0.259911109604468,9.79223138609207,648.761179135212,106.806358747318,-360.971335729072
57645,999,-0.331878598290255,0.260229159514743,9.79382584840191,643.634352360447,100.859872728932,-358.927899926857
57655,1000,-0.333278504864263,0.260886098884614,9.79341225492647,628.058688570915,109.576158902477,-351.682786110752
57665,999,-0.332607465464365,0.260350150735181,9.79346138369081,624.815613108475,122.458645805273,-350.262746223536
57675,1000,-0.333083282671988,0.260859653607104,9.79303459378753,632.857731387317,110.17249286921,-351.572862446629
57685,999,-0.332847242411933,0.261168588148139,9.79351903999446,647.89758321977,125.25076907691,-353.04109709349
57695,999,-0.333596034484733,0.260052768991732,9.79253709428359,656.801464403669,110.240008226431,-349.987661978987
57705,1000,-0.333282456233542,0.26039218522025,9.79229593395422,649.095241609293,100.639369380695,-348.604923515332
57715,999,-0.332792183322313,0.259801931560508,9.79379377811972,644.985380613951,115.964682179484,-347.484395353582
57725,1000,-0.332439736690927,0.25931992709646,9.79374340794843,648.661504853697,111.883845307268,-367.209503668003
57735,999,-0.333508619647422,0.260509991154002,9.79268645446954,634.585453601311,98.1207557439805,-348.777291302966
57745,1000,-0.333325107958861,0.259995068282032,9.7927497514508,635.097644816958,110.352702564873,-339.371335729072
57755,999,-0.332721875835303,0.26048058247196,9.79308416424922,625.70626228487,101.495703864968,-357.332411308468
57765,999,-0.33215721555594,0.260108170121268,9.79283538646067,645.246302557391,104.279714740812,-354.801636258609
57775,1000,-0.331417245284081,0.26030238562795,9.79358428821704,633.30758526721,109.903281594981,-355.25530519472
57785,999,-0.333115329979869,0.259672652286421,9.79346533755894,647.614297399772,100.941934763721,-347.044260562303
57795,1000,-0.331931473620434,0.261352536679083,9.792447329565,638.608949877917,117.807514754373,-360.916373897011
57805,999,-0.332576871396242,0.26028468290825,9.79438609384331,640.330790725337,113.057746520178,-351.77570956856
57815,1000,-0.33223628198275,0.260482326799423,9.79438694200572,653.813169490957,117.527278022342,-361.38354946953
57825,999,-0.333338043554561,0.260857050252763,9.79323316513174,665.092276692483,124.775424960302,-366.300157680795
57835,1000,-0.331706431183496,0.261220095322441,9.79269192452782,668.362073032893,114.62347431002,-356.409503668003
57845,999,-0.333241417384541,0.261963831294421,9.79316325482803,649.895502027631,131.249356042721,-359.258001020317
57855,999,-0.334397232663473,0.262076046072122,9.79349568638661,644.781817841381,121.914322052726,-353.508740309225
57865,1000,-0.33298482422253,0.260976742972609,9.79256013545547,652.659978680461,123.587639121221,-360.888892980981
57875,999,-0.333529103903586,0.261138971740838,9.79289362459677,642.189973550927,118.263226443986,-362.201402437001
57885,1000,-0.333457237719211,0.26206905648452,9.79420035309555,639.234624592743,130.625261730361,-357.728587637469
57895,999,-0.331664290682244,0.261100393475402,9.79352517909937,665.153132210189,106.463374925353,-356.754734394914
57905,1000,-0.332385536504411,0.261348739097549,9.79310409156582,653.046500934041,126.096963239258,-357.041564736705
57915,999,-0.332028887450506,0.261307140996666,9.79329988476277,667.830022347065,122.476429602235,-351.170524230551
57925,999,-0.331842201089992,0.260887230515622,9.79387134711566,676.364992013736,125.169825707912,-372.159452089707
57935,1000,-0.333143204617634,0.261069917169074,9.79388933231358,662.868486141866,124.246017213095,-356.849198324492
57945,999,-0.333038722944369,0.260978509546136,9.79343152081894,666.283527323166,120.705574559263,-359.560593689322
57955,1000,-0.333431511006064,0.261457010280622,9.79376710181579,661.952861168427,121.376797303956,-357.920954049683
57965,999,-0.332985956463117,0.261323498576152,9.79461375129896,665.489955485356,125.540540662877,-348.502207058417
57975,1000,-0.331546170492169,0.259649769021565,9.79358557183561,686.641712566941,116.938726895624,-369.325534202354
57985,999,-0.333264834812249,0.26062756703182,9.7936527855133,684.221579208339,127.876577763047,-352.958571820125
57995,1000,-0.332327729330458,0.260730003142426,9.79285185090995,674.895416784197,110.772191888595,-359.075152522965
58005,999,-0.333038304647546,0.260231629736346,9.79351600178045,659.586192158087,122.287267325469,-354.691602560789
58015,999,-0.332747040509931,0.260595932199711,9.79384147674265,656.660938993883,128.257234262446,-349.409985065432
58025,1000,-0.33261646322519,0.2601748625144,9.7949606595775,663.188953444221,139.926347891058,-363.582022751973
58035,999,-0.333189989639243,0.260573397953521,9.79341958677052,656.298088829907,125.517697388772,-359.340526293682
58045,1000,-0.332994556377294,0.260394379932738,9.7944536461815,678.452746236538,119.631823717282,-357.893473133652
58055,999,-0.332494693731456,0.260952327660488,9.79439534041722,677.40176295274,112.908854501216,-362.834096199466
58065,1000,-0.332517421932473,0.260089162896022,9.79325233320827,673.929152655504,138.30786334149,-362.840038019148
58075,999,-0.332661764125595,0.260507736238092,9.79312378085612,667.392572283831,112.881568357771,-366.16261555852
58085,1000,-0.333098714134153,0.261235905789831,9.79408375370072,691.01683692964,109.731953547213,-373.20034336266
58095,999,-0.332325945552473,0.259870389756066,9.79403655719111,670.779176434226,114.975406830667,-362.724062501646
58105,999,-0.332045804575746,0.259626457948235,9.79371903358495,673.979686239097,117.056424195335,-365.66746391833
58115,1000,-0.332421689863604,0.260555387922201,9.79341598508292,655.993647453,110.188970392866,-375.096526568767
58125,999,-0.332603622354268,0.25991623439329,9.79470975516755,662.697105021986,116.059432961013,-361.733759221267
58135,1000,-0.333448887760842,0.261055191662925,9.79353761080677,654.016123366982,115.635406205048,-354.238511301591
58145,999,-0.332912489632082,0.260950915542198,9.79470406558011,659.288589702631,122.981435606767,-365.17231227814
58155,1000,-0.332624148728727,0.260230836279883,9.7933444155919,662.837664676703,103.854710249508,-363.44461817182
58165,999,-0.332372329124349,0.262060012389383,9.79341185097695,649.665748620537,123.333614069903,-364.016958451031
58175,999,-0.333270191585432,0.261062067403949,9.79387440893282,657.665396609398,117.994534822485,-370.096320255583
58185,1000,-0.332647532060761,0.261166437765421,9.79293893713121,664.431954093176,120.261506871603,-381.169809011514
58195,999,-0.333601205576961,0.261319607912862,9.79311121734134,676.88576446853,115.98325955189,-378.12878019644
58205,1000,-0.332498263712924,0.262097488216302,9.79334822640844,674.352348734668,112.430191451078,-366.220190690905
58215,999,-0.331675378225858,0.260041240347485,9.79421641229526,688.994690577629,104.158125481048,-368.363289514919
58225,1000,-0.332716464219026,0.260079623599613,9.79434922310459,685.199296277722,100.301736766804,-369.490419698537
58235,999,-0.332702427124995,0.260720698034505,9.79328842152404,681.641735358268,110.27429284428,-374.030024952647
58245,1000,-0.332865395233111,0.261138752831123,9.79379660406456,668.316425646603,118.209660946222,-370.259885347393
58255,999,-0.333144657141054,0.261183822679299,9.79507256722452,681.157572193653,102.415342104789,-364.45709324231
58265,999,-0.332655023748661,0.260828414538274,9.79250436404178,675.265574570481,102.055224681318,-369.408609644209
58275,1000,-0.333450721536327,0.261025489249532,9.79319068007472,675.344222654988,104.760177888029,-375.178969316859
58285,999,-0.333180472036195,0.261427700526888,9.79395646527015,679.918735531101,101.149641902581,-366.905343018805
58295,1000,-0.332754105056869,0.260460677532652,9.79312398238894,694.109301909441,99.1455686298744,-361.878205958079
58305,999,-0.332264808021496,0.259875830143839,9.79414289225915,687.453524963875,95.7325188561646,-364.34705954449
58315,1000,-0.332917924913945,0.26115609615802,9.7929958578843,667.256648712134,94.0305374032225,-366.824770843576
58325,999,-0.333559119371825,0.260475696730951,9.79524279184153,677.54280700004,99.7860909786633,-369.078508550749
58335,1000,-0.334200685697437,0.260661084744417,9.79489317206448,678.361583932671,103.729269957983,-364.598816645103
58345,999,-0.333165871605916,0.260547389356919,9.79594853517768,680.712912061512,90.5785502610034,-377.441069585066
58355,999,-0.332772259753621,0.259859028941185,9.79479938040037,669.123111801061,92.4921850793511,-369.023491701839
58365,1000,-0.331920058428182,0.260412311790015,9.79412266545685,691.483583232668,78.7462979316784,-371.771335729072
58375,999,-0.332327226444993,0.260358022607077,9.79342461801258,672.868851278377,89.9690337569748,-378.926524505635
58385,1000,-0.332411944147084,0.260295980727039,9.79364809585235,665.021433366342,91.5178187999045,-373.117900614568
58395,999,-0.332638259231137,0.260125643252832,9.7935611326575,662.431071815243,93.6916241833733,-367.785612601364
58405,1000,-0.331709623798906,0.260015122588659,9.79477091662435,671.034736315241,80.3435569989416,-374.299580003881
58415,999,-0.332698545050575,0.260359252068849,9.79396136917831,660.850370477153,92.4546540963309,-366.300157680795
58425,1000,-0.332740261775778,0.259948519895644,9.79535283524605,669.474968082302,67.2063032690409,-374.162175423728
58435,999,-0.333202023626639,0.261132410384203,9.794816608356,667.529515165609,66.6442526698143,-371.691808873973
58445,999,-0.332893784497891,0.259692965972137,9.79462553311838,672.152482161138,68.9924103547678,-375.790564117766
58455,1000,-0.332854003191148,0.26061701512675,9.79538945045541,670.910405031564,80.8196191137515,-367.594236492431
58465,999,-0.332292966822548,0.259941364093571,9.79515299556316,667.105384474463,72.2281122273609,-379.39416772137
58475,1000,-0.332375622926068,0.259545957222837,9.79444830218615,672.508964753294,93.6940622430304,-378.284312828309
58485,999,-0.333977887146792,0.260166154461412,9.79371754481476,674.418409439778,90.7578415664197,-386.601374928576
58495,1000,-0.332892220408916,0.261379897320039,9.7943323910357,676.467765301797,82.180819305302,-375.26141206495
58505,999,-0.332463516897789,0.261088572418194,9.79332095798881,671.047526949018,82.6420107684635,-377.441069585065
58515,1000,-0.332918664838214,0.261038445056152,9.79324015596893,678.964792407933,77.8305550056842,-375.673625805408
58525,999,-0.33232818433906,0.261096726437133,9.79492201831083,665.3823417618,76.2356156188107,-365.529921796055
58535,999,-0.332818141087338,0.260567288914067,9.79454093723027,655.027095797782,74.4301854356014,-369.738710737669
58545,1000,-0.331840992562665,0.259733540299651,9.79528634709475,676.502805929252,79.0326131363071,-366.137747942812
58555,999,-0.332977218062824,0.260621503096064,9.79350909038519,676.016893113015,86.5876336843695,-373.947499679281
58565,1000,-0.332628045256673,0.261078003584509,9.79332641567718,672.856711208581,79.7736919917166,-366.192709774874
58575,999,-0.332667785658653,0.259992655453416,9.79504788281912,675.593581355843,77.7432243696516,-368.253255817099
58585,1000,-0.332789805580421,0.260998520032074,9.79430579764332,681.054266585299,75.2098705852114,-374.959121988614
58595,999,-0.331887008166303,0.261200028265398,9.79510921723257,664.921352528039,80.7703162869486,-370.041303406674
58605,1000,-0.333462598769979,0.260131806705178,9.79388257994428,676.567808228767,70.7925082619494,-377.157595271057
58615,999,-0.332578471319375,0.260942589222739,9.79352203480797,665.873882887925,89.9773215971536,-380.604538397389
58625,999,-0.332568336642264,0.261591592383003,9.79280255005957,672.716535918095,85.6899904493095,-377.30352746279
58635,1000,-0.333397903763944,0.260420635335742,9.79435630160208,650.967857935356,89.5661713821293,-377.569809011515
58645,999,-0.332418039898245,0.260882737643167,9.79446414322148,658.262745328428,78.0435290400209,-363.851907904301
58655,1000,-0.332645076991138,0.260962611066166,9.79393974070203,673.323417637269,88.1317148164222,-376.580496034415
58665,999,-0.332768440298588,0.260731761081948,9.79454058553776,677.176642481762,78.3870275827246,-372.407027909802
58675,1000,-0.331979414210202,0.260186186809272,9.79474242346813,672.889334916327,80.3529635345935,-378.394236492431
58685,999,-0.331039964060367,0.260707971146749,9.79349441588227,665.738051477182,70.6110629583925,-380.439487850659
58695,999,-0.332290904748136,0.260614795872911,9.79362940927174,670.78445978255,83.7662900586243,-382.117501742414
58705,1000,-0.332093560829347,0.260409263305452,9.79440777963582,670.719048471551,77.263885599802,-377.81713725579
58715,999,-0.33252813983066,0.261864321946727,9.79418434202509,684.344160929266,87.6774705034663,-379.696760390375
58725,1000,-0.332604928607378,0.261448466002759,9.79495772273032,682.987109280807,87.4637425125786,-383.50568687411
58735,999,-0.331933459909126,0.260213551913837,9.79486401512346,674.608363723925,78.896064540342,-390.452554352275
58745,1000,-0.332310479389218,0.25944677759286,9.79481480948213,655.03935153443,68.4241984222104,-386.775915881744
58755,999,-0.331802001042344,0.260530936097416,9.79376713423508,680.326495853411,62.0474384244215,-380.577029972934
58765,1000,-0.332089959576218,0.260288317914406,9.79489843044525,672.660309760564,53.4020090098116,-389.414083820675
58775,999,-0.332318204461517,0.26044347338464,9.79516164252628,666.713530362869,74.8258103729736,-385.005886310188
58785,999,-0.333153380785009,0.260630167677048,9.7945047427993,668.28464128316,70.503990035737,-384.318175698812
58795,1000,-0.332819113946515,0.260683441690587,9.79479775347278,683.022960197483,63.6017057646742,-375.701106721438
58805,999,-0.332167361371204,0.261397240384093,9.79287795721335,673.506671448247,73.6743198008006,-379.834302512649
58815,1000,-0.332233749508915,0.261114528636259,9.79450483205084,672.740142257221,69.5372952354102,-379.933167790141
58825,999,-0.332175838595335,0.261242860918473,9.79465735847495,674.291803614029,62.0042183999225,-383.878040907533
58835,1000,-0.332188174982848,0.260668496862333,9.7959006001319,689.521220450654,44.6372016685831,-372.733167790141
58845,999,-0.332507835639179,0.261021358895429,9.79444133325476,690.047028638455,58.9436888895772,-374.827769261841
58855,1000,-0.331399684494786,0.260340581470346,9.7951814949039,687.167019030392,57.9827363531765,-380.070572370294
58865,999,-0.332261711391077,0.260831408692055,9.79503534082401,673.747901214137,69.6004433590475,-377.193493764971
58875,999,-0.332738167366446,0.260230085973165,9.79441035770606,667.972768150565,83.7244367609007,-370.949081413687
58885,1000,-0.332419327764416,0.259698085556833,9.79425058985173,663.715744459536,73.3827029000913,-374.436984584034
58895,999,-0.333349786328126,0.260348488884924,9.79500871103176,669.447369434404,73.5265177587205,-380.522013124025
58905,1000,-0.333411125709373,0.260104083415524,9.79524113868871,678.284573898165,73.5513496693162,-377.432404431362
58915,999,-0.332024901177824,0.261599850492774,9.79478362209497,680.716140586888,58.4391849766555,-380.604538397389
58925,1000,-0.332332965187225,0.260893970750973,9.79330245977978,670.095574373258,69.0359493691088,-392.711793744339
58935,999,-0.332561984826646,0.259718242865116,9.79338738029594,666.580370630633,63.2897910832125,-391.52538290602
58945,1000,-0.332804361744284,0.261121572104394,9.79324629886851,670.479434165095,71.6118045120236,-387.600343362659
58955,999,-0.332711809745309,0.26074374169731,9.79449195774882,664.533679514484,64.3518912981976,-396.504407732372
58965,999,-0.332097714388736,0.261420655497113,9.79425870717594,664.694167336783,64.2452969151162,-385.886155892747
58975,1000,-0.331896491206889,0.260809742025317,9.79489622375502,663.317791524308,59.9218340832925,-389.359121988614
58985,999,-0.332257516624318,0.260216590311829,9.79455285263293,660.170297539664,69.3389944985385,-383.465414540708
58995,1000,-0.331382993461905,0.26017904537796,9.79438537097904,640.71839350873,62.3416452087998,-382.296526568766
59005,999,-0.332287301778261,0.260550697888376,9.79484750434057,654.579573547329,75.6368128132764,-392.103059819574
59015,1000,-0.333839460994883,0.261874944103009,9.79472942995847,656.897554622963,66.3507838778916,-387.600343362659
59025,999,-0.332867990093013,0.260912856039335,9.79334633791122,657.389543305748,78.9231394207403,-383.960566180897
59035,1000,-0.332290156275569,0.260383199770761,9.79415916129728,648.377927233737,62.2354369973086,-389.029350996247
59045,999,-0.333092289933097,0.260069392209155,9.79388574715724,647.541248831574,69.8510635032645,-370.756522442503
59055,999,-0.332939501802244,0.260923748444276,9.79301977905111,653.523315628757,65.1611535945415,-377.716153829615
59065,1000,-0.333089053439475,0.26051629299906,9.79310203997127,653.029776639815,84.9520365067303,-372.265992217621
59075,999,-0.333313119828963,0.260073044931795,9.79367105725711,668.529293186258,75.6392510985408,-381.237232159853
59085,1000,-0.333041026412109,0.261158768139089,9.79266478795661,660.023621049191,78.1328298913892,-376.085839545866
59095,999,-0.333214502653094,0.260317362135776,9.79333207485472,660.10690034783,76.2941814640449,-383.382889267343
59105,1000,-0.332882804546158,0.26107122131167,9.7933780962584,659.87353871467,61.7366407811217,-379.438511301591
59115,999,-0.332824805507095,0.261485808933358,9.79416030421536,655.930397172398,75.9052965661605,-375.377937750941
59125,1000,-0.332812101216534,0.260333271362948,9.79378888689039,670.10744341521,72.6514866820438,-382.48889298098
59135,999,-0.333410135498288,0.261073314603967,9.7941431375284,667.279688632885,74.5385882520986,-379.421676145825
59145,999,-0.332649913541618,0.26138443858358,9.79307875451132,660.507517193951,71.8122540287448,-378.376356016535
59155,1000,-0.33265391357429,0.260710426755831,9.79383719555207,655.407068032563,82.9258181412471,-385.209503668003
59165,999,-0.332476336687736,0.26090663096696,9.79351042499461,654.921252077221,79.2992324692349,-378.07376334753
59175,1000,-0.332055955250231,0.259855030463232,9.79477276227569,661.839710312174,95.293877339387,-374.436984584033
59185,999,-0.331536101051086,0.26009989471401,9.79505142764444,658.366494155149,86.6855679348912,-385.253462130282
59195,1000,-0.331764587201561,0.25994823149921,9.79452525225021,676.630414843711,86.2104999947307,-369.682786110752
59205,999,-0.332111110940303,0.261441711659143,9.79437885182462,664.456409709333,67.9264278986146,-377.30352746279
59215,1000,-0.332486843178618,0.260040393541628,9.79483966537208,675.653763797184,72.6570100580768,-386.006450232889
59225,999,-0.332712066426041,0.259990774330287,9.79298225271139,685.825290661654,63.5687603652001,-384.455717821087
59235,999,-0.333215805823826,0.260508255428765,9.79494048106485,679.823117434225,67.339454353272,-384.648276792272
59245,1000,-0.332948546762662,0.260964107487826,9.79371173978256,675.504864022369,66.8489905975678,-388.204923515331
59255,999,-0.332895952689218,0.261014381575238,9.79429801619629,663.809275369172,76.0047650690235,-382.585144958149
59265,1000,-0.332352497164477,0.260170156710608,9.79446174635238,653.470156837368,92.5211521696306,-389.13927466037
59275,999,-0.333885354676598,0.260646526677308,9.7943813091215,663.608278643487,97.8392523155672,-387.371610813317
59285,1000,-0.333332506627496,0.26116494508661,9.79375447371026,652.380049684266,101.704358154347,-385.951488400827
59295,999,-0.333384614656213,0.260740298310117,9.79485585871186,653.813571517807,115.458340209148,-392.708245157585
59305,1000,-0.332439249650716,0.260934548640223,9.79302125170908,658.062044819417,94.8963130442939,-377.212557103117
59315,999,-0.332470576538015,0.260230816382445,9.79405153644732,645.665523608748,88.5369299634932,-380.136895181654
59325,999,-0.333226833557287,0.26016606180015,9.79459852777279,637.747587345514,88.1715179156312,-387.509152935591
59335,1000,-0.333014318405688,0.260178748075784,9.79446173890624,641.625181937975,88.2309797143966,-383.011030385561
59345,999,-0.333194412616258,0.259666249690805,9.79460964462661,662.672581214049,97.1543058083237,-382.612653382603
59355,1000,-0.332319266040168,0.261382211623825,9.79498612939029,648.892020601934,92.2851995265085,-391.557595271057
59365,999,-0.334222585136311,0.261052032672212,9.793924954237,652.363136324335,95.7182036655697,-388.416930942606
59375,1000,-0.333152877088264,0.261535776429,9.79454103792528,662.236706656569,73.1301474920017,-395.432404431362
59385,999,-0.332483075793933,0.260413870468187,9.79520186804998,666.630106845258,88.4315219379888,-388.636998338246
59395,1000,-0.332787451041036,0.260739951492922,9.79463865274686,642.431347973914,108.109181277769,-390.238511301591
59405,999,-0.332721022051741,0.260876302729373,9.79444771349539,641.924833221065,86.6423550045483,-400.163028184886
59415,999,-0.332779133173717,0.26065370956709,9.79501805587835,636.33175515014,93.6026766786791,-394.193700078153
59425,1000,-0.332615206033654,0.261068958443606,9.79676533871632,651.681848250246,88.7359120453467,-396.146908248156
59435,999,-0.331533133230023,0.260235107628528,9.79427565609759,640.307754757645,100.229052479495,-398.099896350762
59445,1000,-0.332042032381479,0.261027816532886,9.7939940342359,647.329442433061,107.438125492171,-386.885839545866
59455,999,-0.332104490479579,0.261267251695357,9.79511918398239,643.944306498216,91.9901166299234,-385.583563223742
59465,1000,-0.33273756605037,0.261518889432219,9.79532653321763,660.34905936596,106.498027357632,-386.858358629835
59475,999,-0.332986790689437,0.260764047508343,9.79562423454732,665.655985619776,97.1606010412951,-386.903967597581
59485,1000,-0.332384053605514,0.260867926148293,9.7942636092588,657.676723498369,94.8456245218172,-385.649198324492
59495,999,-0.332877716983465,0.261328070534817,9.79590638438902,660.560978347441,87.7692040091743,-393.175888373319
59505,999,-0.332315352741541,0.261052004187843,9.79442569637482,667.165822686651,74.0388493853053,-380.549521548479
59515,1000,-0.333608767166794,0.260564435638434,9.79360409802787,669.017028750213,81.1269197214575,-389.68889298098
59525,999,-0.333514821763965,0.260603401362501,9.79486445002804,664.647257555866,84.5126922432845,-385.803630619383
59535,1000,-0.332429664554671,0.26099732358331,9.79376733705962,655.453376303506,98.0509644044484,-389.19423649243
59545,999,-0.332135102967409,0.260052098737472,9.79575890284294,655.950896009027,82.6054495744197,-388.857065733886
59555,1000,-0.333023648284781,0.260295513395149,9.79446535922932,658.696161516213,92.07323139403,-388.452251759606
59565,999,-0.333745845343067,0.260745987047352,9.79449441866899,662.585251393228,105.062997868646,-388.88457415834
59575,1000,-0.332860282245744,0.260584466280409,9.79354481327474,653.539284053826,78.7002771680867,-399.059885347392
59585,999,-0.333102746831163,0.259902788365532,9.79346776749281,662.309965037067,71.8052541053819,-387.344102388861
59595,999,-0.332761831273346,0.260303290530641,9.79429997087316,685.632008811061,78.1029415670476,-393.313430495594
59605,1000,-0.332783261927355,0.260456543033306,9.79459594124353,661.866810514893,94.247577754865,-392.904160156553
59615,999,-0.332885765894727,0.260902736173743,9.79514367051821,670.427941665466,84.3727103794433,-382.255043864688
59625,1000,-0.332877780785147,0.260918703884359,9.7950066878591,664.38769986811,86.5265567673027,-395.87209908785
59635,999,-0.332496428580679,0.260640340321615,9.79622105062289,676.52950625886,81.7769800020719,-388.609489913791
59645,1000,-0.332594421117937,0.259863821012323,9.79497029846626,668.78399888444,76.3665058873637,-386.08889298098
59655,999,-0.332551513816717,0.260145983621739,9.79479430573909,650.23952521661,90.7758316672645,-388.994607856161
59665,1000,-0.332383913835584,0.260219658824212,9.79527794190449,657.09761915707,78.4954249731914,-381.774389164187
59675,999,-0.33368300721312,0.260928065988988,9.79586622013668,657.423565315956,83.1192804341276,-386.463832806302
59685,999,-0.333004086196083,0.259287932019828,9.7945680020252,642.132018816986,103.695292263982,-380.934639490849
59695,1000,-0.332494318721726,0.260156070965558,9.79448851504633,648.186151216891,88.5541717431647,-385.53927466037
59705,999,-0.333039196290433,0.26038654490376,9.79550451528571,651.468484106443,91.6728973557477,-379.421676145825
59715,1000,-0.333005371069808,0.259410308264167,9.79445095008552,647.448908306386,101.575251556987,-386.830877713805
59725,999,-0.332832656111375,0.260238390538382,9.7935013820055,642.41930215678,91.7225720214385,-392.103059819574
59735,1000,-0.332699937459267,0.259770757705321,9.79604571328974,652.710443644562,92.4697053471937,-394.772862446629
59745,999,-0.333091253228118,0.259593150748352,9.79529529242911,659.958389573406,96.5455949273769,-386.656391777487
59755,1000,-0.333141302141044,0.260039793501262,9.79539323684819,657.614580034164,100.186738738221,-396.284312828308
59765,999,-0.333245287266295,0.259879255967532,9.79574537875769,660.412257185192,103.311511442559,-388.581981489336
59775,999,-0.332042271204097,0.26007850323275,9.79630939590746,658.443427909988,106.867260748189,-384.730802065637
59785,1000,-0.332961656874178,0.259147943579361,9.796446760305,651.340396352212,104.036743964606,-401.50568687411
59795,999,-0.332514209164655,0.260100871727784,9.79601843259181,655.678826480068,114.317875212492,-386.793933899762
59805,1000,-0.332380428482265,0.260373557388856,9.79619562394631,643.161717617424,93.7194103531509,-387.270572370293
59815,999,-0.332904655765868,0.26147670064345,9.79441543774976,642.968382135292,107.21524664477,-375.130361930846
59825,1000,-0.332586616319481,0.260236092659529,9.79514040696446,645.867712336147,100.691995624862,-387.380496034415
59835,999,-0.332038015453873,0.260433447891577,9.79577861923399,662.188619032538,99.4627955201733,-375.763055693311
59845,1000,-0.332943041068618,0.25958777890778,9.79735591630853,667.55249123508,97.3928323259666,-392.73927466037
59855,999,-0.333839844945674,0.260535703759793,9.79563273719067,671.989518866782,99.4630875981903,-385.611071648197
59865,999,-0.333449530290037,0.259094331225635,9.7959193943714,677.41768116918,90.5769361643584,-385.666088497107
59875,1000,-0.332357686098804,0.259870640235028,9.7968716270483,684.702993973925,87.7265380431023,-387.407976950446
59885,999,-0.33243539037433,0.260231377060935,9.79583177707942,671.780767891156,92.1615198031996,-382.860229202698
59895,1000,-0.332879083174917,0.260086184284125,9.79525737471047,667.345851990052,94.9521602825258,-388.369809011515
59905,999,-0.331912254566624,0.259887445362095,9.79401785680034,663.086928191318,86.9335306440429,-387.701711906776
59915,1000,-0.332767735090746,0.261162986134301,9.795580184282,660.929386213643,108.982485926205,-383.313320461896
59925,999,-0.333243255345843,0.260368678992504,9.7959454215154,666.951743811377,98.2440626754779,-384.648276792272
59935,1000,-0.333777771670257,0.260212193670002,9.79424202391193,657.58539232272,105.313815725525,-399.334694507698
59945,999,-0.333755771658367,0.26010096588525,9.79705771124193,662.181221231896,94.788736157491,-387.481644511136
59955,999,-0.333824105702141,0.260146602739601,9.79570868476001,665.666723055543,96.8463439023891,-389.242183676256
59965,1000,-0.333232038088315,0.259677087068754,9.79526324181665,659.299921453861,112.895653673855,-393.371335729072
59975,999,-0.332773767687747,0.260267894384026,9.7961570844518,646.961330107498,110.194597869005,-389.792352165356
59985,1000,-0.33330845470265,0.259764708468707,9.79513164595534,645.761154225474,104.231813832977,-393.728587637469
59995,999,-0.33231111191881,0.260323347076776,9.79506821625137,645.092321265791,101.056670506658,-397.302152041568
60005,1000,-0.332907619804472,0.259572260792665,9.79701756323751,648.903957067512,107.68648470354,-397.878205958079
60015,999,-0.332499281600182,0.259693553058525,9.79585888978766,648.743567032877,104.206375315647,-388.361914093695
60025,1000,-0.332109939426283,0.259857653486688,9.79473930313866,650.928475030307,107.073861607389,-395.32248076724
60035,999,-0.333151580255141,0.259141881443394,9.79676117989041,660.770307225292,106.540933937421,-393.671040013509
60045,1000,-0.332794473552797,0.260499653441358,9.79616960657988,662.313558228562,109.277293502518,-399.197289927545
60055,999,-0.332123556661427,0.259908711631258,9.79582706048877,670.586651595181,107.107384196223,-393.065854675499
60065,999,-0.33226632568562,0.260537473916282,9.79584094520571,675.298773130906,82.2301728553944,-405.939797320435
60075,1000,-0.333660210573336,0.260659818390225,9.79556800495164,670.827225215428,88.0597049215665,-407.578969316858
60085,999,-0.331680968101858,0.258965632870363,9.79516397211715,665.076377915027,87.791850352847,-391.25029866147
60095,1000,-0.332485939195479,0.259008296469274,9.79558155624465,676.767971903451,84.0624695810489,-391.694999851209
60105,999,-0.33316154997155,0.260286499878583,9.79586659045224,658.395333353833,102.351678600165,-389.132149978435
60115,1000,-0.332430606636372,0.260070675881371,9.79629739369693,670.887544594779,105.415433166764,-392.7667555764
60125,999,-0.332019223858473,0.259953050497731,9.79668404713541,656.810656299261,83.0145874165421,-394.276225351518
60135,1000,-0.332816342631126,0.25988622034111,9.79419111249057,645.512365224841,94.8692358447943,-389.936221225255
60145,999,-0.332998163367095,0.260694156019132,9.79713067075454,651.419191584813,89.5628615490395,-399.942960789246
60155,999,-0.332289754919942,0.259762559243966,9.79643057953459,659.108156060379,84.9239693842045,-398.429997444222
60165,1000,-0.333268062013295,0.259584717063462,9.79708410976637,651.9140653553,75.7029351117745,-397.328587637469
60175,999,-0.332552476629742,0.259826017855432,9.795541397559,639.607937630721,86.9163071130003,-392.405652488579
60185,1000,-0.333095048037372,0.260083586201282,9.79642094444042,647.69653805384,90.8978525289145,-399.087366263423
60195,999,-0.332387142173718,0.259107642378573,9.79555994792288,644.507752626264,98.3730580888681,-396.449390883462
60205,1000,-0.332244594582379,0.25918544441897,9.79586490557881,641.711978104983,93.8644488944008,-396.559121988613
60215,999,-0.33250340494246,0.258992311039568,9.79585898589494,626.862190096469,103.544057466645,-389.874877438721
60225,1000,-0.332951421764653,0.25990085314329,9.7958067841447,632.981559261012,82.2662488457835,-397.108740309224
60235,999,-0.333324418202871,0.260841214400502,9.79689865515761,643.336990022612,82.1041375504257,-389.517267920806
60245,999,-0.333387128345123,0.260031555170328,9.79592652027796,636.073088151855,88.132176711094,-402.088617896735
60255,1000,-0.332233065403795,0.26075188670744,9.79495357441124,631.808569504304,85.5288757018977,-401.533167790141
60265,999,-0.33270804069414,0.260050951583792,9.79608763903591,642.785564995389,90.2539446208878,-393.808582135784
60275,1000,-0.333132473106974,0.259826003950371,9.79553192932013,644.265826641578,116.776500749697,-408.430877713805
60285,999,-0.332681643539652,0.259083520473971,9.79678616513985,637.615142765521,110.425540485748,-400.685688249531
60295,1000,-0.332254054668796,0.259031627586301,9.79623003768769,636.785847608583,101.933792183804,-403.291946416095
60305,999,-0.33281512781939,0.2601376729152,9.79624390739714,646.588265644696,100.382256724419,-402.473735839105
60315,1000,-0.333428565683658,0.26006376535017,9.79552505468204,634.080972707751,92.6365660985113,-407.331641072583
60325,999,-0.332984609292862,0.259392814255871,9.79652898316143,648.203844321339,88.0128927748778,-405.939797320434
60335,999,-0.332786825412104,0.260199417618248,9.79597525680726,647.418976281296,83.0067302242301,-396.972050948107
60345,1000,-0.332309974281925,0.259645780355724,9.79545513816858,661.171587537841,89.4778411915225,-394.278205958079
60355,999,-0.333012966549736,0.260140373284286,9.79529847043696,652.496965075711,99.515978108472,-398.952657508867
60365,1000,-0.333394295637061,0.259686738114765,9.79727951573371,642.496687235294,100.830475506398,-401.50568687411
60375,999,-0.332242323022431,0.260054296258125,9.79652544691593,644.396019714332,93.1311636706463,-413.697173016741
60385,1000,-0.332738071322736,0.260327507379704,9.79596983922695,637.850762161628,91.2509916820319,-409.502633438996
60395,999,-0.332853042762151,0.260548313851893,9.7951840488491,638.638062529275,96.0117237557411,-406.269898413894
60405,1000,-0.332564431392734,0.260640279073607,9.79537113851433,640.51050007726,113.571210799686,-401.285839545866
60415,999,-0.334317996353763,0.26149884710072,9.7953971051462,633.62296220719,112.757329561885,-396.311848761188
60425,999,-0.333385221148605,0.260321350545482,9.79723023080656,647.495409516569,108.617848312079,-402.00609262337
60435,1000,-0.334129863469573,0.26117423204363,9.7962483492253,634.777914439523,96.5127541405026,-398.894999851209
60445,999,-0.334736742212522,0.260772777435717,9.79525909106194,633.853253885528,83.7259819341249,-403.188954874936
60455,1000,-0.333600386310498,0.260904658074703,9.79601916017943,640.774236967395,97.50004213697,-404.913320461896
60465,999,-0.333906809532003,0.260591169213198,9.79550718115766,608.953249762218,110.276586687751,-390.70013017237
60475,1000,-0.333444152774396,0.260191912789706,9.79697927413332,614.547497681191,105.785588843978,-395.762175423728
60485,999,-0.333271533132494,0.258953993358703,9.79635852284539,617.85940547726,113.161426967922,-397.797303681758
60495,1000,-0.333393502140055,0.259703706473089,9.79557324502103,630.792664611779,97.8064338326705,-398.510267026781
60505,999,-0.332650809550485,0.25953953772622,9.796321136034,631.467255678503,89.6857988273246,-398.870132235502
60515,1000,-0.332799530301966,0.260320144722951,9.79801730265046,620.454384967663,96.3782576629303,-390.403396797774
60525,999,-0.332921715535589,0.259928674349515,9.79703884169508,632.410184209641,112.249973670948,-394.716360142798
60535,999,-0.332833180235365,0.260223135195953,9.79701674994127,636.438939624359,117.793735146096,-396.972050948108
60545,1000,-0.331908014681191,0.259549210169259,9.79620998719047,630.730595451936,109.192186831912,-407.606450232889
60555,999,-0.333060829203931,0.259826428731156,9.79605759352216,633.158401906373,124.630013269244,-388.251880395876
60565,1000,-0.333541366458819,0.260032223051027,9.79737367619008,627.426316966045,116.384890383222,-392.959121988613
60575,999,-0.333414069983907,0.259697153405269,9.79704887569751,640.845028647832,108.161472276901,-392.598211459764
60585,1000,-0.333666464356022,0.259575668762847,9.79686402794863,624.700364079809,120.749445149598,-397.823244126018
60595,999,-0.333868114622412,0.260310246697781,9.7969674911708,636.80324068533,133.592055123507,-402.363702141286
60605,1000,-0.332832816602839,0.261022800364774,9.79746187330167,634.162145557626,117.750852653536,-383.917900614568
60615,999,-0.333117053379073,0.260317286419367,9.7972033748214,619.346759235646,135.735501313602,-393.340938920049
60625,999,-0.332537081421771,0.260424879403202,9.7971131022715,625.013368793486,127.149255903685,-398.650064839861
60635,1000,-0.332114575126428,0.259396795161699,9.7972858021055,635.721049386905,123.289953636774,-398.235457866477
60645,999,-0.332173166465475,0.259618613280376,9.79561166321553,635.812865706336,124.159580115618,-407.232693269819
60655,1000,-0.331856656730363,0.259088495866866,9.79705683660737,639.339246688189,126.488187268117,-409.612557103117
60665,999,-0.333331965177232,0.260429934796782,9.79783429398677,625.53810735237,125.018846875262,-409.956027290863
60675,1000,-0.332440872248612,0.260599385245328,9.79605374370806,620.916530355347,129.354892945811,-397.740801377926
60685,999,-0.332335220848021,0.260004032325462,9.79727988907414,634.292795886135,127.894930697514,-410.313636808777
60695,1000,-0.332152244352454,0.261421104688604,9.79695470733653,652.48175505895,105.96765148169,-408.815610538232
60705,999,-0.332092129457833,0.259361846680931,9.79696377367053,637.045069592337,109.814546930658,-400.080502911522
60715,999,-0.332503029519476,0.258364027339244,9.79547345763318,642.947119247256,100.670610884598,-398.760098537682
60725,1000,-0.33251786693612,0.259532240325121,9.79730313655739,633.910781190449,101.368358671887,-409.914847179454
60735,999,-0.331905541747673,0.261002074629577,9.79576664429118,636.045377088223,90.2846328186076,-412.844411858636
60745,1000,-0.332033637965213,0.26032470350243,9.79761775857975,649.863582869974,98.9172895413351,-421.759121988613
60755,999,-0.332830750016836,0.260955454587437,9.79667290786341,654.337453694411,86.9814870201554,-412.596836038541
60765,1000,-0.332511522483753,0.259677540279646,9.79666280778684,655.222360078939,93.7281223031724,-398.977442599301
60775,999,-0.332694243626237,0.25961767772007,9.79780605261606,654.740098252336,86.0904231973164,-402.363702141286
60785,1000,-0.333170805230442,0.259829858877292,9.79677967001008,638.223733244805,103.725069439847,-400.076679240522
60795,999,-0.331921566804064,0.259553399188188,9.79666119924612,641.410739369283,103.37818724269,-405.087036162329
60805,1000,-0.332838706202698,0.26054403354725,9.79611457858426,647.173139298267,107.935089278417,-405.050725042048
60815,999,-0.331799646677952,0.25906510721521,9.79640416134049,634.721457907772,96.4904771101022,-412.569327614087
60825,999,-0.332186457618835,0.260814858680578,9.79853346362926,647.692989291962,105.555270083263,-412.514310765176
60835,1000,-0.332156201865024,0.259247123328086,9.79686341158689,650.626300242956,113.15423430738,-410.299580003881
60845,999,-0.331987749653857,0.259483415374984,9.7965968844966,641.19719668517,108.167721323064,-399.805418666971
60855,1000,-0.332952864779168,0.259392937579263,9.79851312957236,634.482830425726,127.304177409472,-407.001870080216
60865,999,-0.332215990345579,0.259519932027538,9.79718251587474,656.458778767404,109.854889362293,-404.09673288195
60875,1000,-0.332073278885449,0.260516857179769,9.79722404229525,663.089821949184,111.854053239455,-402.330114355025
60885,999,-0.332340381550052,0.25972206577307,9.79644569317875,665.067338649485,99.9920138082861,-404.344308702044
60895,1000,-0.332202203397722,0.261080709857786,9.79623846008196,662.123093094495,121.507411123389,-406.452251759606
60905,999,-0.332529350780987,0.259519136500138,9.79628349314721,651.936512001879,114.559945239859,-417.60336928935
60915,999,-0.332350374944699,0.26020439435396,9.79728762929246,636.500254782399,116.897613891851,-401.400907285361
60925,1000,-0.333068463802859,0.260158548645306,9.79838381783125,638.803703514883,105.000212739357,-402.742328095484
60935,999,-0.332398664277887,0.26056966681801,9.79852752498974,667.143705129018,110.995981278699,-408.525589219204
60945,1000,-0.332508351225317,0.260223272501188,9.7982698162256,655.731494687509,103.653426702575,-428.244618171821
60955,999,-0.332026572407612,0.259854301192017,9.79792664236234,646.54935444438,98.72990535717,-408.002929154559
60965,1000,-0.331542024575673,0.260072948813151,9.79840146827144,660.070865562618,103.106757421734,-409.090419698537
60975,999,-0.331372284247276,0.259926859937599,9.79791467952717,649.086755119906,99.3196023947332,-401.51094098318
60985,1000,-0.331736083042614,0.260884206964804,9.79724068501677,642.743526639905,87.10575896173,-398.290419698537
60995,999,-0.332292297677179,0.260226351936032,9.79777046326001,630.591413276279,107.200802596958,-399.530334422421
61005,1000,-0.33313283521557,0.26073468527152,9.79628260358228,627.272101192663,119.689963641788,-407.111793744339
61015,999,-0.332174113994455,0.260246964893347,9.79760758633807,642.069757154152,101.988402333144,-392.543194610854
61025,999,-0.332531531806587,0.259758145040032,9.79778013794746,638.055015881551,109.000317149758,-412.211718096172
61035,1000,-0.332186157220984,0.260437724722934,9.79710224355304,634.261639609306,111.592989394181,-409.942328095484
61045,999,-0.332574820814778,0.259853171482837,9.79660731086797,634.759160169007,107.907461800644,-403.05141275266
61055,1000,-0.332569384432385,0.259628659119047,9.79865873190087,630.374575372952,99.1408726958086,-402.110267026782
61065,999,-0.332548174044889,0.259677863379691,9.79952168284097,630.959627142795,106.11180348521,-404.564376097685
61075,1000,-0.332921019476133,0.260093617612536,9.79910928056428,643.397858832103,124.702095530568,-409.942328095484
61085,999,-0.33155969624265,0.261560657378744,9.79739364450574,651.350411580005,111.461317751587,-409.873502017498
61095,1000,-0.332162074844629,0.259560418537991,9.7985063817547,646.290991715893,94.4300941113233,-410.876679240522
61105,999,-0.332055093393237,0.259661573438861,9.79813989913082,645.207392343049,98.5806945262097,-410.478687355506
61115,999,-0.331997775051601,0.260441608595209,9.7987373572464,642.322824696385,102.418755779567,-421.179464468498
61125,1000,-0.332663399273538,0.260094179897543,9.79815152434825,655.090084798682,103.099336666407,-416.45530519472
61135,999,-0.332508072039589,0.260305249779587,9.79752241376964,658.407224133027,100.005536162093,-411.579024333707
61145,1000,-0.331995445642281,0.260445078401085,9.79855961253541,635.404478560633,97.5416811628545,-413.102633438996
61155,999,-0.330932771854163,0.260392418530981,9.79688044617396,649.480005009772,105.788513970561,-411.689058031527
61165,1000,-0.332345461500271,0.259905421190702,9.79745230702999,654.163416276477,95.6940952089456,-424.974389164186
61175,999,-0.333235667501451,0.260858389394095,9.79834371180564,635.561645681719,118.819690418759,-411.881617002712
61185,1000,-0.332907108609965,0.260140018239251,9.79879318738041,639.532523774618,103.920467791022,-407.331641072583
61195,999,-0.332168827692082,0.260634803993539,9.79786377143505,644.996392065984,103.320637649282,-420.134144339208
61205,1000,-0.332118725562772,0.259524970077433,9.79905110225219,653.183044344877,94.8194368687394,-414.146908248155
61215,999,-0.331913458294059,0.259753350787095,9.79709290386537,632.072814919933,89.4174045301565,-413.422088772191
61225,999,-0.332071809678559,0.259874284897189,9.7983586526441,646.625510046855,94.2666830351238,-417.575860864894
61235,1000,-0.332401571343576,0.259013435222001,9.79803257541256,654.525433585145,84.3825912911628,-415.465992217622
61245,999,-0.334148893970365,0.259407633423398,9.79871212116756,643.772811255581,93.375126842553,-410.588721053328
61255,1000,-0.333229728880834,0.260893392592627,9.79887525363971,638.840014323423,90.0526624611955,-411.701106721438
61265,999,-0.333688204371616,0.26023777623832,9.79841295041011,620.467583457945,101.281562383559,-409.515892499582
61275,1000,-0.333666958507042,0.259771522176288,9.79869048794862,632.659367743401,93.2413553440419,-409.392709774873
61285,999,-0.333452457350952,0.260242167995287,9.79707311306552,646.384786300771,105.399544800207,-412.569327614087
61295,1000,-0.333565299454488,0.260401188221075,9.79716415948456,634.655817460805,96.3346755790527,-410.436984584034
61305,999,-0.333678396386666,0.260023312789826,9.79867680905662,645.263710605017,99.264746729208,-415.292661635131
61315,999,-0.333314682264486,0.260256317932313,9.79736085097147,642.039445076161,110.711296112894,-414.935052117215
61325,1000,-0.333256861102681,0.260535172613252,9.79813284835612,646.295824558837,109.186691989717,-414.778969316858
61335,999,-0.332953767919278,0.260403112798316,9.79874596170132,632.16336934499,106.237935995222,-417.71340298717
61345,1000,-0.333055995571888,0.260230564617536,9.7988820654281,646.464307333178,101.238510161263,-423.243091454262
61355,999,-0.333216859871505,0.260512129305918,9.79811745214313,638.918159335294,114.860404578096,-410.698754751147
61365,1000,-0.332846335120044,0.259963443983836,9.79752246999423,645.638321130811,97.1065078033606,-428.134694507698
61375,999,-0.333225400628242,0.260604480539621,9.79895746215458,625.977412146478,114.800254465815,-413.422088772191
61385,1000,-0.332887182687283,0.260149668674004,9.79842338596937,630.904515889718,115.727024687225,-417.774389164186
61395,999,-0.334028505405339,0.259795772640286,9.79979496428963,646.913102285242,109.633108781309,-411.936633851622
61405,1000,-0.33401757383639,0.260742380884368,9.79731076462142,633.919206412106,104.281122034221,-411.233931148919
61415,999,-0.333423604602457,0.259570363109867,9.79943684058332,641.109946853211,101.837814069416,-424.893101769922
61425,999,-0.333270504435902,0.259833102964409,9.79826823975353,633.02827186448,88.9545674715071,-419.914076943569
61435,1000,-0.332696103820167,0.259515116310861,9.79818139199535,634.197192979819,99.2338355112797,-420.05530519472
61445,999,-0.332979626432142,0.260410276850676,9.79908477601088,624.101028131712,103.85823833736,-419.391416878924
61455,1000,-0.333601348369225,0.260119067821552,9.79939677380772,624.055998429619,100.706251654892,-417.554541835942
61465,999,-0.332997517184445,0.260816504948516,9.80019537797835,637.059918215891,106.069904012423,-411.771583304891
61475,1000,-0.332791086146084,0.259604068715678,9.79834812000841,650.512351707179,103.973131755699,-412.113320461896
61485,999,-0.332865296978929,0.258703569969038,9.79936748243821,652.013009344734,82.947813411398,-414.825018419396
61495,1000,-0.333398188677089,0.26060150214632,9.79864876267156,650.858510408379,98.4946731230029,-422.418663973346
61505,999,-0.333765814758837,0.259525738502697,9.79977669738955,637.351533803913,99.9166449417307,-414.109799383565
61515,1000,-0.333418031573831,0.260481752928542,9.79947746699658,628.637322359099,92.1160114711508,-418.433931148919
61525,999,-0.333158713455524,0.261069485331588,9.79862219649165,641.88266984512,98.4963659802914,-425.085660741106
61535,999,-0.332911351241451,0.259824506967175,9.79909921913275,642.819108832537,105.794121913725,-425.360744985657
61545,1000,-0.332584603927397,0.260004139247615,9.79894244265869,637.169836051527,101.889492905979,-435.032404431362
61555,999,-0.332388980431765,0.260116407321178,9.79919239910023,641.248542577418,105.798043474426,-429.624550776179
61565,1000,-0.333015860660427,0.259166748351156,9.79915260210078,616.740642128579,105.070826877334,-422.528587637469
61575,999,-0.331568795740057,0.259433725776267,9.80014689452843,620.922690976913,100.359235429444,-420.876871799493
61585,1000,-0.33279711247677,0.259526977490343,9.79890678095268,626.395478612943,103.181589744065,-427.310267026781
61595,999,-0.332631497387276,0.259811440422116,9.79859263629932,634.546287034709,101.466687833684,-424.783068072102
61605,1000,-0.332468298178049,0.260271440211161,9.80005869405268,626.705317010284,86.1385688792685,-423.407976950446
61615,999,-0.331884609009902,0.260068980947133,9.79881621797096,628.705034612165,97.3839364501962,-415.73279642641
61625,1000,-0.33205002840543,0.259840660225106,9.79934478224051,653.666802621561,90.4553625870448,-427.172862446629
61635,999,-0.33283841381099,0.259537521114506,9.79958937795572,658.336329296386,98.2265873436531,-415.705288001955
61645,999,-0.333001533248754,0.260503567956036,9.8000017700161,665.853445826538,97.4554954540227,-430.44980350983
61655,1000,-0.333142006284432,0.259816711913965,9.7993769999077,647.756392865875,100.956532472182,-420.714847179453
61665,999,-0.332866534546947,0.259743169959006,9.79946380035564,665.714270346063,91.2144378021363,-416.66808285788
61675,1000,-0.332480074538358,0.260000414363693,9.79957213704169,661.855176566095,92.6322501824182,-419.807976950445
61685,999,-0.333730581328216,0.258584042914096,9.80093271858526,647.820771445027,102.144236682545,-420.161652763663
61695,1000,-0.333026885334254,0.257866893759859,9.80144394252333,653.371437782135,84.736615127134,-416.345381530598
61705,999,-0.332497790494771,0.25905443694698,9.79940837668301,651.186027267965,88.7245959213756,-423.737747942813
61715,1000,-0.33322099612951,0.25988147458308,9.79930754923661,657.600549567596,88.9209378230917,-416.262938782507
61725,999,-0.333223585889352,0.259814074538942,9.80018008874654,647.720220361899,98.5124422087464,-408.525589219203
61735,1000,-0.332739339879729,0.259206966201273,9.80036876362473,642.412505811126,86.6229156308464,-414.586602904644
61745,999,-0.332889130521293,0.259990580575292,9.80095789246953,638.445356788989,95.6484149670338,-419.363908454469
61755,999,-0.33377667695038,0.25897974135598,9.80037585873125,645.723854106919,94.4521940083346,-422.307309871153
61765,1000,-0.331896428495585,0.258250090668379,9.80121565107296,645.332859009636,86.5447129072086,-420.247671606934
61775,999,-0.332369904441707,0.259471602482679,9.80037645902372,645.021070941775,105.29900330957,-420.299194885938
61785,1000,-0.332265272798705,0.259788508685541,9.80200222001647,646.985150410723,100.675878543945,-419.011030385561
61795,999,-0.332828351872724,0.260797612515907,9.8010201331464,649.48289867498,104.135542673351,-415.292661635131
61805,1000,-0.332269628193438,0.259245195127684,9.802338495895,655.212043981726,90.4932160137125,-415.93316779014
61815,999,-0.33207344892924,0.259932780692027,9.80062376558548,647.164669147198,100.942258865152,-415.265153210675
61825,1000,-0.332636610726604,0.259934792236591,9.8009927460108,651.819285671754,104.789027468106,-408.156068553499
61835,999,-0.332178913945105,0.26004287585097,9.8005839619996,654.311534253962,92.8735340533101,-416.28296491551
61845,1000,-0.332046861800425,0.259961918501358,9.80039162096627,647.785012231909,86.5310529019603,-425.496526568767
61855,999,-0.331618707080492,0.259598781314604,9.8006979681493,645.124678924255,89.2375798889086,-424.728051223191
61865,999,-0.331606090474942,0.259255742003793,9.80057290647944,647.658626959675,87.4590066811518,-415.595254304136
61875,1000,-0.332962371675426,0.260630984775526,9.80009888886774,651.484552863059,89.1595066139035,-416.48278611075
61885,999,-0.331916120166575,0.260629930200179,9.79904441653849,645.27799220986,88.7258544607838,-415.01757739058
61895,1000,-0.332259049024897,0.260507409758506,9.79893872624534,652.71032974695,80.8976784095667,-428.794236492431
61905,999,-0.332439222048881,0.260721131207574,9.8005049627142,648.900663609519,71.7228429993143,-416.39299861333
61915,1000,-0.332486537868311,0.258455813963489,9.79972137180826,647.568350682561,72.8263086139351,-418.98354946953
61925,999,-0.331798072664509,0.259913256967603,9.79992909300216,641.484344109019,83.4345107087368,-412.651852887452
61935,1000,-0.331628131980154,0.259466833229798,9.7993436054109,665.348695516526,87.2279577533668,-418.598816645102
61945,999,-0.331908559940852,0.25932508386191,9.79972917817651,654.592597123323,85.6320083344034,-421.674616108687
61955,1000,-0.331254705226759,0.259209661215832,9.800375673693,645.758766938217,83.6203468242947,-427.035457866477
61965,999,-0.331791270396744,0.258839535710299,9.80067983540671,654.308492939238,98.3880475574162,-425.965930323666
61975,999,-0.331394490676607,0.258996513991402,9.79958804490633,653.71634283724,84.1238542636792,-425.168186014472
61985,1000,-0.331914941220656,0.260305059442693,9.80030905507887,636.109743083862,97.3237643270664,-419.698053286324
61995,999,-0.331764907830042,0.259994088723605,9.80030751256603,634.190558582853,96.0239598470973,-421.839666655419
62005,1000,-0.331615469376005,0.259489438096551,9.80032097150393,649.559638145611,94.4012151254944,-410.711793744339
62015,999,-0.332933027817115,0.259343823286772,9.79978121267082,657.18859400008,95.4117350934088,-430.422295085374
62025,1000,-0.333115467787465,0.260024374018425,9.80089075940483,639.875474648377,97.0281208372538,-418.406450232889
62035,999,-0.33230877905713,0.260398005118206,9.80105978771799,644.787145560194,103.126042504467,-409.680943046312
62045,1000,-0.332334546705297,0.25942069230226,9.80065190328016,658.402355962574,97.5612857576996,-418.98354946953
62055,999,-0.331490027154487,0.259665010145172,9.79947057691429,645.86044487939,94.893912379172,-423.215087878167
62065,1000,-0.331945661934255,0.25903037609439,9.80029294967502,625.529897840063,84.3245242564852,-411.28889298098
62075,999,-0.331650262012641,0.257931955673376,9.80059834093601,636.742490625143,95.5277255836514,-420.519262281578
62085,999,-0.331138385948029,0.258721809557557,9.80117495833008,646.701634560734,85.0459938889459,-419.501450576743
62095,1000,-0.332111039399253,0.259292327416449,9.79913326843348,644.46463571479,107.972472928197,-421.5667555764
62105,999,-0.33299815625648,0.259516852040439,9.80076948841207,630.377950822493,105.071506814307,-414.439900477026
62115,1000,-0.331316033509281,0.259094661207366,9.80220975235789,645.719715227797,106.073695167976,-415.575915881743
62125,999,-0.331617226426274,0.260530994368169,9.80113276822672,637.572351031328,105.527452747223,-418.428622022999
62135,1000,-0.331472166135876,0.259142463474808,9.80226288689252,629.985391626354,123.429260030209,-422.885839545866
62145,999,-0.331512925367454,0.259119022273438,9.80137725366628,623.838576924111,100.605143779563,-428.0840790067
62155,1000,-0.331456170391521,0.25975140541612,9.80026517515626,626.869325615809,96.8583781337409,-417.114847179453
62165,999,-0.331719764066426,0.259659415092588,9.80080975590336,634.13784973221,87.7850249112053,-413.779698290106
62175,1000,-0.33222501813755,0.25936161415139,9.80110299863463,616.404184741168,95.6019219506999,-411.28889298098
62185,999,-0.331583014757957,0.260001487642569,9.8020870797713,621.44626568194,98.8658904537001,-425.140677590017
62195,999,-0.331177595286058,0.260211108147979,9.80094434706466,609.403253626207,105.528405301147,-422.472360417882
62205,1000,-0.331753591379302,0.259498064858341,9.8009756501315,600.455426040881,110.521506669602,-423.10568687411
62215,999,-0.33174054936758,0.260407670320217,9.80068747240368,603.139236555142,117.944502652323,-417.025692375795
62225,1000,-0.332084319640673,0.259844194071014,9.80230478330263,616.24263251556,107.102665346347,-432.586602904644
62235,999,-0.331260320342484,0.259592233032036,9.80129585822456,626.973529994047,94.7171027838181,-429.211924409355
62245,1000,-0.331479410824897,0.260412223581721,9.80071766769271,620.969900470158,111.759926272576,-413.762175423728
62255,999,-0.331739422143474,0.25957080317005,9.80091958906352,625.662269055838,101.38266707247,-427.919028459971
62265,1000,-0.331494597787248,0.259376848555927,9.80106282630567,624.697569195334,105.842647663226,-416.235457866476
62275,999,-0.331430382580645,0.259567823762124,9.80154930260705,619.423387894445,111.065429291305,-417.603369289349
62285,1000,-0.331511380507016,0.259614078621158,9.8007093616808,629.651440793741,102.296285294347,-422.116373897011
62295,999,-0.331803772158662,0.259331163954014,9.80224057164172,627.346012919206,105.37495400432,-408.195488125743
62305,999,-0.332006265881681,0.260759569462956,9.80180067146114,623.877165460566,85.181669028919,-414.219833081386
62315,1000,-0.332152245710337,0.260381311773506,9.80077518872409,634.472975746429,86.7479931332,-422.748434965713
62325,999,-0.332198408667782,0.259551070278832,9.80202219332921,643.768249074673,87.6126772384046,-419.363908454468
62335,1000,-0.331489268265496,0.259828416994779,9.80072774738282,629.701845639631,111.025861023658,-436.516373897011
62345,999,-0.332899998490452,0.259400658874592,9.80150195234383,641.568540535775,97.7116004909525,-427.946536884425
62355,1000,-0.332396374518188,0.260469000352494,9.80039971267864,627.981043683305,113.499902120372,-418.406450232888
62365,999,-0.333121849928616,0.259888898295757,9.80118140508543,630.737145713522,108.266863108306,-427.038758877411
62375,1000,-0.332666055966466,0.259968015999223,9.80007116560183,618.355311572862,101.636775613836,-436.736221225255
62385,999,-0.33282439123844,0.25913198862649,9.80122258040391,637.242365754909,90.2319996234228,-432.210342674949
62395,1000,-0.332409383204797,0.260040234752199,9.80167020045893,632.761105712228,97.9224730197047,-428.849198324492
62405,999,-0.3329134192632,0.258899452833901,9.8002924694623,616.024544951196,104.046314257845,-438.014620234951
62415,999,-0.332535223626209,0.259663053628472,9.80030156516675,607.266357965984,106.708989586049,-431.027480423384
62425,1000,-0.33359148065606,0.2588817497299,9.80086561607611,617.090791269724,96.3224366383578,-437.725534202354
62435,999,-0.333185633646136,0.259274144935428,9.80169879724497,614.50326019048,99.6664611818858,-431.742699459214
62445,1000,-0.333245147742775,0.25926237297714,9.8005055545152,615.190851466468,94.0729753780091,-430.525534202355
62455,999,-0.332193966697378,0.259161040651048,9.7997527227462,617.55379677101,84.5911025913569,-426.130980870396
62465,1000,-0.331675293055807,0.259868250781821,9.80004645742155,628.369889772706,95.3609164996694,-438.907213591667
62475,999,-0.331729845744051,0.260259056049156,9.79990371732052,618.724363470147,112.842970555316,-446.129605449174
62485,1000,-0.332022192082307,0.259984484623317,9.80072162994362,620.466624527308,110.960022275507,-430.058358629835
62495,999,-0.332548660975996,0.259168950976134,9.80171212094296,624.827265766012,118.91366634196,-437.024316954572
62505,1000,-0.331984712966491,0.259389697968477,9.80240079031445,631.433094316758,117.6770257533,-444.513320461896
62515,999,-0.332039870481418,0.25892847700113,9.80129121828038,626.589946206206,114.675989820607,-430.972463574475
62525,1000,-0.332510929003031,0.260412652165268,9.80121481986606,647.482278049281,127.24921989235,-432.88889298098
62535,999,-0.331832058951343,0.259391691045898,9.80201244656263,635.783824892869,121.588571783567,-440.627920558175
62545,999,-0.331372714827414,0.259177140650854,9.80170666018369,611.012703675311,123.479801901586,-429.266941258265
62555,1000,-0.331596251751364,0.259304443286725,9.80202558601837,623.384906996373,113.629297990019,-421.649198324491
62565,999,-0.332330437867018,0.25935123995252,9.80228259516301,624.206231146311,106.767779418051,-429.542025502815
62575,1000,-0.332569450444201,0.259473226931352,9.80173721490152,615.387730841562,103.297188048043,-422.418663973346
62585,999,-0.33279753996086,0.259954016042038,9.80274674814465,616.538197934431,125.369371043728,-423.737747942812
62595,1000,-0.331926785963341,0.26017145372743,9.80329047140843,624.253948202842,128.240421705721,-431.734694507697
62605,999,-0.332644366389803,0.259676901981942,9.80342445886398,619.582108362123,118.606348008001,-439.500075155521
62615,1000,-0.331935491451637,0.259863797966377,9.8023937144109,632.205662024712,128.358249788262,-425.524007484797
62625,999,-0.332633633481495,0.260181097605264,9.80153899244478,640.549790812576,111.449537827884,-424.507983827551
62635,1000,-0.331691385249905,0.2604957467436,9.80178608758975,641.540396041282,111.871556663235,-435.884312828309
62645,999,-0.332708168364,0.259790826585006,9.80361684220298,628.797628300164,114.378194174011,-425.855896625846
62655,999,-0.333084535741553,0.25963255092413,9.80277077192078,630.024650708451,131.211324384747,-422.609902540158
62665,1000,-0.332292427586683,0.259730222675982,9.8029691439657,625.455689111328,112.383277225353,-434.894999851209
62675,999,-0.332500604325721,0.260346112101753,9.80199234547153,621.863598226058,111.36833316248,-425.965930323666
62685,1000,-0.332311482015926,0.260145563506853,9.80278112561496,617.020484694421,120.81785279597,-431.707213591667
62695,999,-0.332549967727759,0.259912894670672,9.8021043521858,612.860242149091,136.934440565669,-427.286334697505
62705,1000,-0.332205415990951,0.260104544318699,9.8012306216225,631.338977286012,129.627748935272,-426.623244126018
62715,999,-0.332325120336863,0.260387149144714,9.80208014850906,631.592837146915,126.675005900989,-418.511147296364
62725,1000,-0.331496772201703,0.260158653435837,9.80262566781057,633.44839241947,128.456220157079,-427.20034336266
62735,999,-0.331792716524113,0.260189692817383,9.80390230499258,628.496207585728,112.531982284818,-426.075964021487
62745,1000,-0.332185835345649,0.259690247028783,9.80243489660909,628.817268233094,116.342378520667,-428.684312828309
62755,999,-0.331956496682504,0.259935551357309,9.80305461593476,621.591275036171,119.533495446339,-434.493541904713
62765,999,-0.332367889599217,0.260269570974992,9.80099475099616,617.540893125304,120.288167004553,-440.077752069076
62775,1000,-0.332494990186528,0.260472542072343,9.80176889076324,627.930166869854,128.753187765011,-435.224770843575
62785,999,-0.331319668657192,0.260018776848342,9.80274554134048,633.751991400261,113.421982462162,-434.906168271538
62795,1000,-0.331572856284339,0.259770303393771,9.80298276508447,623.16817300042,115.380958925795,-420.467518935179
62805,999,-0.332629214230115,0.260225430116498,9.80376008905662,616.01826617643,130.51442830428,-419.501450576744
62815,1000,-0.331898662836327,0.259462159405261,9.80143198139219,616.748527168595,130.465083380825,-424.424770843576
62825,999,-0.332134379294349,0.261016082912352,9.80184861360918,633.195778027702,122.667919541108,-419.721517972383
62835,1000,-0.330946305648779,0.259788193937564,9.80260439815421,645.734214299137,123.886378862221,-430.223244126018
62845,999,-0.332559318857075,0.259933622907857,9.80263737042148,636.555312664924,133.5596004952,-425.305728136747
62855,1000,-0.3314891842919,0.260185472209209,9.80245516509283,638.159040532771,126.906078615014,-433.026297561133
62865,999,-0.331221406218164,0.26008793348493,9.80301667084596,649.044239247265,121.825016234552,-429.789601322909
62875,1000,-0.331240006677202,0.260312853863528,9.80233390883786,639.392953147189,133.036648906075,-422.226297561133
62885,999,-0.331519505086051,0.259091814172426,9.80294920415842,647.148281021447,132.285573658036,-415.650271153045
62895,999,-0.331730035752588,0.259149006510286,9.80243749101958,654.04003506895,132.68987322921,-427.864011611061
62905,1000,-0.331504475178627,0.260435135997283,9.80326047471273,657.597785451111,130.969619660537,-418.681259393194
62915,999,-0.331961248246117,0.259198650257966,9.80269686077972,661.017131784238,127.292062967941,-427.671452639876
62925,1000,-0.331690606895152,0.260781844115175,9.80304382156134,657.776934829016,110.69674099561,-421.346908248156
62935,999,-0.331964774926364,0.260690670170527,9.80333036505459,658.908293888272,119.214230519754,-437.271892774667
62945,1000,-0.332623847028733,0.259554480645521,9.80268084264443,648.71041917991,136.84344552137,-419.862938782506
62955,999,-0.332758421978998,0.259408073754393,9.80362688686948,641.200005488394,133.098634416079,-439.252499335427
62965,1000,-0.331750769333584,0.259157432098611,9.80289611541181,643.824839871261,132.433689151469,-428.052251759606
62975,999,-0.332731510398113,0.260149507114301,9.8037107700623,633.077513798718,145.335445336808,-422.774953086888
62985,1000,-0.331966266509952,0.260205049022469,9.80324957873925,628.06327235458,121.721059594772,-425.963702141285
62995,999,-0.332295379292417,0.259122485045382,9.80317745750943,631.483919024981,127.645830979253,-438.289704479501
63005,1000,-0.332158988021583,0.26061820278491,9.80343689978531,625.289526306981,125.623889825869,-433.988129622202
63015,999,-0.332549998872472,0.2602024304449,9.80380583882564,624.472033007795,125.240534598816,-438.702330846326
63025,999,-0.332313187898444,0.259757920543337,9.80194580750749,627.469193254007,120.061969402991,-437.904586537132
63035,1000,-0.332283805622355,0.260385103664333,9.80307184131008,632.367817429421,110.035126773114,-437.53316779014
63045,999,-0.331965081103955,0.259910311710972,9.80246153890691,647.620938185129,120.667519528104,-438.124653932771
63055,1000,-0.331989787722473,0.259753176683753,9.80367848998395,652.626675324576,131.14340932611,-442.891946416095
63065,999,-0.332401605382134,0.259559825920622,9.80203191115863,647.799056033868,123.530116893647,-435.483845185093
63075,1000,-0.33265628019447,0.259274736645117,9.80296068950516,642.711506351486,114.806064018282,-435.829350996248
63085,999,-0.331484041462147,0.260115968286575,9.80398499885998,627.335726597215,114.683181675066,-439.857684673436
63095,1000,-0.331643613309544,0.260809307938617,9.80364986513035,627.732470464913,128.58309991598,-432.064465500065
63105,999,-0.331213003507278,0.259661818893919,9.8037601371355,622.996474146525,128.193154738837,-438.207179206137
63115,1000,-0.331682225300766,0.259093422115308,9.80471858292452,629.147506580584,122.514876639287,-442.259885347393
63125,999,-0.33160253315672,0.260266841072865,9.80454181617316,642.074884177104,107.32268184882,-440.077752069076
63135,999,-0.331535570731974,0.260274266539202,9.80345108279877,628.738151004222,133.197247822771,-438.922398241967
63145,1000,-0.332083940459137,0.25979396491653,9.80333260977455,632.193854409436,132.205746119236,-445.502633438995
63155,999,-0.332153571200495,0.260434684739333,9.80495551461586,620.731495418466,121.582049156531,-439.830176248981
63165,1000,-0.331729605581044,0.259735084991286,9.80390919391734,627.049859258764,104.482492642594,-429.398816645103
63175,999,-0.330868339363649,0.259599719414275,9.80325216372179,617.176134444911,112.425646146155,-440.297819464716
63185,1000,-0.331910129078293,0.260242242681088,9.8034705553381,622.624426449658,132.137217171597,-429.618663973346
63195,999,-0.331698341458171,0.259372924577861,9.80380106702767,626.347149230249,128.939154441422,-425.828388201391
63205,1000,-0.331309958189171,0.259381717445495,9.80320244934031,621.927512612221,125.251949514851,-443.469045652736
63215,999,-0.332442186432347,0.260004390870619,9.80376006493361,630.391230339747,127.780668512502,-438.014620234952
63225,1000,-0.332252760511565,0.260262544983317,9.80235979454821,626.527468459114,119.824939472156,-437.533167790141
63235,999,-0.331594095674855,0.259719722019904,9.8025044134872,625.748952207745,118.858558833802,-435.511353609548
63245,1000,-0.330728152675575,0.2584731201106,9.80305880737947,640.162069074344,103.07979328291,-435.582022751973
63255,999,-0.331083935794361,0.258494506095389,9.80263902095286,628.176043893644,99.3392933636388,-442.938628212395
63265,999,-0.332181642582899,0.26000191314644,9.80460735668751,625.004938497562,96.2553732771231,-443.378763003674
63275,1000,-0.331776794445346,0.259953845617447,9.80243565608913,622.15232589314,100.486700168223,-440.940801377927
63285,999,-0.331517290325782,0.259907975178651,9.80283305422247,639.943532485136,111.886799303586,-436.914283256752
63295,1000,-0.332458511587973,0.260476905528505,9.80348398765543,641.850466460015,114.708795748563,-450.449198324492
63305,999,-0.330980798618832,0.259980867190645,9.80410309299974,648.788427961926,120.338919608757,-444.919234773154
63315,1000,-0.331651292466157,0.260442033767928,9.8047179428544,635.161675941232,125.477720707672,-427.969809011514
63325,999,-0.331938290677359,0.260791553965135,9.80279629186783,631.686734723904,114.530431279555,-437.299401199122
63335,1000,-0.331878011658253,0.259830127669594,9.80244437390221,648.831999450792,123.9285204413,-443.716373897011
63345,999,-0.332984703398837,0.260120185979049,9.80144658316699,639.804278686057,111.861643831163,-446.652265513819
63355,1000,-0.332932309491361,0.259880486978427,9.80298472809493,647.366799524327,118.393192763601,-432.229350996247
63365,999,-0.332766591615197,0.260720024384659,9.80263078590747,640.121638263302,116.305482364548,-424.920610194377
63375,1000,-0.332228169287393,0.259720595606153,9.80393322696685,657.770197948636,105.387220696422,-441.875152522965
63385,999,-0.332495312597362,0.259624278967319,9.80337625775418,644.602230018173,111.37884035893,-433.998390264523
63395,999,-0.332875899801267,0.259699799595334,9.80317155853069,641.352144860069,122.474541968369,-436.199064220923
63405,1000,-0.332436495600581,0.260094669511127,9.80276361639784,651.042182220078,121.270777903115,-430.223244126018
63415,999,-0.331867441410625,0.2591403387943,9.80325800786067,640.047428982692,110.610327416675,-438.399738177322
63425,1000,-0.331439645680073,0.260717119233251,9.80430213248547,652.181557109238,113.237769868008,-436.516373897011
63435,999,-0.332018515872552,0.259414472204806,9.80274167306562,632.42667760511,112.977702694399,-429.29444968272
63445,1000,-0.332506917110737,0.26019293140682,9.80330169033838,644.716810207373,115.995555448418,-450.174389164187
63455,999,-0.332234689021051,0.260487147803616,9.80207546504297,633.377268438123,116.447000515932,-432.705494315139
63465,1000,-0.332091044371797,0.261358048579071,9.80275116009184,642.630018069716,122.099595026128,-432.559121988614
63475,999,-0.33161658154115,0.260488365870199,9.80332906782123,656.144414378669,109.27367908467,-434.631084026988
63485,1000,-0.331386166701585,0.260139644113545,9.80384684544502,658.995269308264,124.018638639843,-432.449198324492
63495,999,-0.331683297173473,0.260249984507289,9.80267931530472,657.450579341079,124.361629122951,-421.784649806507
63505,999,-0.331058308823261,0.260207796793347,9.80275486868021,639.633733319735,132.173545508923,-432.457918495044
63515,1000,-0.330680702507877,0.260882268562848,9.8046257607917,665.099584323397,110.286435859058,-434.840038019148
63525,999,-0.33111731477824,0.260359663439087,9.80300482575463,659.926666160692,109.698839069474,-430.037177143005
63535,1000,-0.33164784228004,0.259667483369011,9.80247459696778,659.944167966291,145.415409681996,-434.977442599301
63545,999,-0.330789614748693,0.259129504424836,9.80362095841132,657.128799283277,139.855898631359,-431.907750005943
63555,1000,-0.331610234371883,0.260084299750234,9.8028260256893,663.047881617554,122.655762236916,-426.540801377927
63565,999,-0.331706192725382,0.259562760112763,9.80309650046694,657.9605957053,123.01909343324,-429.542025502815
63575,1000,-0.331944508917395,0.259608889944888,9.80303516939573,660.517009601561,117.454983857239,-439.814083820676
63585,999,-0.332654172939902,0.259104495313554,9.80276715482405,678.353393037487,130.565005153871,-435.483845185093
63595,1000,-0.332927742028434,0.260300921087537,9.8043201350356,659.035790431981,121.227175810707,-450.971335729072
63605,999,-0.332675299643054,0.260733902454806,9.8039976145728,657.057399008348,130.959580427009,-441.97583335647
63615,1000,-0.332073976920491,0.260257043505627,9.80310509872909,660.825676670241,129.504206293821,-447.975915881745
63625,999,-0.331827645875831,0.258971948431422,9.80232087374666,657.191267552234,125.486962679729,-439.087448788697
63635,999,-0.332765468639933,0.259733614179011,9.80396779270764,667.69102612544,121.31322905494,-448.742905772397
63645,1000,-0.33202147561435,0.260013184050581,9.80362092195662,654.478537794261,125.416115607159,-444.348434965713
63655,999,-0.33197553753736,0.26056856068934,9.802486327364,657.994604381577,120.872456234984,-441.343139594004
63665,1000,-0.332581102918823,0.260596776244613,9.80303230562187,653.000147005383,136.830899079477,-439.869045652736
63675,999,-0.332481220317055,0.259572544126079,9.80218868109474,659.004014873312,118.279307323655,-448.522838376758
63685,1000,-0.332008774163054,0.259684903802881,9.80281261034591,636.830609185008,112.488140157892,-439.759121988614
63695,999,-0.332591420238969,0.260486289014713,9.80317386754354,653.683211027452,120.371602904583,-428.001553733335
63705,1000,-0.331318662196501,0.260145897460638,9.80372572757569,646.301299611225,116.090636529199,-444.623244126018
63715,999,-0.331263623465722,0.260842580944127,9.80213848160326,638.685115873458,101.669381871959,-436.391623192107
63725,1000,-0.331864410840923,0.259143197503079,9.80392294247819,648.184121055142,112.257342087325,-445.007976950445
63735,999,-0.331605150713013,0.259824921800093,9.80407112727941,626.010273497075,122.361435288958,-433.475730199878
63745,1000,-0.330905163914815,0.259429457636418,9.8039147247538,646.237268928657,118.853879749283,-435.032404431362
63755,999,-0.331521626781846,0.260413325062947,9.80324707584379,657.074712946849,114.68226150195,-433.503238624333
63765,999,-0.331726551673885,0.259867983113039,9.80345712360721,650.80369397608,128.960087254137,-436.061522098647
63775,1000,-0.332324030039696,0.259224472081648,9.80314978851169,668.31723251766,134.790318352297,-434.812557103118
63785,999,-0.331841650303162,0.259474860199872,9.80470942533977,649.346080584347,132.283797869281,-438.812364544147
63795,1000,-0.33227446155764,0.25946924546983,9.8039505518309,664.880106549054,121.56778521607,-439.704160156553
63805,999,-0.331815592546659,0.260821074100338,9.80345522780908,661.033483278786,95.8473227223275,-444.121490463959
63815,1000,-0.33159645203169,0.260201590411165,9.80332319376231,658.43342476671,96.642461641427,-430.855305194721
63825,999,-0.332229517749326,0.259839852333356,9.80427375926927,666.398441856262,103.889608768194,-434.493541904713
63835,1000,-0.332103844553788,0.260399705350956,9.80320684509249,651.33390978965,110.630042462053,-436.708740309224
63845,999,-0.331897519135221,0.261294468259998,9.80287149447986,640.112078560047,128.0318419596,-433.888356566703
63855,1000,-0.332729732466141,0.259206956543673,9.80296883860577,648.902104494969,119.658098202077,-443.881259393194
63865,999,-0.332099615318987,0.261145170711985,9.80272678378132,649.550139037731,116.844608814919,-432.347884797225
63875,1000,-0.332707000316254,0.259430815041183,9.80266450858397,644.42061906783,117.556387902458,-424.67209908785
63885,999,-0.331750274397077,0.259837816555977,9.80324152329749,641.257581040564,116.811715499148,-436.089030523103
63895,999,-0.332366070176183,0.260174663996596,9.80313680427119,639.884305367618,103.951767180105,-430.339769812009
63905,1000,-0.332327996976068,0.259734774507046,9.80272332411744,644.546575335854,123.887451500109,-441.407976950446
63915,999,-0.331737247732094,0.260439113296145,9.80219522255944,657.080201756153,127.921386859485,-444.259032586234
63925,1000,-0.331839726100527,0.261045031502639,9.80218765825966,667.421417214408,130.323768575774,-446.107213591668
63935,999,-0.331412662173806,0.260278086702289,9.80331170735449,665.316930050684,123.608695937139,-450.338394390787
63945,1000,-0.331783850357978,0.259191789503852,9.80264326679712,657.370080613108,118.569080086222,-447.426297561133
63955,999,-0.331139873116586,0.259510505537296,9.80302493657542,654.247501435813,117.171224923467,-430.367278236465
63965,1000,-0.331106915443151,0.259710971915247,9.80231464273479,657.377475052563,116.812819298103,-434.840038019148
63975,999,-0.330796030677932,0.258832011195273,9.80344518779318,647.813868770165,133.288732037224,-444.011456766139
63985,1000,-0.331374233207458,0.259368791614764,9.80351704074125,656.530546765285,106.762887317568,-430.607976950446
63995,999,-0.330623256644037,0.260501972516101,9.80325576052421,662.977406805956,120.139692564614,-436.364114767653
64005,999,-0.331371825314206,0.259678556510297,9.80254057908131,652.49020597236,110.842372972759,-433.695797595519
64015,1000,-0.331342053687324,0.259297085830696,9.80355827990831,666.253520524858,98.7275290548431,-432.091946416095
64025,999,-0.331153536196643,0.260030693951125,9.8033004991985,658.083451466097,88.7261702556379,-432.540443768409
64035,1000,-0.332164039594447,0.260799136149142,9.80446007472245,651.144775472541,93.4450195198998,-423.407976950446
64045,999,-0.331157912818487,0.25936931338773,9.80479127365327,657.720004207469,91.7774765831777,-427.836503186605
64055,1000,-0.330865764637059,0.260409430579004,9.80404364891831,649.920067173445,105.77594788814,-429.783549469529
64065,999,-0.332468531161174,0.260926828922506,9.80362395000305,663.115497385032,95.2428091614454,-433.668289171063
64075,1000,-0.33175879411803,0.259962079811822,9.80375537986735,674.842626889484,104.165712843303,-425.908740309224
64085,999,-0.333029392827926,0.260169740035419,9.80292226799577,672.703112638883,113.109308320249,-439.582600428886
64095,1000,-0.332111308481483,0.259640399127918,9.80298905101636,656.293365556076,109.979109239244,-433.356068553499
64105,999,-0.333088151760807,0.259836674392606,9.8023957688045,654.288288617386,116.674901505277,-438.317212903957
64115,1000,-0.332031933963708,0.259815888835644,9.801869369577,648.351876457178,108.345160827333,-434.125534202354
64125,999,-0.331420613979089,0.259816158895371,9.80374878348996,645.774089322532,101.504764948537,-446.514723391544
64135,999,-0.332330266782725,0.260579955211233,9.80316843175635,654.476395134471,108.936178258427,-438.454755026231
64145,1000,-0.331899817159455,0.258855209676941,9.80255135354744,665.524025835484,98.4500208056505,-438.824770843576
64155,999,-0.331302215545422,0.25982650934763,9.80280572048745,652.311146662219,111.425495413721,-442.305934449931
64165,1000,-0.331503495876849,0.259866771166561,9.80327682385812,650.041675909457,105.02357358063,-444.623244126018
64175,999,-0.331809971493581,0.259426949581857,9.80376979760641,658.480954008611,110.448192238601,-433.915864991158
64185,1000,-0.331183740003679,0.259062698460928,9.80402726667292,670.797698565467,97.3017743477707,-444.073625805408
64195,999,-0.332200440623873,0.258598793516455,9.80381026133731,658.155785445874,92.5749135658505,-441.838291234195
64205,1000,-0.331531634020353,0.259406979285382,9.80359368445164,675.76865539414,105.135860282899,-445.969809011514
64215,999,-0.332690884038563,0.260147727429017,9.80319548087308,684.0717032619,114.623129274697,-450.338394390787
64225,1000,-0.331452870501136,0.260474061095125,9.80333665915758,661.048681706473,116.245372170158,-433.878205958079
64235,999,-0.331732445702118,0.259600001674522,9.80303815491204,672.803929626445,105.160187336843,-440.985530076091
64245,1000,-0.330722970275413,0.259878836861235,9.80146908822292,665.159686809651,110.446607998914,-438.687366263424
64255,999,-0.331474612460004,0.259537577321688,9.80267061243124,671.13983431953,101.001778592716,-437.244384350212
64265,999,-0.33222475870698,0.260389235788892,9.80242765224881,649.373814955581,110.77987396647,-434.493541904713
64275,1000,-0.3319831416924,0.259128397869103,9.80250396371904,678.331255315494,104.145785781263,-445.585076187087
64285,999,-0.332344766629777,0.260134787364665,9.80391777995917,676.387457310899,102.33187152087,-440.737954255996
64295,1000,-0.331217625368531,0.260859705630846,9.80264752740558,667.418142885152,112.19758114227,-435.774389164186
64305,999,-0.331870297629962,0.261538045395313,9.80342859024234,640.191343699319,121.11878181604,-440.655428982631
64315,1000,-0.332103548646085,0.260844901415717,9.80233740529653,646.253553190964,123.661466414017,-443.963702141286
64325,999,-0.331685745671559,0.259745502916348,9.80333506969226,661.728139412711,115.53944444895,-447.009875031733
64335,1000,-0.33117979871232,0.259292183557406,9.80349898333514,662.30937621032,112.198455330675,-452.180496034415
64345,999,-0.332296094440693,0.260381496416283,9.80393244333349,648.933165247534,128.270270762471,-434.933676695993
64355,1000,-0.331912479974244,0.259469309048151,9.80371764969554,649.564477711877,120.997618266651,-445.310267026781
64365,999,-0.33232751346167,0.259457901875761,9.80474453045939,658.881532264579,106.407882838915,-437.326909623577
64375,1000,-0.331829475190469,0.259172960104614,9.80325754042772,662.769118912491,103.527781195795,-439.731641072583
64385,999,-0.33091164777717,0.259725569301962,9.80278110748125,655.00080952507,105.519786577593,-447.972669887658
64395,999,-0.331381273879239,0.261317938812037,9.80397118124817,653.147873572499,118.005691820903,-435.346303062818
64405,1000,-0.332511631222451,0.260150440246119,9.80384614388822,662.896468615281,110.402220061648,-441.820190690904
64415,999,-0.331261081059611,0.260101077606011,9.80238189308844,668.627067266979,112.207596117683,-436.804249558933
64425,1000,-0.332330949659637,0.25992457550479,9.80132334584388,663.831912760704,124.739391880144,-443.826297561133
64435,999,-0.332117025717322,0.259609486880962,9.80165373682875,658.082254202338,108.715840480447,-440.21529419135
64445,1000,-0.330903579250297,0.258940534245166,9.80305915159071,667.858930252826,94.5528774326222,-445.337747942813
64455,999,-0.330785741066006,0.259896714337157,9.80319294809166,663.703494675323,97.1973908963322,-437.244384350213
64465,1000,-0.331888472923647,0.259119452699515,9.802612910965,681.730001889109,95.6292007625521,-439.676679240523
64475,999,-0.329849563290448,0.259328829407891,9.80334316736014,674.822139748943,89.0363271552331,-432.292867948314
64485,1000,-0.331455775875967,0.258711202538629,9.80322120438559,671.751510391775,89.3366735447564,-448.855305194721
64495,999,-0.33166092323745,0.260043676214489,9.80135981914011,670.647316096043,92.200768218175,-437.106842227937
64505,1000,-0.330021246669184,0.260378139769712,9.8019996122645,683.881420976006,107.707555452346,-442.452251759606
64515,999,-0.33137963915905,0.259861355897956,9.80375768324274,675.978113922399,117.299482126838,-439.857684673436
64525,999,-0.330804722074526,0.259344196909355,9.8029719810495,689.820913629532,118.795172872505,-440.655428982631
64535,1000,-0.330754773389639,0.259715345718148,9.80221198183599,684.683550098123,108.650575370941,-438.52248076724
64545,999,-0.331166869940635,0.259787204118302,9.80238556984872,684.91037536825,114.124967166229,-438.839872968602
64555,1000,-0.33024721486057,0.259395446295813,9.80402638136479,678.672181265788,122.218458698357,-441.62782427869
64565,999,-0.331866505849372,0.259512483209993,9.80454606758288,672.214347551779,118.391353228099,-438.344721328411
64575,1000,-0.330931759566531,0.259058069975275,9.80351437323482,666.777300448751,114.892749770768,-432.641564736705
64585,999,-0.331016907342762,0.259813518959909,9.80260081050771,663.360712112731,119.641579166201,-441.81078280974
64595,1000,-0.330706016025039,0.260780177846541,9.80388882906416,671.018444922141,107.36181177925,-442.782022751972
64605,999,-0.331513775600045,0.259409322779411,9.80417324846748,676.742729284377,105.466891928503,-438.564788724051
64615,1000,-0.330767858705406,0.260128244874707,9.80463964101704,665.033258478318,112.973885437024,-440.748434965713
64625,999,-0.331772298219222,0.260043627342831,9.80437096796962,658.992000215881,125.376216511676,-443.818897794954
64635,999,-0.331232416862651,0.260203902255454,9.8045736456321,666.097121989162,122.528952480616,-443.18620403249
64645,1000,-0.332107059309038,0.259425869477161,9.80170563081727,664.894473029802,117.116951721108,-447.343854813041
64655,999,-0.33149522886106,0.258994898993173,9.80399775771084,670.235815149046,116.641272871838,-441.783274385285
64665,1000,-0.331169589316182,0.260660390386557,9.8023890342428,659.148138855414,107.966172625985,-442.562175423728
64675,999,-0.330460474660919,0.260490662119732,9.80299069327207,662.21747995387,108.147166554867,-442.96613663685
64685,1000,-0.33177110223752,0.259639023787285,9.80348750305231,654.05385581075,120.505571505104,-435.582022751972
64695,999,-0.33095846853757,0.259770915767232,9.80345290420468,662.829981701932,105.975502517666,-443.103678759125
64705,1000,-0.330875493303558,0.260323841761558,9.80269522147985,679.254414195249,117.045469580328,-435.224770843576
64715,999,-0.331525260892573,0.260077399500216,9.80216596473961,686.390988738888,116.869971638002,-434.906168271538
64725,1000,-0.331871189682289,0.26024551168782,9.8019037577873,688.550180073397,101.854471212985,-439.731641072583
64735,999,-0.330239128864537,0.260669604591762,9.80186753239209,679.14469500273,115.707689193367,-439.610108853341
64745,1000,-0.329929171566225,0.259578005620002,9.80376230599452,682.039199752264,116.376960898764,-445.640038019149
64755,999,-0.331510012317842,0.260874163839243,9.80212809044853,669.083441010304,109.893812389183,-432.622969041774
64765,999,-0.331653895814506,0.259803554326664,9.80179296542492,669.161571092792,122.102061335337,-436.446640041017
64775,1000,-0.331479038877064,0.25963637751843,9.80403633886302,668.40591668144,104.370428546153,-449.927060919911
64785,999,-0.33264971276563,0.259414753668382,9.80401780089094,695.722018762199,108.064923770055,-452.704118893917
64795,1000,-0.331949936959283,0.259879180707321,9.80243115598173,688.99652057205,118.957894052459,-441.490419698537
64805,999,-0.33210652428377,0.260636646825252,9.80448921470924,670.887900393773,104.389010704584,-441.893308083105
64815,1000,-0.331643519881678,0.260339975922729,9.80362693797597,665.677730432352,105.081332310208,-433.081259393193
64825,999,-0.332149504984095,0.259975078417801,9.80279707432814,674.10119549412,104.198672980989,-446.817316060548
64835,1000,-0.332067622017656,0.260543460817414,9.80329594679576,671.335557561724,104.252759074316,-447.371335729072
64845,999,-0.332053975854677,0.260149222342743,9.80338511587131,677.99728406147,106.537689258549,-438.262196055047
64855,1000,-0.332278596277879,0.260665708526987,9.80387466722904,672.792504372132,111.018167326775,-451.328587637469
64865,999,-0.331576381538329,0.2602507444018,9.80143095193863,661.772808126386,111.89346300055,-437.244384350212
64875,1000,-0.331932409468999,0.261909190329633,9.80278816392767,661.674802148004,109.685476234715,-438.110267026781
64885,999,-0.33151937479944,0.260535263883929,9.80349135040423,656.478471804778,101.960239980499,-447.890144614293
64895,999,-0.331822046868939,0.260349043150435,9.80371927047733,652.559919502506,118.361744447259,-452.319000951546
64905,1000,-0.332316062308368,0.260839624346573,9.80357980786403,655.359214422414,106.789656649654,-442.836984584033
64915,999,-0.332991946042964,0.261017406182054,9.8039521569751,658.574743667352,96.2665332733725,-441.013038500546
64925,1000,-0.332149666356359,0.260111340528879,9.80292060625847,656.48649535362,91.5676279282889,-445.420190690904
64935,999,-0.333012076782225,0.259840719502916,9.80352572477543,648.954744811988,82.7498643135561,-447.917653038748
64945,1000,-0.332306352121801,0.260447350006061,9.80300524495732,645.068161660897,92.9071556317464,-448.690419698537
64955,999,-0.33240997998649,0.260503466736243,9.80326010635355,668.282877426988,98.5352636098663,-442.993645061305
64965,1000,-0.331911522030771,0.259947817558568,9.80188448159529,670.15942644962,92.3224073165364,-452.592709774874
64975,999,-0.33341765509811,0.259831347689733,9.80241817978743,661.124663523683,85.0923585444062,-447.367484549648
64985,1000,-0.332994727418983,0.261225225288623,9.80214518074064,669.702204551004,114.76631087811,-441.188129622201
64995,999,-0.332597048680868,0.261086412472872,9.80376200015754,680.540753010592,92.8653217815199,-451.933883009176
65005,1000,-0.332433181402286,0.25980480329149,9.80448515134526,655.152237245575,105.864900909074,-455.753015118385
65015,999,-0.333470442993393,0.259990739599765,9.80451780066237,654.06955648941,109.991648363525,-452.979203138466
65025,999,-0.332448994701545,0.259996901617808,9.80418096045921,660.42555000599,99.7679394401455,-445.771995931258
65035,1000,-0.332203719883616,0.260858422600501,9.80456128804384,651.549625089217,92.1794885370669,-454.186602904645
65045,999,-0.331541799151381,0.260146868482418,9.80470018729145,660.058849121787,104.450214248184,-452.016408282541
65055,1000,-0.33227262742458,0.261244215257965,9.80336201644233,665.090186599074,98.7004576763084,-455.917900614569
65065,999,-0.331595663339502,0.260663732157441,9.80395340785529,666.06258923664,113.363016227494,-457.875702691454
65075,1000,-0.332303687174681,0.261204314007506,9.80451638707962,663.397675896849,116.48405699739,-457.099580003881
65085,999,-0.33214186588372,0.260397228477124,9.80312683801541,652.145882233265,101.230686612555,-449.155532139223
65095,1000,-0.33154903940302,0.260909256330805,9.80395447793572,654.776440491409,104.000559385685,-444.568282293956
65105,999,-0.331869296810582,0.260728230491697,9.80441535928114,648.51292431778,115.948473485719,-456.720348864344
65115,1000,-0.332951095618664,0.260020109478122,9.80423536848933,659.478156772464,109.118544258314,-458.473625805408
65125,999,-0.332371046868749,0.260746395870127,9.80268432706602,660.843683113162,95.9908961874047,-448.330279405573
65135,1000,-0.33194495529948,0.260164087384434,9.80466237579718,670.808431054905,95.916484581552,-461.551488400828
65145,999,-0.332045760550529,0.26057844109887,9.80341255593463,656.604718098466,88.5857460035154,-458.480888029464
65155,999,-0.332395991526515,0.2601821254278,9.80372253893041,669.659640486105,73.7162962703625,-452.346509376002
65165,1000,-0.330935136850816,0.260952011786312,9.80525286982605,680.291614621128,87.8511184103053,-455.560648706171
65175,999,-0.33156872009137,0.260543587579831,9.80417887195065,662.643385515808,90.0910118839737,-449.458124808227
65185,1000,-0.331767335946551,0.261435601319396,9.80513123871442,659.557418695945,86.9666509329307,-457.978969316858
65195,999,-0.332123391572532,0.261256148006918,9.80532889719783,664.357518444225,93.2376144484901,-464.835334078566
65205,1000,-0.331142084646484,0.260006812301236,9.80483753314002,668.430701499664,81.5618056185942,-460.672099087851
65215,999,-0.331473003904278,0.259121803906816,9.80385097554043,680.304626438613,77.6657826633906,-462.056983208613
65225,1000,-0.330877206936034,0.259928023204646,9.80439702627588,662.312598326857,96.9392733025706,-451.713320461896
65235,999,-0.331085276265377,0.259518489496567,9.80537195720586,666.640950264622,87.8716643965561,-462.001966359703
65245,1000,-0.331755045628744,0.260048910342357,9.8037920506708,677.228799264475,96.5348698958742,-437.258358629835
65255,999,-0.331517263524298,0.259052325616977,9.80363553971617,678.199790918738,93.0015356609998,-449.678192203868
65265,1000,-0.330858452453177,0.260050375814328,9.80481030732546,676.77990478133,86.0658235156575,-454.433931148919
65275,999,-0.331329108856527,0.259629880226041,9.80473497992141,675.903437619614,77.1548247923104,-453.941997994391
65285,999,-0.33209585790696,0.260498644546044,9.80439008915001,666.493654021774,82.6451281664235,-451.411222944532
65295,1000,-0.331782626770666,0.261410196819707,9.80622164451576,663.020805524083,77.3497204304105,-444.073625805408
65305,999,-0.332641227665455,0.260974374095139,9.80474735454139,658.803858293311,75.9106928173964,-450.943579728796
65315,1000,-0.331353788734019,0.260688423305566,9.80395349347539,655.096094585044,74.6357988242466,-448.690419698538
65325,999,-0.332114568312078,0.261129934555582,9.80429118040356,665.128611075741,87.3868349006335,-455.840079281785
65335,1000,-0.332101489696165,0.260662829737679,9.80488085282594,659.771134582957,97.1557796616513,-463.007976950446
65345,999,-0.331946081370562,0.260659889373268,9.80423442942582,658.200738037271,90.1839781519724,-448.247754132208
65355,1000,-0.333042105337715,0.261072529588227,9.80482984800389,661.606632231011,87.0807596682188,-446.024770843575
65365,999,-0.333061274416069,0.260284901435885,9.80406073588824,668.950237006363,82.6129523320595,-451.686307189081
65375,1000,-0.332552576595854,0.261015845672773,9.80440076966204,666.035117189671,84.841109221084,-447.701106721438
65385,999,-0.331766403262908,0.259317043943605,9.80477185695359,687.343325631787,86.2807204304399,-463.790013949277
65395,1000,-0.331989828188362,0.261147413298016,9.80294954049882,680.060877886827,88.3290888121292,-460.12248076724
65405,999,-0.331946728385818,0.26086274492195,9.80355250825644,683.579308126119,101.143918279174,-457.600618446904
65415,1000,-0.331159765298049,0.26037624980355,9.80449529147014,667.487496468945,109.487226779797,-448.443091454262
65425,999,-0.331415141441616,0.261706892511329,9.80329482292619,663.481270394558,87.091334570557,-453.639405325385
65435,999,-0.33191301182404,0.261318514665626,9.80347908207435,659.007004185242,94.9737332952955,-453.336812656381
65445,1000,-0.332148457750632,0.260813257077248,9.80319728595144,649.018145806822,96.2112139158391,-445.997289927545
65455,999,-0.33168101141405,0.26095711074917,9.80498187630152,668.195309716898,97.2955121910167,-448.605363650123
65465,1000,-0.330708321731606,0.261100504112776,9.80491095152558,670.082665486596,92.2114988849843,-448.195763209988
65475,999,-0.33084382934327,0.260800472354137,9.80394320774538,667.128707235614,89.4272866334737,-450.558461786427
65485,1000,-0.330758050755317,0.260972790822396,9.80370244494016,680.958647085295,86.7012871486612,-450.641564736705
65495,999,-0.331256215330778,0.260489282970022,9.80416689797366,673.171449933548,90.5826380317133,-457.160483655624
65505,1000,-0.330367124795473,0.260509440824181,9.80474156164651,673.302275059635,101.7700579384,-450.33927466037
65515,999,-0.331086016145226,0.260575681435779,9.80457196000135,675.65214884585,94.39881668076,-448.165228858842
65525,1000,-0.331562930294827,0.259101029179284,9.80517308782576,683.752344770345,103.219465078055,-445.035457866476
65535,999,-0.331179630657232,0.259542491285893,9.80506152618922,673.500186137689,92.0390895554904,-444.424083132964
65545,1000,-0.331315793280126,0.259915622975374,9.80576713050158,679.474445479795,97.9048092176854,-450.174389164187
65555,999,-0.330993141516623,0.260419400301035,9.8055075091958,658.339522215849,87.8967264183347,-449.183040563678
65565,999,-0.331214785729556,0.260020296900989,9.80519942161566,667.298631406116,87.2109009310188,-444.259032586234
65575,1000,-0.331020430389263,0.260710309298584,9.80623782072434,679.989760780959,71.707263636876,-454.708740309224
65585,999,-0.330722657960835,0.260088777835451,9.80574629486041,673.500848257588,76.463336311836,-442.223409176565
65595,1000,-0.331044508045972,0.259458198142036,9.80395764235291,667.791049045246,78.0148466830801,-440.61103038556
65605,999,-0.330759757198992,0.259544440849955,9.80493049873527,676.047558945589,78.1162791826452,-449.623175354957
65615,1000,-0.330529097451834,0.25932806869473,9.80502489236882,665.821745083833,80.5229798380494,-452.070572370294
65625,999,-0.33088076635932,0.260110484347306,9.80479782339512,678.981759061196,88.4877974810897,-451.411222944531
65635,1000,-0.330834673135551,0.25948429294169,9.80549141737818,680.753797427759,89.9762063591468,-444.046144889377
65645,999,-0.329828169641127,0.258079752477557,9.80507412935129,679.971762528965,89.6870807002003,-460.544019863587
65655,1000,-0.329916340487895,0.259719515254174,9.80610568507222,686.855803695439,74.6653198066001,-447.069045652736
65665,999,-0.331075371445462,0.259345744970806,9.80368749527314,669.399758215349,72.5710753463479,-447.835127765384
65675,1000,-0.331782021634273,0.260473534515644,9.80465265059897,662.600065366651,84.7817909795939,-447.563702141286
65685,999,-0.331058339125881,0.25989679183879,9.80365981692742,662.425081995522,96.4368345414726,-446.899841333913
65695,999,-0.331630217685189,0.260473345020473,9.80353099452265,675.467050734097,81.443484415858,-445.469403262253
65705,1000,-0.331731477298321,0.26096446313743,9.80330254742813,672.303449630565,89.0143851028248,-446.546908248156
65715,999,-0.331847544203176,0.259885753016248,9.80519030986796,680.683477754812,77.6549061281186,-444.121490463959
65725,1000,-0.331143778218853,0.259058513889941,9.80514635029729,680.527975327564,72.9836992066342,-441.600343362659
65735,999,-0.330754897445354,0.26024713652668,9.8051843860935,675.691403344355,75.2680608501641,-450.200852268512
65745,1000,-0.331207573287462,0.260348368162091,9.80432924086947,675.276454051942,87.8998450900132,-442.727060919911
65755,999,-0.33235611752767,0.260331970870943,9.80446564430817,666.980034933261,79.1525043081486,-451.493748217897
65765,1000,-0.332013211867591,0.259067925002973,9.80439528654238,673.606027610295,100.656513953449,-438.797289927544
65775,999,-0.331731450355094,0.259924793838229,9.8048815170279,669.467963424382,96.943134986126,-441.508190140736
65785,1000,-0.332152814006958,0.25970083450782,9.80407913795368,659.965832696394,98.2553098948793,-446.354541835942
65795,999,-0.331295240383033,0.258772129212,9.80543981668694,668.525786695295,93.8679622772086,-451.328697671166
65805,1000,-0.331601819780973,0.259806865663624,9.80505383092473,679.223407794514,99.8714418451583,-441.902633438996
65815,999,-0.331070285324561,0.260544997801069,9.806428413126,666.555996577442,102.357802086643,-448.797922621307
65825,999,-0.331406625048599,0.261654864672061,9.80577351427837,668.013377819491,101.977671303293,-451.796340886901
65835,1000,-0.332017101020237,0.26036566351789,9.80627010547494,661.143445620755,110.620368271059,-448.553015118384
65845,999,-0.331307087353088,0.259230624490855,9.80595201204322,672.187879567451,94.3543561275951,-447.450009823013
65855,1000,-0.330829953486031,0.260135036440858,9.80575027364179,672.824631758693,99.1252031059341,-448.910267026781
65865,999,-0.331708063112246,0.259409542831454,9.80520599613767,663.428741494393,92.8260169664134,-450.145835419602
65875,1000,-0.331429144819081,0.260248152100876,9.8038479576279,661.914366193133,102.064251184116,-446.876679240522
65885,999,-0.331850518228742,0.259521463509337,9.80501535768318,663.056129781133,106.68789019215,-447.890144614293
65895,1000,-0.331593360483835,0.260093873073831,9.80475686516757,663.714462113821,100.769398437683,-441.435457866477
65905,999,-0.331474428525576,0.259986569737657,9.80381671687253,674.924845024834,88.9598823963338,-448.330279405573
65915,1000,-0.331407088627834,0.26051692402414,9.80461858440981,680.92542635048,85.1036088011668,-444.513320461896
65925,999,-0.331390405983165,0.260427618093422,9.80577967838861,683.790648723361,96.0157787172364,-445.827012780169
65935,1000,-0.332088634647556,0.259521499492742,9.80421119308473,685.338412057701,98.6629970015117,-455.395763209988
65945,999,-0.332466026819478,0.259642871028674,9.80446969649795,673.563962903528,107.559015259973,-460.213918770129
65955,999,-0.331590519922219,0.260563505083674,9.80494072786384,673.887939845016,107.643511718728,-447.560043520833
65965,1000,-0.33214369674045,0.26068512483286,9.80565009963283,675.136368322164,96.4227680661025,-453.389656339759
65975,999,-0.33211815661043,0.259787679071653,9.80575376887114,684.82181564197,100.26144603372,-460.158901921218
65985,1000,-0.331873029855045,0.259422626586612,9.80635670683979,688.685418430968,98.5317981179502,-459.490419698537
65995,999,-0.332064851446416,0.258410444393746,9.80631284629357,688.47734827841,84.2705430933489,-450.475936513062
66005,1000,-0.332214190546164,0.259707858297512,9.80545131340475,691.013947051854,94.368347695679,-453.252251759606
66015,999,-0.331872666338249,0.259464729874079,9.80456317576906,674.545265690963,81.8373490508876,-455.289910792685
66025,1000,-0.33213629418611,0.259892294229244,9.8051430916848,683.565996430362,81.4875770036656,-454.626297561133
66035,999,-0.33192419450533,0.259600491515418,9.80595002973858,678.612694654698,85.3001632553744,-460.654053561409
66045,1000,-0.332106965697088,0.260088861564548,9.80708220452021,679.492341247344,87.6122633873775,-448.635457866476
66055,999,-0.332054560826351,0.260591953494331,9.80493885544142,683.926364682046,106.744248621911,-462.332067453162
66065,1000,-0.331686594379357,0.260224223892802,9.80663172187779,680.211966601459,110.873950513635,-459.875152522965
66075,999,-0.332822656075904,0.259682558156121,9.80426586407843,683.39491428519,115.041200727439,-451.878866160267
66085,1000,-0.331822275934429,0.260665662430497,9.80394094097948,692.343546772924,102.301122796753,-464.491946416095
66095,999,-0.332404410978219,0.259427317323123,9.80467475426487,685.710390766933,105.001056119608,-459.416174460934
66105,999,-0.331913318037941,0.25958633077616,9.80525100877346,678.815294538217,101.137835328086,-463.817522373732
66115,1000,-0.332458523296661,0.259240262150966,9.80509983121086,687.339887903147,101.108032143901,-455.423244126019
66125,999,-0.33206464932621,0.260045102235628,9.80446794693583,692.103746055509,114.618491240666,-456.610315166524
66135,1000,-0.332757091993038,0.259334422866604,9.80559227672727,685.228727458598,116.068651658043,-456.852251759606
66145,999,-0.332183434370897,0.2599378525894,9.80484128051769,679.42449713435,107.995528480541,-450.613478635337
66155,1000,-0.332123802697774,0.260426765501079,9.8068915571335,692.74340826343,97.5675665420934,-453.004923515331
66165,999,-0.332747391726494,0.259077347524395,9.80567710321056,673.208811356052,109.82049134799,-462.112000057523
66175,1000,-0.331279624419153,0.259520981280432,9.80452179937577,678.351469970277,99.2139485365753,-456.659885347392
66185,999,-0.332222957048928,0.259989282754511,9.80547577078771,688.283331041724,93.4368114844879,-460.736578834774
66195,1000,-0.332593592544606,0.259672254048202,9.80531412068601,679.39622074363,95.109997401125,-453.197289927545
66205,999,-0.332585856417737,0.259177515712589,9.80558378031383,673.880009506238,101.414271308192,-450.943579728796
66215,1000,-0.332663231268348,0.259849121055755,9.80488318740507,664.058401181177,101.820643602366,-463.832404431362
66225,999,-0.331912302367975,0.260051195416836,9.80466740372444,668.756131798231,102.883043131988,-459.196107065294
66235,999,-0.332745671381424,0.260280625145016,9.80504074235696,660.933213994975,108.789737694818,-453.089236836286
66245,1000,-0.332778933383637,0.259120621508386,9.80607785108109,681.02499793471,106.697689678048,-455.313320461896
66255,999,-0.332502248228167,0.259791016052504,9.80604824628439,680.92119712744,100.477402564457,-459.058564943019
66265,1000,-0.331608269987573,0.259195394753499,9.80513340587334,674.419674784051,91.9880351822717,-459.820190690904
66275,999,-0.331466717845486,0.258939568228186,9.80541230661311,675.86388090284,89.8171207148071,-463.349879157997
66285,1000,-0.33069508575793,0.259469073576307,9.80533484083012,678.633332725132,95.5278920844456,-464.024770843576
66295,999,-0.330539891602608,0.259549571108901,9.80567846344117,669.858766692722,101.666361182411,-457.18799208008
66305,1000,-0.330652126733865,0.259270414414861,9.80457478845697,670.258229708362,111.104866941542,-457.429350996247
66315,999,-0.33103302502712,0.260175783045598,9.80594607176826,685.315675964324,111.175382772013,-461.341764172783
66325,1000,-0.331398530845535,0.25952126443975,9.80581684413707,672.946304001003,98.1179144426695,-460.836984584033
66335,999,-0.331640262998964,0.259505272101862,9.80638083169778,669.150788683444,103.315905810955,-451.686307189081
66345,1000,-0.331128055945667,0.258630680382747,9.80647055461844,677.761775574947,108.176934253162,-451.246144889378
66355,999,-0.331445637597713,0.25960304215811,9.80594561543144,676.315336484412,110.589337576085,-460.929137805958
66365,1000,-0.331000385665069,0.259980348148714,9.80547308110758,685.35338458676,95.9344226031533,-463.612557103118
66375,999,-0.331195821074663,0.259039388896844,9.80469733832524,688.33387809025,97.1234052288181,-461.809407388518
66385,999,-0.331463711661476,0.25990089916772,9.8057108932755,668.951392177998,75.9079063459606,-458.535904878374
66395,1000,-0.332241212754171,0.260199966406835,9.80512683695916,674.204482144344,85.2794143365566,-464.272099087851
66405,999,-0.332004390083884,0.259275003179868,9.80597256533818,669.319593125057,87.8533475555002,-458.535904878374
66415,1000,-0.332663058623377,0.260093713551822,9.80641355715125,677.866741862224,110.150087252491,-461.963702141286
66425,999,-0.331966056770491,0.259507249136564,9.80440625732866,680.832401499405,126.788696679025,-461.451797870603
66435,1000,-0.33187990046728,0.259583364319924,9.80573805520361,686.389395349636,118.678269664863,-464.574389164186
66445,999,-0.331595774923897,0.260353765238532,9.80685494233408,688.554472233543,115.403735580768,-466.788432214871
66455,1000,-0.33151629738743,0.260652521293319,9.8053954519956,687.636687992549,106.613031367345,-466.223244126018
66465,999,-0.33149705145879,0.259905183085652,9.80684077655097,678.289915528557,121.114046582892,-472.345133954779
66475,1000,-0.33189926294413,0.259597358188119,9.80713393382866,677.387577379738,99.8910760756707,-470.675152522965
66485,999,-0.331362746884302,0.260490466133735,9.8052100704382,683.016317530537,107.50884498565,-459.058564943018
66495,1000,-0.331445330977679,0.259515530788107,9.80643448553255,696.053467701533,110.838491864119,-468.366755576401
66505,999,-0.332245085195427,0.259352233590847,9.80619475918041,683.544388669789,114.089835629641,-466.23826372577
66515,999,-0.332026250354315,0.259012333131188,9.80639251475886,679.94274097693,103.400512248416,-464.972876200842
66525,1000,-0.332388136408902,0.259594856349277,9.80583056002645,682.145736712206,95.8724318203938,-460.012557103118
66535,999,-0.331975261302706,0.25943926403621,9.80669361676177,682.144109342589,104.896909273916,-461.451797870602
66545,1000,-0.332563621697714,0.259172920495788,9.80598326064144,678.023340922436,102.060035165417,-461.743854813042
66555,999,-0.332052196715493,0.259638841118196,9.80499820358735,686.801639707262,106.869465919633,-449.513141657137
66565,1000,-0.332819389069248,0.258625861936637,9.80521429806422,679.93555958157,111.677961564705,-467.020190690904
66575,999,-0.331905601758898,0.260644776715936,9.805732089613,679.663971235373,110.472449524095,-465.550553114397
66585,1000,-0.332394358572933,0.259283805352733,9.80618501639886,684.737596974267,99.3322345254264,-460.974389164186
66595,999,-0.331345791782023,0.258902689206392,9.80564098471443,684.209338562715,105.957371821143,-462.552134848801
66605,1000,-0.331349585910118,0.259540721181625,9.80665622922763,691.73553530702,116.581282867955,-461.853778477164
66615,999,-0.333070660114269,0.258784048031943,9.8058474987884,695.699831107231,118.03588558779,-459.306140763114
66625,1000,-0.33252177487445,0.259500874025377,9.8065229297046,691.73732441047,127.171086132137,-458.03393114892
66635,999,-0.332207996111075,0.259311433409713,9.80558997042449,686.654237885192,128.996261886454,-453.061728411832
66645,1000,-0.332473771246943,0.259448512522639,9.80582701657524,690.319859366597,122.555816064598,-458.885839545866
66655,999,-0.331784513116105,0.258572790116155,9.80447588974632,689.090261012274,125.560930977819,-450.283377541877
66665,999,-0.331804521845451,0.259696433511582,9.80508155653047,681.795981568544,123.872591531737,-459.333649187569
66675,1000,-0.332555443501638,0.260192102266321,9.8055094058373,689.945971443974,119.112842703918,-462.650725042049
66685,999,-0.331191575861177,0.26015152217077,9.80582641209909,691.593652296721,120.729436748385,-473.005336141698
66695,1000,-0.332516817891044,0.259181036432774,9.80601655287205,699.723559770659,123.39939943251,-465.316373897011
66705,999,-0.331578286121617,0.259862476172489,9.80519860135822,701.003570411327,89.40231111304,-469.566783084825
66715,1000,-0.331965419471661,0.260520926759006,9.80515939927462,688.402482386763,92.2221907761941,-455.588129622202
66725,999,-0.331950148420728,0.260114245804216,9.80636157884799,688.328815854183,83.2063339509697,-465.550553114396
66735,1000,-0.331760861230192,0.260597078375857,9.80571533226247,698.564997218049,107.90208841613,-468.696526568767
66745,999,-0.331499221604599,0.259715755360452,9.80646276900127,698.019214548739,94.3991656238693,-471.574898070039
66755,1000,-0.332088376798949,0.259752031875815,9.80567683420853,680.714027349113,104.467527710587,-462.623244126018
66765,999,-0.332900096521775,0.260084117176097,9.80766429120985,687.131229855728,106.410556372666,-454.21708223894
66775,1000,-0.332080937254224,0.259220133338294,9.80809476415305,703.582454960234,98.8923742486378,-457.291946416094
66785,999,-0.332504271243184,0.259918772488115,9.80731193929607,695.797270315864,114.234155224228,-460.516511439133
66795,999,-0.332135505479364,0.259419977049853,9.80749655400935,693.459324677514,117.045390288424,-464.532741409562
66805,1000,-0.33299319606478,0.259200817517002,9.80708015212715,705.721322871303,119.937679753857,-453.746908248155
66815,999,-0.331601548977208,0.259332382413058,9.80667318496644,711.24790031421,130.576309885648,-465.440519416577
66825,1000,-0.332818379420463,0.259079592171855,9.80656913074266,708.72930316121,116.282300236558,-471.527060919912
66835,999,-0.331809216040679,0.259347757885583,9.80780905899529,691.614635666106,115.71483167228,-468.796547200085
66845,1000,-0.33203613325139,0.259510032494415,9.80568479276395,680.183759139979,122.80180589834,-460.589656339759
66855,999,-0.331650185900389,0.259287513534097,9.80820783363223,678.738036509474,113.846387023101,-453.997014843301
66865,1000,-0.331238604793873,0.259828346869577,9.80743093469675,679.671377689888,111.475821607126,-463.035457866477
66875,999,-0.33180762323879,0.259177622398653,9.80802273662767,682.485701251882,92.5426718706905,-468.411429257715
66885,1000,-0.331452678626514,0.259842514235843,9.80759378768943,692.583988394914,111.216803823621,-480.073625805408
66895,999,-0.332154182894145,0.258774293052631,9.80633744344407,700.652105715116,104.678987424549,-464.752808805202
66905,1000,-0.331895232235816,0.259434574738841,9.80733681248833,695.228597059604,102.786388024155,-468.421717408461
66915,999,-0.331517124235933,0.259414605586128,9.80729250336477,697.613010233634,102.492264356682,-455.124860245955
66925,1000,-0.331525437820757,0.258797940156878,9.80723169946261,712.160814028317,99.0840324329628,-476.281259393195
66935,999,-0.33095395908275,0.260381557314363,9.80767673834042,698.974366935729,90.610620675115,-456.032638252969
66945,999,-0.332020540865892,0.258906092049484,9.80576482222102,702.021466222164,96.3981524236434,-466.210755301316
66955,1000,-0.331754072311649,0.25908929348087,9.80784133304645,723.21568267754,76.4684858638422,-460.342328095484
66965,999,-0.333132353281676,0.258345510412142,9.80676844136863,706.037491162561,102.985087500411,-465.660586812217
66975,1000,-0.331732419762223,0.259072709541132,9.8078022734617,702.44454769738,95.3107541953282,-462.238511301591
66985,999,-0.332157786486481,0.259199197466136,9.80689880128745,692.75316305913,104.104809584414,-457.408059475719
66995,1000,-0.331965162064395,0.258808179602727,9.80599853818878,696.478863031972,99.0672424439699,-461.936221225255
67005,999,-0.331603898799971,0.259222123124212,9.80714773283458,686.528455275944,95.227089937663,-452.731627318371
67015,1000,-0.331426009629716,0.258893225723282,9.80620376192662,683.828925409397,99.3152601187228,-467.32248076724
67025,999,-0.331647160222735,0.258208707804613,9.80709227705245,701.120388954582,95.1636632493769,-467.778735495251
67035,1000,-0.33138458725217,0.260205612333408,9.80632871672604,691.407075122325,86.0631467078645,-456.962175423729
67045,999,-0.33204807156922,0.258971672070979,9.80578480714694,694.738847654104,97.9219019565641,-453.914489569936
67055,1000,-0.332195014600755,0.259167080941101,9.80605708174668,682.9841831396,96.8935007829752,-451.3560685535
67065,999,-0.331302251574154,0.259463283269956,9.80559578270505,681.257372373544,98.299655203193,-462.029474784158
67075,1000,-0.331751993989288,0.259450260398526,9.80589605176781,684.754301463065,86.53614757098,-457.731641072584
67085,999,-0.331659348967767,0.260523916474387,9.80634814895793,673.48214596219,85.6432813994251,-458.838497547378
67095,999,-0.332662173668266,0.260368144155015,9.80616855124563,672.094623130808,102.403555810479,-455.014826548136
67105,1000,-0.331817898631517,0.259143644076159,9.80735262269387,681.174679955881,111.50522694116,-457.264465500064
67115,999,-0.331547732692072,0.259855087365668,9.80687269861334,676.051370636196,130.611739737584,-454.82226757695
67125,1000,-0.332163399149086,0.258611713865214,9.80771159412132,678.488788590826,128.901461689088,-460.232404431362
67135,999,-0.331432855148163,0.258687091856205,9.80627221238386,681.854767003645,116.043446033026,-457.298025777899
67145,1000,-0.330921551023992,0.258673913212929,9.80657956855601,674.564041562322,116.091434380354,-462.870572370294
67155,999,-0.332901382679087,0.259382530799759,9.80677958648758,672.251227289,122.444868508393,-460.268935619038
67165,1000,-0.331991990292357,0.258471911176355,9.80707007851704,680.066057667293,121.905120274502,-461.68889298098
67175,999,-0.331281771737576,0.259770712841441,9.80663231810949,677.525846516763,126.536079434539,-456.225197224155
67185,1000,-0.332164857040899,0.259200478208176,9.80798117717179,672.853083108247,108.326794440383,-464.29958000388
67195,999,-0.331093171688313,0.2588478033628,9.80810345658471,677.30143655945,102.120549464247,-457.79317741809
67205,1000,-0.331436638925046,0.258692048183456,9.80648882536322,682.532507278875,111.133693308553,-465.975915881743
67215,999,-0.332032459585628,0.259734748456725,9.80810734701549,685.467362402809,111.389681719776,-468.026311315345
67225,1000,-0.332056202350657,0.258136614663294,9.80757303761062,692.751733984339,109.725161207602,-466.717900614568
67235,999,-0.332464981312588,0.259203446505798,9.80722411287716,694.598835677449,100.160022583123,-466.540856394777
67245,999,-0.331752936044231,0.260087762200935,9.80761431085454,691.652723040685,113.464611341982,-473.693046753074
67255,1000,-0.331682678848606,0.259600008513493,9.80888427974087,681.979059009525,117.453004630826,-465.673625805408
67265,999,-0.332037044329464,0.259890685231881,9.8094933204006,677.420688011784,110.810816709842,-475.756178587198
67275,1000,-0.332073459865424,0.259991322622997,9.80832102883202,680.404164967798,104.616340627331,-475.374389164186
67285,999,-0.331934416403582,0.260199875106087,9.80837157034934,681.196826538413,111.054445795918,-476.718973443122
67295,1000,-0.332133301581648,0.260306066904348,9.80667181500422,689.112343154888,119.25407419453,-467.652251759607
67305,999,-0.33133487902808,0.259893874359352,9.80950710030199,674.526802385203,110.2432119588,-456.445264619794
67315,1000,-0.331999915350966,0.259004061878608,9.80881369880116,698.373938626928,103.522356287178,-460.1774425993
67325,999,-0.331825896368318,0.260161082527514,9.80880454033061,685.241499634101,95.1658217165802,-460.709070410318
67335,1000,-0.331691859232098,0.259779907932089,9.80889072251893,675.983550748923,84.8290804476491,-471.169809011515
67345,999,-0.331333547648236,0.261020424476075,9.80832902331727,688.351694213909,91.9681026796204,-466.210755301317
67355,1000,-0.331208124584269,0.258609144937761,9.80816979986705,685.730885178365,91.6601409686124,-473.972862446629
67365,999,-0.331734286713773,0.25905401602235,9.80786317136997,681.843737036113,113.131216414244,-464.670283531837
67375,1000,-0.331459722070118,0.259006968272699,9.80704747110572,683.876956949776,100.030944074681,-461.936221225255
67385,999,-0.331473530439768,0.260511746814261,9.80597832412634,681.591345436251,102.703500047421,-476.058771256202
67395,999,-0.331177671498215,0.258903106136393,9.80770705189499,694.459095234021,96.1776194231317,-478.011869392507
67405,1000,-0.331614699214522,0.260488124656339,9.80707609651763,696.092806831672,92.554252791126,-473.615610538232
67415,999,-0.331873983159209,0.259618811654117,9.80743099581668,693.372804193,105.287358952373,-472.427659228144
67425,1000,-0.331672707908982,0.259496354453907,9.80725173528888,690.844435048351,105.91900973151,-472.241564736705
67435,999,-0.332008313142676,0.259495149145749,9.80773613430859,686.377731007832,123.942181038244,-466.78843221487
67445,1000,-0.331585584760828,0.25976894054783,9.80726729773451,679.061446045328,99.3807737393319,-465.28889298098
67455,999,-0.331875725470756,0.259000592987935,9.80690355806107,671.277295589966,124.675430635884,-459.223615489749
67465,1000,-0.331479091670744,0.259643406203025,9.80732303136922,682.466914047445,136.926883038868,-460.040038019149
67475,999,-0.331880322456326,0.260031204959341,9.80880521805887,676.592260078591,130.571581549739,-466.623381668141
67485,1000,-0.331267912107491,0.25986541037853,9.80838912399652,669.40950514357,117.110997146232,-461.13927466037
67495,999,-0.332740381632609,0.259595591463678,9.80842574850338,688.959384702356,114.074539815147,-459.993851374489
67505,1000,-0.332618907394273,0.258656049983569,9.8085642587244,687.908174608063,110.750951771707,-464.079732675637
67515,999,-0.333306025319829,0.259604076835169,9.8080736557904,686.690086155612,116.456873112848,-463.487421280272
67525,999,-0.333230967409768,0.259982333599468,9.80764819252115,690.89073193064,113.454058190578,-463.129811762357
67535,1000,-0.331845928237994,0.260094981361487,9.80688232451014,691.338975827746,104.487972399305,-469.163702141286
67545,999,-0.333248870012282,0.259658633871318,9.80844801884711,691.308246757233,116.980216258168,-455.04233497259
67555,1000,-0.333185242868032,0.259903421549869,9.80858571866354,687.500318975662,117.380274810625,-466.607976950446
67565,999,-0.333017506183237,0.258410588226924,9.80846941268225,690.55960833901,113.963301117832,-462.772202244443
67575,1000,-0.333053584636838,0.258369167749389,9.80875542861845,690.526069349091,106.379941809605,-464.601870080217
67585,999,-0.332443327562018,0.258328733382666,9.80866022134442,686.016484476267,112.100158467064,-464.642775107382
67595,1000,-0.333168466269693,0.259278469979401,9.80842852708769,682.366041383607,120.942009667826,-473.753015118385
67605,999,-0.332349807326985,0.259178964141403,9.80797912089698,689.404292567052,126.886431455487,-463.955064496007
67615,1000,-0.331815660353545,0.259514429870603,9.80858264718229,694.255360689367,129.683342256195,-472.131641072584
67625,999,-0.332142133375662,0.259446074526484,9.80786440080924,683.734139280129,130.863882290585,-475.756178587198
67635,1000,-0.332670963828842,0.258782223500141,9.80830154258577,679.93758974843,140.279473792425,-473.643091454263
67645,999,-0.332125470843314,0.259820744351807,9.80845336321779,678.138364617349,136.240835478507,-478.121903090326
67655,1000,-0.332266150977568,0.25896159684606,9.8072289730972,686.856230266041,143.595315744268,-474.934694507698
67665,999,-0.33209382920776,0.258194278515663,9.80869336463405,685.19420918526,125.251868443813,-469.92439260274
67675,999,-0.332825439339944,0.259179809845696,9.80835707460388,678.230714499762,136.687702077677,-485.714228239904
67685,1000,-0.332095627699023,0.260057875223623,9.80870506724786,669.90331409181,129.31138929967,-482.107213591668
67695,999,-0.332369201608603,0.259013730573497,9.80849509885165,661.246364136638,120.17928568837,-472.015032861318
67705,1000,-0.333091820257872,0.259358485186905,9.8099577792589,665.699149799216,123.054277858882,-467.734694507698
67715,999,-0.33251954736661,0.259428170543454,9.80972180916959,687.457377291011,139.639985508487,-465.715603661126
67725,1000,-0.332743992187642,0.259254747696389,9.80814684806005,678.317238723159,136.153599969217,-458.638511301591
67735,999,-0.332048740862463,0.259060569317366,9.80886635547036,697.290160169649,137.480753887701,-471.162271703214
67745,1000,-0.332320425820093,0.259343061179393,9.80850470746961,707.173489967536,122.725535585179,-470.510267026782
67755,999,-0.332347863747202,0.258916949313659,9.80853166492776,705.54920432488,123.271850718214,-479.304765341891
67765,1000,-0.331982984891333,0.25900543951695,9.80940354522318,705.702774682228,123.577367250357,-472.46141206495
67775,999,-0.330945003428235,0.259080660239337,9.81021354144783,712.236143752646,127.539596377177,-475.261026947008
67785,1000,-0.331763317321019,0.25965203622651,9.80903999915102,698.324535780204,128.997998219125,-470.812557103118
67795,999,-0.331564107876174,0.258594434286224,9.8088563111617,712.523466942939,120.724055550567,-480.019984377721
67805,1000,-0.331528434408929,0.258995972996676,9.80911520012044,700.373615513419,137.590961231701,-479.084312828309
67815,999,-0.332883361378745,0.259719534471284,9.8085348422147,685.670205497344,129.746873542331,-466.210755301316
67825,1000,-0.332421057891299,0.258867173617767,9.80837982015766,689.158883059881,125.075540141439,-463.997289927545
67835,999,-0.332037524550668,0.25899841714621,9.80791987979256,695.186699958103,134.638548925387,-471.574898070039
67845,999,-0.331182364213999,0.25893421184688,9.80898595473254,697.030849336013,124.292039521713,-472.620218199328
67855,1000,-0.333185357809237,0.259255830904759,9.80843920606069,688.222305718073,124.790086927573,-458.336221225255
67865,999,-0.331613062879484,0.25976068304288,9.80826601052445,677.585207774455,125.414211003197,-461.616848417333
67875,1000,-0.332756081498414,0.259492941424095,9.80915436969631,689.298804879588,130.336717088036,-458.638511301591
67885,999,-0.331352715608782,0.259046907007304,9.80957756366893,688.999469337129,132.786226469729,-469.53927466037
67895,1000,-0.332093041418807,0.260289427593696,9.80761298271005,697.828455930664,138.750758740614,-473.505686874111
67905,999,-0.331017439869417,0.259972720430187,9.80765281307375,710.903749553263,158.775038465027,-474.215706817718
67915,1000,-0.331705573430424,0.259541814541653,9.80819655619436,690.217139934034,159.056081606419,-464.354541835943
67925,999,-0.330817423110989,0.259160145527274,9.80829772229847,703.217614245835,139.425899452075,-478.727088428336
67935,1000,-0.331857048923418,0.259119796211167,9.80770669685176,685.385754780702,147.427196910217,-471.44461817182
67945,999,-0.3318338099063,0.259572234157321,9.80840225504551,693.075067203791,156.216289491682,-461.974457935248
67955,1000,-0.332179207123963,0.259574113148264,9.8077921387735,684.309870486487,161.195525620894,-467.32248076724
67965,999,-0.33250365726645,0.259123628630077,9.80917783039093,679.093829848027,161.301997923258,-475.508602767102
67975,1000,-0.33178494266198,0.259068739370327,9.80956865914033,682.524049146268,150.141672148958,-466.085839545865
67985,999,-0.332001247795126,0.258912100655505,9.80704376476026,677.51186440975,158.611532226235,-460.461494590223
67995,999,-0.331809528303566,0.259353081029423,9.808635445907,690.922443969425,163.637012619599,-474.353248939993
68005,1000,-0.331478959856026,0.259784762513493,9.80808887370494,694.462191763443,160.711552151608,-452.592709774873
68015,999,-0.332431411490085,0.259353916256926,9.8081261832048,697.703261278276,162.525252419637,-467.641193372976
68025,1000,-0.332246166133121,0.258359572366786,9.80731598257161,688.788308968936,167.054168554663,-469.933167790141
68035,999,-0.331054759450696,0.258832173310054,9.80941793690139,695.310883174534,169.542873020988,-472.647726623783
68045,1000,-0.332431064635018,0.25999989147795,9.80879681657787,691.934083909198,149.380116891726,-471.142328095485
68055,999,-0.332188573059013,0.259652402536352,9.80984428250561,688.027530549073,159.956368810745,-473.500487781887
68065,1000,-0.332427112805772,0.259146908515522,9.80942695564953,687.030995836719,158.198133566581,-458.143854813042
68075,999,-0.332353155988729,0.259165249929229,9.80977237959756,695.695456707836,155.227715097467,-461.644356841788
68085,1000,-0.331374251545333,0.259245488432798,9.81051090549127,690.90801125242,173.490530951504,-462.458358629835
68095,999,-0.332376656529827,0.258824579275661,9.8109762251636,697.98370085858,152.224537388658,-466.89846591269
68105,1000,-0.332227841736995,0.259742615973138,9.80963310119138,689.272524861434,154.644817509908,-465.728587637469
68115,999,-0.332514007207812,0.259107975618864,9.81085333640744,693.441160388211,157.855049376602,-465.192943596481
68125,1000,-0.332071218305673,0.258537409268326,9.81037925519115,699.264598149987,142.295029419574,-468.586602904645
68135,999,-0.331571856433633,0.259102560849731,9.81111976927328,685.047747068183,153.099211898608,-469.20917356691
68145,999,-0.332164977082582,0.258209462770353,9.81077733614734,690.09573315978,148.918986788401,-466.155738452406
68155,1000,-0.332526462088045,0.259163229959006,9.81056015534571,678.713711101052,145.484567206438,-467.872099087851
68165,999,-0.332744032788985,0.259183696865739,9.81115563544643,678.798358684502,152.519384695957,-465.413010992121
68175,1000,-0.332084860015503,0.259302515944901,9.80967620209584,675.668041217205,160.391588351747,-465.618663973347
68185,999,-0.331658904649755,0.25979728667897,9.81034788016538,676.354148710855,161.610163988628,-471.354830674399
68195,1000,-0.333005735691696,0.259510457103331,9.80972550563818,681.011469920402,160.737261414535,-470.482786110752
68205,999,-0.332510562131777,0.259047119800862,9.81086031350403,694.808485286418,154.827736384037,-467.036008034966
68215,1000,-0.332332451252897,0.258304440575828,9.80973440677803,700.530472880245,147.355629378534,-469.768282293957
68225,999,-0.33271339838811,0.259200185622532,9.80956551523143,694.355757625497,157.139583161654,-466.155738452406
68235,1000,-0.332506856412444,0.261019482932714,9.80956264789028,685.345441739726,157.411655453306,-468.146908248156
68245,999,-0.331823291080759,0.260544826096742,9.80985516139232,692.142630165097,153.952988055694,-460.846612532593
68255,1000,-0.332264963176496,0.259431091369692,9.8085083326692,699.462531455135,144.254373439251,-466.415610538232
68265,999,-0.331449896627426,0.260142974151878,9.80831483744313,682.998771477691,144.325822958126,-468.82405562454
68275,1000,-0.332018932755339,0.259843940390664,9.8091684235174,687.602191621874,141.24016040212,-463.612557103118
68285,999,-0.332668676347119,0.259615941841555,9.80933942297188,685.19943084567,149.428387447889,-463.377387582452
68295,1000,-0.331425357904605,0.25939130990521,9.8084607706584,691.304925960279,165.466839368916,-467.047671606935
68305,999,-0.331926123631255,0.261343725671049,9.80930442762622,678.966428980302,146.573329073986,-467.39361755288
68315,999,-0.331884326208026,0.261001265383574,9.80965529025342,683.036596101202,151.312760103219,-470.584594789659
68325,1000,-0.332085133305989,0.259503535615476,9.80944074729115,685.063683864569,143.128080320013,-456.907213591668
68335,999,-0.331943629624989,0.259670187359578,9.80940117867722,685.287804903266,150.021214936628,-462.442101150982
68345,1000,-0.331162344445324,0.259477217163048,9.80989680574612,686.233726050317,156.231432615802,-468.036984584034
68355,999,-0.331380735840657,0.259187477387184,9.80931135032009,677.860971522933,149.519703473542,-470.557086365205
68365,1000,-0.332382615706065,0.260102541982518,9.80806550579809,666.99687905432,159.87156468719,-475.484312828309
68375,999,-0.332007346433189,0.258993846175429,9.80915032142915,664.549633874254,166.938260583728,-469.621799933736
68385,1000,-0.332692229654672,0.259470646311779,9.80837223942046,681.135030290106,154.456482763594,-473.807976950447
68395,999,-0.331389638284323,0.25922926162089,9.80897915302713,678.572660101312,146.32323343007,-473.087861415063
68405,1000,-0.332123255059745,0.259569447623543,9.8087076631737,677.861245568042,154.173483040105,-475.01713725579
68415,999,-0.331556447634558,0.259401159250048,9.80903402123644,685.033007583507,150.268884340908,-480.62516971573
68425,1000,-0.332241213715756,0.258863760317267,9.80855417566757,684.711695481671,152.610340636016,-481.337747942813
68435,999,-0.331311012610543,0.259008081300417,9.8084307646849,688.039689631475,159.535841769437,-475.453585918193
68445,1000,-0.33172388828859,0.2600653242714,9.80840162446901,698.281304491081,139.346631268532,-471.38965633976
68455,999,-0.330663928480276,0.259119834060807,9.80716442433144,693.00575466286,133.370029499815,-475.783687011652
68465,999,-0.331068329993926,0.259874735976596,9.8070838380251,685.391405511869,140.886206749462,-469.92439260274
68475,1000,-0.332002384559893,0.258509509461728,9.80689476537714,688.543439178996,139.54054078287,-463.447671606935
68485,999,-0.331873243352031,0.259277274468682,9.80722847020198,686.956801602332,144.184899477544,-470.199476847289
68495,1000,-0.332079486102602,0.259513476176009,9.80769863065833,674.959368115605,137.381465973573,-465.7560685535
68505,999,-0.331898457712216,0.260257719700416,9.80655778406798,682.624330827783,151.242608904976,-467.751227070795
68515,1000,-0.331371912721259,0.259841713146742,9.80613751406675,686.027224174538,150.814644093793,-465.371335729072
68525,999,-0.332759004778389,0.260102434798032,9.80811466957244,675.245482995243,148.906311701541,-462.497117999892
68535,1000,-0.331692713166753,0.259260087555443,9.80736404746076,676.81172951771,131.472553516554,-473.230877713806
68545,999,-0.331921748732365,0.258778107586794,9.80874015329819,673.100004392521,141.395474619765,-474.683350033453
68555,1000,-0.331696471816372,0.258757071827852,9.80678117351845,683.574036799571,134.044831386989,-479.386602904645
68565,999,-0.332284936973332,0.25949323080664,9.80972766011956,682.669993793421,148.337665414578,-481.010287658101
68575,1000,-0.333205131880828,0.258583709062612,9.80979797580839,680.606694415009,146.107985770668,-472.791183057316
68585,999,-0.332773861253267,0.259585357972484,9.80961202395083,685.414474724097,141.255261282935,-465.908162632311
68595,1000,-0.33199608134466,0.259249946140642,9.81031447963975,697.926957931393,140.32277304283,-475.511793744339
68605,999,-0.332336459849012,0.259351274197966,9.8094426780721,689.88723335464,146.098252098356,-483.183453190045
68615,999,-0.331744154218284,0.258892151872969,9.81038471465562,672.434081030676,147.180906391797,-477.186616658857
68625,1000,-0.331258869594459,0.25929162047066,9.8111839329814,680.520462739909,142.007934542357,-464.436984584034
68635,999,-0.331333612797138,0.259547446917996,9.81031415389323,686.254095399673,135.201925520123,-466.210755301316
68645,1000,-0.331550464061032,0.258761644822804,9.80967540284645,684.651367200258,130.879524968692,-471.224770843576
68655,999,-0.332096121061458,0.260149228364805,9.80992297530608,687.152312837472,139.889094703326,-470.777153760844
68665,1000,-0.33257175659039,0.259688077570558,9.81106667926352,686.752703777973,149.755852856881,-479.001870080217
68675,999,-0.332033761095338,0.260205736145533,9.80943573689963,685.729746916957,142.883058850912,-471.13476327876
68685,1000,-0.332016370597966,0.258868473814444,9.81103769505774,701.932427280884,137.707099208882,-479.633931148919
68695,999,-0.33229230727928,0.260347469578679,9.81159490142969,700.14118290469,140.210885362396,-478.672071579427
68705,1000,-0.332095140973633,0.259732793139381,9.81060989740955,690.708464987002,126.681745251858,-476.281259393194
68715,999,-0.330913873862073,0.259466063862121,9.81209667069026,716.033805111731,128.896264870897,-475.893720709472
68725,1000,-0.331507181803404,0.259915269707216,9.81053310064179,695.589511417902,136.487922334223,-480.156068553499
68735,999,-0.330800156941082,0.259556180175524,9.80858847203129,696.153186774254,138.177751605798,-476.553922896392
68745,1000,-0.331274766363992,0.25974638049708,9.80998981547368,686.618662622144,139.156215253281,-469.108740309225
68755,999,-0.331879327250886,0.259833774845075,9.8080051523137,694.412560323523,141.876482212346,-474.215706817718
68765,1000,-0.33149194537872,0.259297945385337,9.80926987741196,698.702527415081,137.291120293431,-481.20034336266
68775,999,-0.331737843650656,0.259640426640122,9.80926379925751,720.129897918689,134.324658717585,-486.154363031184
68785,999,-0.331243422969413,0.259452324173525,9.80953103327467,711.146091015251,140.566598887349,-477.434192478952
68795,1000,-0.332398907179628,0.258578880884624,9.80966039285451,695.379849676569,129.786803513634,-487.356068553499
68805,999,-0.332468641528875,0.259102475619112,9.80841982302894,701.848286602294,145.49803004426,-486.346922002368
68815,1000,-0.331499948595894,0.260031492474102,9.80937346011677,689.046372763959,129.013159081688,-482.134694507698
68825,999,-0.332288993266777,0.260840596262802,9.80980548628091,680.351555355614,119.871890248584,-490.638236217347
68835,1000,-0.331332194028996,0.260127543106099,9.80907207006022,688.77346402715,137.182056532575,-477.737747942813
68845,999,-0.331985206528118,0.259392378086273,9.81071044650845,685.545358577868,141.455409869237,-481.50543929829
68855,1000,-0.332050920625441,0.261111164578615,9.81060830371532,670.127086063182,137.352737360762,-474.934694507698
68865,999,-0.330792603992073,0.258670274969734,9.80983252256912,681.187825633433,108.7782041172,-473.940622573168
68875,1000,-0.332203272214307,0.25938557869792,9.81016386753606,686.142245106632,129.340847761659,-469.411030385561
68885,999,-0.33203873126132,0.259222743181385,9.81147166659832,689.244177202478,122.725964714854,-469.37422411364
68895,1000,-0.331941726885775,0.259340537057249,9.81092096520835,684.878527901766,129.3195735522,-472.296526568767
68905,999,-0.332160707568578,0.259708547111681,9.81110538341143,679.354048708358,148.753786107446,-476.416380774117
68915,1000,-0.332277236560204,0.259825432984562,9.81047218202938,697.337640526238,141.146231739606,-482.601870080218
68925,999,-0.331855427581883,0.259496379792478,9.80958903277692,698.602316730564,137.938742662896,-464.862842503022
68935,1000,-0.331587617619536,0.260092190289729,9.81074475360926,683.805428389693,136.961722429066,-475.182022751973
68945,999,-0.331577527296383,0.25969191171643,9.81041574139165,680.82089884692,133.837029942405,-467.228567006151
68955,999,-0.331743322911129,0.259524002081008,9.81077261108838,693.509878800568,124.509525574145,-479.552341161986
68965,1000,-0.331613028934227,0.260280400174121,9.81174507699486,694.447342393788,131.946771666578,-482.794236492431
68975,999,-0.331653584576706,0.259672483725587,9.81120706126668,692.30268992157,120.450621016618,-484.421332290519
68985,1000,-0.331595934412703,0.258803595504428,9.81158620841315,695.332409704424,121.054334797061,-480.046144889377
68995,999,-0.332506096397673,0.258100530209153,9.81174268919796,700.119671331182,128.738404335894,-474.628333184543
69005,1000,-0.330359031957991,0.25751981577116,9.81004574324296,717.230218887193,125.670565785467,-473.258358629835
69015,999,-0.330893250271554,0.258380419442281,9.81055835651381,713.76839243151,116.433639834386,-459.416174460934
69025,1000,-0.331317439387324,0.25795134837063,9.81120111691287,717.832871347451,124.998731670486,-471.44461817182
69035,999,-0.331779533790519,0.258766606885089,9.81114507183357,704.464641431302,110.154342881878,-467.66870179743
69045,1000,-0.331553347724893,0.259020360967327,9.81027873346599,716.628870059672,123.509738911574,-479.001870080218
69055,999,-0.331209299758293,0.258085922951441,9.8100742131645,734.524335494026,130.33473559166,-475.591128040467
69065,1000,-0.33151176602468,0.25985762450018,9.8116369657419,713.031969684728,127.310772925597,-471.691946416095
69075,999,-0.33158716953793,0.259448583971244,9.81010578598142,715.337916182108,121.153397331836,-473.115369839518
69085,1000,-0.331951286431852,0.259180581164247,9.80873270799032,725.174151464865,128.884447549979,-482.382022751973
69095,999,-0.331142756218536,0.258868722521509,9.81088833063157,724.654787377258,128.797799128085,-481.120321355921
69105,999,-0.332533040091432,0.259324418871178,9.80972853163345,701.745020253195,134.324051778615,-480.652678140185
69115,1000,-0.331907741429578,0.259214286093719,9.80926322514131,701.587858706019,149.521627783489,-472.48889298098
69125,999,-0.332311266846107,0.259205129821753,9.8099300474126,709.034379411723,146.482610553269,-478.204428363692
69135,1000,-0.331369400538459,0.259897672477388,9.81005085102899,705.390443698803,128.825039326165,-475.978969316858
69145,999,-0.332790062910733,0.260330784447631,9.80960815127116,705.156042948956,148.416052450998,-478.369478910422
69155,1000,-0.332767491103483,0.260045494033619,9.81151045265791,688.818197035451,152.413207457095,-466.910267026782
69165,999,-0.332072342327319,0.25933686188247,9.81159306159289,695.333373790278,140.156683153766,-485.879278786634
69175,1000,-0.332281731821,0.258022688782552,9.81116389367739,700.060606161983,143.420119997821,-462.595763209988
69185,999,-0.33188866833613,0.259437959797228,9.81123263213194,708.149694236246,123.683334338928,-475.233518522553
69195,1000,-0.331790159865354,0.259154494160312,9.81055526122333,701.804817186463,137.312145697926,-473.835457866477
69205,999,-0.331379440672686,0.258944365973998,9.81089012114322,701.807515526589,126.994786375674,-478.286953637057
69215,1000,-0.332128678674019,0.258273533156195,9.81252271074167,710.827303219488,127.946855963418,-476.006450232889
69225,999,-0.331225118968007,0.258541333458539,9.81077983711724,719.221468811903,130.174392654823,-476.003754407293
69235,1000,-0.331436049806019,0.25919714546936,9.81268757726629,732.520770288749,122.118424591237,-470.812557103118
69245,999,-0.331646414828493,0.258836850787538,9.81142421585062,712.191555472848,127.905368343279,-481.94557408957
69255,1000,-0.331677270065522,0.260025663537223,9.8110710272228,701.781470280876,134.024390065029,-477.517900614568
69265,999,-0.331799488929348,0.259959185183478,9.81051230241294,701.692079724231,135.882807909052,-477.186616658857
69275,999,-0.331267120282778,0.259278610911731,9.81106264202165,700.947427561301,126.971365826702,-478.754596852792
69285,1000,-0.330824051519631,0.259212412340422,9.81043128763092,692.385035044526,142.00251114361,-463.887366263423
69295,999,-0.331226149787053,0.25974273988896,9.80902756636615,712.526342871924,138.071475565038,-470.47456109184
69305,1000,-0.33071486407997,0.258783919846252,9.80992745141803,714.747962905981,132.863462562208,-485.624770843576
69315,999,-0.330955421479675,0.25926899883638,9.81024506322677,690.176360274384,131.545562514885,-474.628333184544
69325,1000,-0.331104991491321,0.259785951664792,9.81046997350232,706.074899791466,133.085366884336,-480.898053286325
69335,999,-0.331832730690839,0.260686434333568,9.80994586874425,701.764530668609,133.375168499124,-484.613891261704
69345,1000,-0.331968029256809,0.259481926409178,9.81039194431167,703.721904550206,125.483872082379,-481.227824278691
69355,999,-0.330578638121816,0.259120701268554,9.81045971489338,717.598475094134,127.292663878517,-476.031262831747
69365,1000,-0.330983587451781,0.259236899726562,9.80969545993203,694.10290866185,144.167750109075,-469.768282293958
69375,999,-0.331120185329603,0.259949335710376,9.81051783634603,704.740077119646,138.443081795731,-473.142878263974
69385,1000,-0.331332238761932,0.259969770285732,9.81018664954022,696.837417892902,140.729082116543,-473.50568687411
69395,999,-0.330846449147397,0.259831639168948,9.81123063141597,702.561892801415,127.627954710064,-485.109042901894
69405,1000,-0.331023541017384,0.259720105431175,9.80920692543107,694.837430437519,133.343196842169,-480.540801377928
69415,999,-0.331195123777584,0.259223565511563,9.80976759622556,698.705852170341,133.567812128049,-487.969919045213
69425,1000,-0.331028489518317,0.259419865470501,9.80953649599916,694.907545607848,142.822618105509,-485.377442599301
69435,999,-0.331271064517256,0.259874921852493,9.8094338313221,709.072562067172,135.969540915581,-487.227191584928
69445,999,-0.330872368312001,0.260402419097998,9.80974773474471,699.122815678873,149.437033147488,-487.254700009383
69455,1000,-0.330969782880536,0.259581872597382,9.80918289337743,703.11315930278,132.156097024321,-479.469045652736
69465,999,-0.330964764964717,0.260514541294914,9.80849508983829,698.453650002715,138.537396494944,-483.43102901014
69475,1000,-0.330092146347477,0.259759361478489,9.80834346622466,704.932930183483,154.240757497485,-476.693473133652
69485,999,-0.331711043249723,0.259868917583401,9.80742703537439,713.690685311549,138.720759683522,-477.269141932221
69495,1000,-0.331608983254516,0.259312574683981,9.80892339501941,720.46963172931,130.189667721259,-474.934694507699
69505,999,-0.330810648189223,0.260128911678469,9.80916914425067,718.305933564468,141.515917126364,-477.929344119142
69515,1000,-0.331789840102564,0.259573649026208,9.80898863332814,700.960773258467,144.019105266823,-474.549961683271
69525,999,-0.331327483702112,0.26020872487074,9.80917608114853,706.086734393975,128.445717736003,-481.863048816205
69535,1000,-0.33227660603918,0.259550420346046,9.81041630929997,705.231313269269,139.88412625575,-470.867518935178
69545,999,-0.33154452847754,0.259399744267009,9.80973910081448,701.6104582501,135.119149472733,-489.400357116873
69555,1000,-0.331514735329941,0.260063999430974,9.81156747616028,716.8502192225,129.348021963746,-475.127060919912
69565,999,-0.330929517636504,0.25953371474675,9.8108925483613,705.886789434482,141.882969469711,-472.537692925964
69575,1000,-0.331316487362742,0.259571635519991,9.81153446727772,706.272410312105,127.640300295121,-476.308740309225
69585,999,-0.330737437668013,0.260522531842728,9.8117146220444,708.613854708088,130.005116174371,-472.372642379234
69595,999,-0.33164177760789,0.260352084315669,9.8109243481985,705.769104010617,125.837528544588,-485.686719815449
69605,1000,-0.331282528640685,0.259530706616682,9.81130381938375,713.354355024664,121.772750323387,-486.751488400828
69615,999,-0.332271933905458,0.259730139103008,9.81146315594279,714.923190559112,120.495266225887,-483.568571132415
69625,1000,-0.331854464312983,0.259516181364104,9.81203212643706,714.416849176161,134.857171109215,-485.102633438996
69635,999,-0.331830627586709,0.259709082438014,9.81206551606886,720.933680630866,136.351595662688,-485.164059750804
69645,1000,-0.330967311714519,0.258545762161123,9.81167075938596,718.815734834745,122.315061805223,-473.835457866476
69655,999,-0.330931764071904,0.260371931332379,9.80996682359132,715.650393252511,110.746626179857,-481.89055724066
69665,1000,-0.330901546924436,0.259687986743001,9.81074776804446,717.077789432475,135.637668725387,-473.258358629835
69675,999,-0.331220062846101,0.25949246962232,9.81190724923923,734.462830031321,114.354982711003,-483.320995312319
69685,1000,-0.330200524503533,0.259393891005634,9.81060585679013,703.386216285433,139.85074536716,-473.093473133652
69695,999,-0.331368014916858,0.259229195460987,9.81224155168982,713.504718535239,123.972532541405,-475.261026947008
69705,1000,-0.331895703442871,0.259528521881887,9.81161482653518,703.497388873264,125.840393990784,-475.07209908785
69715,999,-0.331384057976446,0.258955440094738,9.81145126245083,702.736226846985,128.516640252021,-477.681768299047
69725,1000,-0.331151457923398,0.259319666136123,9.8122458797006,704.509713014265,145.985368042838,-484.360648706172
69735,999,-0.331344909837446,0.260175556607555,9.81075371064475,699.432638789413,144.306160327678,-478.534529457152
69745,1000,-0.330487913138192,0.259393914662196,9.81272288651855,704.864405790943,121.156232614894,-480.485839545866
69755,999,-0.331663167892567,0.259699879611009,9.81252493188883,695.399465327739,136.991596814415,-473.555504630799
69765,999,-0.331854915309608,0.25982378136174,9.81169717032378,703.132036225289,144.072121217334,-479.579849586441
69775,1000,-0.331741042478778,0.259955626407864,9.81038826678693,690.691190366237,137.340642491818,-481.392709774874
69785,999,-0.331352431991473,0.26003966588451,9.81074015380838,700.280758435379,144.692313597904,-476.416380774117
69795,1000,-0.330197415973855,0.259782993152873,9.81203916756009,693.662994590246,145.396833294806,-482.299580003881
69805,999,-0.331331049513955,0.259228500672131,9.81110641801028,717.338620207134,139.606484455747,-476.829007140942
69815,1000,-0.331752919516472,0.259476923785959,9.8116301622404,706.982318158939,150.536903060704,-482.986602904645
69825,999,-0.331505236500069,0.259765639722196,9.81173385900258,716.19652426415,155.747776112511,-470.006917876106
69835,1000,-0.330921127494955,0.259306731559375,9.81238744033942,716.563844611379,152.171456791533,-471.582022751973
69845,999,-0.33107643614374,0.260143606846784,9.80987398756979,713.336107945674,135.802526780702,-473.087861415063
69855,1000,-0.330568370164027,0.259829258975697,9.81198905514469,703.66965884691,135.367787757526,-471.691946416095
69865,999,-0.331334739336244,0.260100667506127,9.81100648947608,707.811805912024,143.773625538595,-474.875909004638
69875,1000,-0.330550465013797,0.260444346600064,9.81156566201284,707.936671019465,125.809843142588,-487.191183057316
69885,999,-0.330749471189948,0.258769586913126,9.81199787908117,727.896901235038,131.869561595357,-493.444095511756
69895,1000,-0.331851705664792,0.260119183379587,9.81133919788956,725.533209026732,112.530802375681,-482.876679240523
69905,999,-0.330536993835528,0.260611607640341,9.81267333165353,715.858437727816,114.336751395606,-476.553922896392
69915,1000,-0.330810446558425,0.260041936647282,9.81261831528397,718.570287946829,120.081674942373,-472.736221225256
69925,999,-0.331310540518059,0.259018524254726,9.81144130124189,716.982231292044,117.782441923531,-468.989106171271
69935,999,-0.330431385962,0.259108447953495,9.81209002435315,714.196320427659,121.715177210301,-476.058771256203
69945,1000,-0.331417890906337,0.259601674746572,9.80989851154835,722.398422302211,136.410901130702,-482.574389164187
69955,999,-0.330267866753801,0.25985934399232,9.81048530688574,723.449240435289,126.796240066863,-479.497324313075
69965,1000,-0.331056776695408,0.259347497088865,9.81174707464079,716.709643043143,137.726134189449,-481.337747942813
69975,999,-0.330965056339651,0.259695068628563,9.81146888872228,726.147557788291,136.719838000556,-466.980991186055
69985,1000,-0.331543332586761,0.258785204828744,9.81169677639815,738.275473158774,119.69119534454,-475.951488400827
69995,999,-0.332532961413568,0.260179104238524,9.8114693646606,732.33102811078,141.642608664301,-487.144666311563
70005,1000,-0.332050233312101,0.259061359430849,9.81206760675849,718.264188466739,141.167495264113,-482.327060919912
70015,999,-0.330943862815317,0.259599186284469,9.81093431090522,719.844108055555,152.502747548181,-482.688301549855
70025,1000,-0.331149625319286,0.258703187560833,9.81238662337982,703.743775053207,142.325874330114,-477.380496034416
70035,999,-0.331364771493178,0.258994659839808,9.8114769659374,704.675123474862,127.168183480976,-468.631496653356
70045,1000,-0.33157449753844,0.260307764644334,9.81043092589469,714.257252631834,136.938429100721,-464.217137255789
70055,999,-0.331758158886296,0.25947100986979,9.81092283021869,717.568254090952,121.819604756377,-459.306140763114
70065,1000,-0.331252194839838,0.260375424507726,9.81160901970592,709.193158827424,126.822083302259,-468.3667555764
70075,999,-0.330993742081687,0.259547116508828,9.81183062451144,705.394650736024,119.182169271231,-471.217288552124
70085,1000,-0.329916184272336,0.259699700327553,9.81184278455768,720.266072505128,128.976615273316,-470.592709774874
70095,999,-0.331702314383661,0.259551474038083,9.81269102182425,723.906960014389,132.41044474647,-485.879278786634
70105,1000,-0.33119286449319,0.259885370772213,9.81135317376657,710.431589378251,125.043782962238,-469.603396797774
70115,999,-0.331443308145838,0.260389802825664,9.81353341563127,712.447237263708,113.834560610912,-476.223821802932
70125,999,-0.331327278554294,0.259370057221945,9.81250625774874,719.412847304369,118.681895242313,-474.380757364448
70135,1000,-0.331784970716609,0.259092419683884,9.81351380613133,729.884886538939,117.38080634992,-474.659885347392
70145,999,-0.331751975857326,0.260849261951101,9.81330766547813,728.701742630578,118.481341420684,-470.832170609754
70155,1000,-0.331807334147561,0.260434337879643,9.81309523586753,734.821076576758,131.327031007657,-468.201870080217
70165,999,-0.331221011938981,0.25997957639401,9.8124159552104,710.938584247026,126.952933791959,-468.38392083326
70175,1000,-0.330002342804351,0.259502539076061,9.81400445618661,729.11104901837,104.686981111674,-460.589656339759
70185,999,-0.330833649975423,0.259991004985825,9.8136240461746,735.5016921687,113.998047045008,-465.825637358946
70195,1000,-0.33138334971684,0.259947249495187,9.81311395134137,722.619863604397,118.318834295397,-457.594236492431
70205,999,-0.330805122393494,0.260196797252979,9.812774125855,749.763475477593,103.590682807341,-473.390454084069
70215,1000,-0.331240823427468,0.259570281923077,9.81413686788864,741.884169178668,114.416013201797,-457.154541835942
70225,999,-0.33073520525059,0.258998307569585,9.81434020610733,741.470658716126,117.761486381349,-469.511766235914
70235,1000,-0.331448888197922,0.260180823763555,9.81443876835712,724.391402798535,112.247063249773,-471.499580003881
70245,999,-0.33095643931229,0.25896911229574,9.81299977610086,719.124429135584,106.063604401432,-475.591128040467
70255,1000,-0.331602087918665,0.258876832173608,9.81241294023508,727.825593893612,112.854464244943,-476.391183057316
70265,999,-0.331438446393109,0.259689669383154,9.81452827220079,728.14785977797,118.993149798626,-476.113788105113
70275,1000,-0.332513070519524,0.260639698456722,9.81307044889588,725.244339207636,125.201267317474,-476.226297561134
70285,999,-0.331673975900035,0.259620414570248,9.81306280859085,719.384459375334,130.206791904942,-476.884023989852
70295,999,-0.331725611139303,0.258735276966238,9.81250385447149,718.75694935953,129.627352079606,-470.282002120654
70305,1000,-0.331584783053764,0.259749203391096,9.81135579885567,708.949209900109,126.425450962168,-474.797289927545
70315,999,-0.331866962957713,0.259983980276252,9.81127208281143,706.249161221209,142.981403081804,-465.633078387761
70325,1000,-0.331858899166516,0.259997103032132,9.81117006822579,686.06140986744,145.298250611773,-457.951488400827
70335,999,-0.331024611605648,0.25998826363106,9.81025209726833,692.791942374083,145.857521635539,-465.000384625296
70345,1000,-0.332460081226672,0.260451321268119,9.81014702971789,697.989836961709,137.646896508811,-462.183549469529
70355,999,-0.332326173580399,0.258499249800307,9.8118547236621,700.571581233483,126.556724264925,-459.498699734299
70365,1000,-0.332522805656034,0.260372687821263,9.81083526341509,687.416158016489,131.440061961282,-466.388129622202
70375,999,-0.331621988391705,0.260213080646089,9.81044184657933,686.232167349376,144.611260591482,-470.502069516294
70385,1000,-0.332509474516153,0.258850528731158,9.81200228782624,683.072791940447,149.756775954808,-470.92248076724
70395,999,-0.330976210509479,0.258905193862259,9.81190270731681,684.95435621082,133.479214414778,-469.7043252071
70405,1000,-0.331012514284452,0.259565209254247,9.81278319909791,692.123349345906,133.158421408049,-479.908740309225
70415,999,-0.332096568443239,0.258529512841064,9.81126994135161,699.673797658358,138.277652566759,-472.180083408049
70425,1000,-0.331229961364122,0.259615403712178,9.81221949419757,693.471324826666,139.76156361934,-471.059885347392
70435,999,-0.331849213627561,0.259900294937308,9.81066554824983,702.25104615715,118.153825021015,-477.901835694687
70445,1000,-0.331314931951499,0.259067248484442,9.81197374644866,702.488748849391,134.415607582855,-465.26141206495
70455,999,-0.331509089525661,0.259596635440235,9.81229326865757,715.045296855508,143.229099931644,-462.607151697713
70465,999,-0.331943223911478,0.259164223062996,9.81176306786225,711.700435142435,152.382770827427,-470.639611638569
70475,1000,-0.331529737279887,0.259537631282156,9.81183753473739,715.207063651001,136.205557070279,-471.746908248156
70485,999,-0.332281220285883,0.259773548577089,9.81264162890506,701.292932836147,135.332421952415,-462.634660122167
70495,1000,-0.331753351510301,0.260183906021352,9.81215126614818,715.22434008302,120.168547353344,-463.310267026782
70505,999,-0.331017070213482,0.259644715282045,9.81092052560601,707.569039057417,140.111866280206,-463.900047647097
70515,1000,-0.330017199196624,0.260249825691573,9.81133580235907,710.780962611117,134.218669571853,-468.119427332126
70525,999,-0.331360915839551,0.259152980226736,9.80960114444048,696.448830480672,133.892544682747,-452.731627318371
70535,1000,-0.331905470891565,0.259666956873105,9.8125336363918,715.299320249901,121.43077962189,-467.624770843575
70545,999,-0.331628575382777,0.259743154685473,9.80947961848426,719.298163912933,126.437159054473,-460.791595683682
70555,1000,-0.331262672989484,0.259215356477935,9.81184073357337,712.07989330273,134.092375258495,-469.136221225256
70565,999,-0.332172789978839,0.259760674901025,9.8105558401007,705.955072365015,149.679634497753,-454.244590663396
70575,1000,-0.33069716188222,0.259561046465085,9.81047840809559,695.196633903443,140.052652095612,-455.368282293957
70585,999,-0.331440990471438,0.259754650398238,9.81013689159761,710.576793239874,146.982505585252,-450.558461786427
70595,1000,-0.330897873816611,0.259984522457557,9.80980367659442,705.370619261317,149.452531543545,-469.081259393194
70605,999,-0.331378153865907,0.259987753087517,9.81027632774212,709.124318229262,142.662595327592,-455.042334972591
70615,1000,-0.332432725844891,0.260652284662614,9.80991049370235,715.181831355478,137.287680319474,-454.324007484798
70625,999,-0.330357734999274,0.260393037354531,9.81037501562884,719.076350972908,141.988622641104,-459.361157612023
70635,999,-0.331630690073554,0.260267132327616,9.81066772401587,725.134959844787,127.871976705259,-479.579849586441
70645,1000,-0.33166183969512,0.259911431663006,9.80907026795017,716.877994534235,123.720016158001,-457.621717408461
70655,999,-0.33213837520953,0.260190529444706,9.81137119685162,730.363000269543,134.969228998684,-468.851564048995
70665,1000,-0.332360652779632,0.259946676711037,9.81027297032975,735.203656846285,139.896395214415,-473.780496034415
70675,999,-0.331641070407685,0.260488784265924,9.81202383088829,729.19547967779,142.485125776376,-467.696210221885
70685,1000,-0.331127567858445,0.260515667165287,9.81195410111973,728.212873968514,117.80527057104,-476.226297561134
70695,999,-0.331633628522572,0.260298142701531,9.8129487817479,734.098142409152,108.565607936997,-476.553922896392
70705,1000,-0.331435592758299,0.25936759039051,9.81201652020974,728.398380504813,123.326056921132,-475.869045652736
70715,999,-0.331442398043085,0.259573863869325,9.81260989786242,720.967137010782,129.526377888928,-468.851564048995
70725,1000,-0.33120783322996,0.259586717672778,9.81255689060723,721.387165661175,139.771686459459,-471.691946416095
70735,999,-0.330888088147199,0.25835975888716,9.81359227254047,725.5686058967,140.256491975328,-468.246378710985
70745,1000,-0.331598442480842,0.26005188063178,9.81199861873269,725.727249966228,136.082583026715,-463.502633438996
70755,999,-0.333176015793293,0.259930502048592,9.81232566805709,712.906507181706,139.838340259759,-473.225403537339
70765,1000,-0.330995097485057,0.260045367477469,9.81439440270115,729.147481613957,134.791509583166,-474.962175423729
70775,999,-0.3315931287045,0.260324598093515,9.81253937311259,728.641875197477,140.071796211539,-466.9534827616
70785,1000,-0.332263475420586,0.259410333657994,9.81222436694209,737.030835017274,143.46728560657,-464.7667555764
70795,999,-0.332472143218858,0.260026073298803,9.81283919910562,733.189199528228,130.183376031268,-467.751227070796
70805,999,-0.331718821561432,0.260131335331914,9.81393377117617,733.601774212831,128.483007136436,-475.261026947008
70815,1000,-0.332126450241321,0.260927853978873,9.81353632132712,725.53379283638,126.559333313893,-466.388129622202
70825,999,-0.331097301962963,0.259866297682218,9.81298865769661,724.006789298652,123.547983484388,-469.7043252071
70835,1000,-0.33133841248829,0.258636794297663,9.81175928316457,724.565809017477,121.547077936172,-468.449198324492
70845,999,-0.33171888144693,0.25926719596613,9.81282065398679,723.847728906149,124.391092245917,-471.519881221129
70855,1000,-0.332426289008835,0.259756790613331,9.81303861032805,722.329012289039,124.303389210178,-462.018663973347
70865,999,-0.331426019621029,0.259498160943169,9.81275552934512,727.681393643177,125.402443874259,-466.458331121411
70875,1000,-0.331503258987164,0.25950092975221,9.81305993044974,731.731656743129,130.838317405851,-466.910267026782
70885,999,-0.331507228579617,0.259454329024334,9.813049199594,727.878324157909,122.19185184357,-474.408265788903
70895,1000,-0.330649251171447,0.25978002841866,9.81214174341809,741.274367133826,126.047658808586,-464.931641072583
70905,999,-0.331621755533956,0.259032649383237,9.81200316081074,737.218120437995,119.339175264507,-474.793383731273
70915,1000,-0.331488941211546,0.259768667261318,9.81346689181852,729.930692877717,123.407189513193,-471.444618171821
70925,999,-0.331904389136896,0.260024116753777,9.81205834117432,729.019590881255,132.495317822347,-470.942204307574
70935,1000,-0.332061752139801,0.258926012878768,9.81292112359625,733.271813913963,122.756257095732,-469.823244126018
70945,999,-0.331317755635234,0.2606563735054,9.81231211478717,730.594968134966,126.781560746234,-471.437355947764
70955,1000,-0.331049773669221,0.259341159059862,9.81314853491417,735.823725266508,139.912722017704,-474.082786110752
70965,999,-0.331251472943225,0.259394920173598,9.81120786770852,744.670637186002,127.416233854579,-467.723718646341
70975,1000,-0.331303496354733,0.259673147740722,9.81373831238303,745.937632147518,126.053362153992,-481.447671606935
70985,999,-0.331059100541307,0.259199866519565,9.81420488287137,730.3983774531,135.200362683617,-467.311092279516
70995,999,-0.330412916926723,0.258860040377699,9.81412788103253,711.769802019823,132.006480962593,-476.608939745302
71005,1000,-0.330904428176955,0.258914023850627,9.81387944462596,729.226095104582,119.324657324764,-462.788129622201
71015,999,-0.331139028771748,0.259041055051037,9.81300291911823,726.964925505353,115.866638910062,-474.215706817718
71025,1000,-0.330161554639094,0.259203984275655,9.81331484531349,713.96704355265,123.912761210747,-473.835457866477
71035,999,-0.33174477616132,0.260373297560819,9.81333498647915,724.383668090655,107.374454608035,-483.568571132415
71045,1000,-0.331455750353353,0.259397807332388,9.81451378206587,713.448260703301,123.850674478527,-488.345381530599
71055,999,-0.331809596123783,0.259662735889553,9.81298509708951,720.44404447558,110.181497762471,-479.414799039711
71065,1000,-0.331718154922418,0.259796842749328,9.81274145304284,714.15683046978,122.881360548508,-477.407976950447
71075,999,-0.331161976143805,0.259018341805202,9.81107694992477,722.116821169903,113.842293582802,-464.367690862832
71085,1000,-0.331929660946371,0.259120100845889,9.81319844250356,716.319714808839,114.539420343444,-471.472099087851
71095,999,-0.331403440118916,0.259104747475537,9.81302804624319,707.248992365522,124.438047964501,-473.417962508524
71105,1000,-0.331380948152766,0.259712486658988,9.81345292580345,703.274907720555,128.496634199567,-467.26751893518
71115,999,-0.331770610511071,0.259984103738778,9.81313531388945,722.249890467824,117.357904096836,-473.913114148713
71125,1000,-0.331761065205142,0.260187677858879,9.81437965281995,723.182927992716,117.305111622871,-468.311793744339
71135,999,-0.331080971078774,0.260163169754844,9.81365389369056,724.751654725076,125.563978698753,-461.644356841788
71145,1000,-0.330184727583827,0.260243152047497,9.81293284762693,729.497143884314,127.148201586804,-469.90568687411
71155,999,-0.330550383600581,0.260392946174738,9.81442327437991,735.640916432483,120.797673224933,-478.809613701702
71165,1000,-0.331011035473909,0.2605960844688,9.81334978405993,742.900576395063,132.476135773179,-473.588129622202
71175,999,-0.331310413631408,0.260146285837576,9.81481887615377,749.558957407905,118.158896434365,-474.903417429094
71185,999,-0.330693976448649,0.259472447350772,9.81347949922499,739.494681880529,133.894149725431,-474.985942702458
71195,1000,-0.330512331861539,0.258994811649538,9.81305748903326,744.401157822107,128.159984618091,-467.075152522964
71205,999,-0.330814209036155,0.260002044614335,9.81352884176988,740.682434404662,135.082274756688,-478.617054730517
71215,1000,-0.330373607704826,0.26018132961195,9.81431113844178,736.242773257729,135.467411179457,-482.272099087851
71225,999,-0.330316895104502,0.260180438816948,9.81271682109985,734.237358405193,135.075713509791,-473.885605724258
71235,1000,-0.330583394096142,0.260406689374835,9.81308444801126,718.995511660074,122.190364868569,-476.226297561133
71245,999,-0.331240376148746,0.259855945270217,9.81362122836935,718.692054613181,133.639835949056,-470.282002120654
71255,1000,-0.33253340683345,0.260255754683656,9.81251631858252,728.709609722647,149.797610939099,-470.235457866477
71265,999,-0.332212685606117,0.259892079812716,9.81214850412348,713.53664411298,146.762886428379,-456.335230921975
71275,1000,-0.33190332644791,0.261223202519916,9.81343658749369,706.276829088935,140.590103470286,-469.136221225255
71285,999,-0.331695069764017,0.260868902388533,9.81246972613576,710.394652283406,135.122729851002,-463.569946553637
71295,1000,-0.332256603963889,0.261732345916402,9.81353466685568,708.314358906625,140.132823775582,-468.88889298098
71305,999,-0.331608859756897,0.26056417306581,9.81226078135585,711.551795600726,154.687390922418,-471.519881221129
71315,1000,-0.331659563249405,0.260696097703332,9.81277757974255,716.864661739942,141.136141120272,-463.832404431362
71325,999,-0.332100178374863,0.260274170070204,9.81293379231282,707.241525132077,133.774614529622,-483.541062707959
71335,1000,-0.332696134873386,0.260225326568203,9.81018562903022,701.650995894754,157.296219439406,-474.659885347393
71345,999,-0.3312570484057,0.260714363367412,9.81076963762903,696.408890076889,154.231174798397,-468.43893768217
71355,999,-0.331710767304146,0.258890341893735,9.81053345083914,705.626310910423,139.112781220966,-469.53927466037
71365,1000,-0.331246015043709,0.261142862098795,9.81058294596842,702.491913580816,150.565532950791,-474.110267026782
71375,999,-0.33179073245477,0.260222135859009,9.81197783425584,715.991432741262,151.003175296195,-479.744900133171
71385,1000,-0.33140802700749,0.259579638881453,9.81168088085177,703.740981769351,154.291896114064,-479.304160156553
71395,999,-0.330860073814894,0.259226787597879,9.81194529192045,710.986989028967,141.99654461508,-480.185034924451
71405,1000,-0.332528596456568,0.260585367827299,9.81295016613453,696.170202396357,143.350756838625,-472.351488400827
71415,999,-0.331871081537565,0.260009095342911,9.81223246901639,703.390253764538,149.060424588398,-484.393823866065
71425,1000,-0.33235415254814,0.260125496696723,9.81219186170295,699.677044225425,130.479437893045,-473.368282293958
71435,999,-0.331186787934933,0.258923128328991,9.81136424750022,700.255518664222,149.244510546324,-469.704325207099
71445,1000,-0.331532118590306,0.259317145900111,9.81153388589468,705.675945621075,143.531735020611,-468.421717408461
71455,999,-0.331380937345188,0.260281360808455,9.81282165722997,713.564077187424,138.300675174299,-485.769245088813
71465,1000,-0.331591697129569,0.260409012910116,9.8107724698288,712.863922835074,142.987647135018,-476.501106721439
71475,999,-0.330144243662967,0.259532281247313,9.81407368396722,728.872270860915,151.043035341634,-482.60577627649
71485,1000,-0.330155401675912,0.258863977717492,9.81278453759773,704.404265234354,150.114640270683,-480.953015118385
71495,999,-0.331359699693139,0.259042647092064,9.8126995012729,714.552386111449,153.849206744906,-475.206010098098
71505,1000,-0.33070443412952,0.260194092527479,9.8146016953756,723.972070676098,156.739565031352,-461.688892980981
71515,999,-0.330632569761622,0.259340747671923,9.81390885545983,726.840245376088,163.453438272965,-471.987524436864
71525,1000,-0.331065974127534,0.259674399217899,9.81455666148619,730.221758298663,141.335726349002,-471.99423649243
71535,999,-0.331602369850734,0.260258907104005,9.8135487522328,728.223746971754,149.351365176489,-469.92439260274
71545,999,-0.331180701242291,0.260380709192722,9.8139063543525,743.185228845387,145.746423126038,-472.950319292789
71555,1000,-0.331529408484585,0.260106215260071,9.81371292228935,731.091894836648,151.663002156068,-471.059885347393
71565,999,-0.331326168480154,0.259698632056338,9.81364215949747,727.513603636929,165.256448941068,-467.201058581695
71575,1000,-0.331094512238408,0.259326445929755,9.81328884631696,726.043610929154,158.090009582124,-467.872099087851
71585,999,-0.33123852526149,0.259797877393216,9.81319344046373,731.089599338891,143.186902311081,-476.718973443123
71595,1000,-0.331163873663926,0.26008601217595,9.81283057888287,717.62051975565,136.415711533795,-466.992709774873
71605,999,-0.331458838652794,0.260361549951622,9.81344171849354,732.839417331793,157.064688579019,-471.272305401033
71615,1000,-0.331557362348361,0.260429307829575,9.81301860735179,721.49080343153,152.507522339009,-463.310267026782
71625,999,-0.331442434590932,0.26008056998434,9.81265094918304,721.211302599727,149.783007667683,-476.416380774117
71635,1000,-0.331331179327809,0.258584672540442,9.8136253256627,712.274452603199,135.121290877965,-473.835457866477
71645,999,-0.331707065485737,0.259498191477847,9.81258881488601,712.877714740765,150.971489413961,-481.285371902651
71655,1000,-0.331456452273104,0.260110175174787,9.81323874991758,711.797868784391,154.731392516688,-481.804923515332
71665,999,-0.330141086257566,0.260401332455262,9.81351772761142,717.237456872247,152.95421620591,-474.325740515538
71675,1000,-0.330804980737108,0.2608269427305,9.8126515142483,720.888900787779,155.225845482662,-468.174389164187
71685,999,-0.331515717645375,0.260804827767951,9.81422823321086,727.687046089996,160.423602008257,-466.89846591269
71695,1000,-0.331992966493313,0.26104999489808,9.81426449920404,712.040095355052,152.809857649693,-469.548434965714
71705,999,-0.33156940179204,0.260384451450734,9.81409288792826,714.77921430122,161.026585889399,-480.075001226631
71715,1000,-0.332174109803776,0.260768664256198,9.81441544345185,730.964104523974,159.677672919445,-470.812557103118
71725,999,-0.331122263924933,0.260154142458107,9.8145153889516,712.913224059725,175.004428767205,-485.466652419809
71735,999,-0.331592511380932,0.259557941306211,9.81379080273671,706.713184852559,174.342130763674,-473.087861415063
71745,1000,-0.332350657869378,0.260738262424099,9.81371277815767,711.408668553906,172.438099323825,-468.421717408461
71755,999,-0.331954306203734,0.259783279540662,9.81532652577558,710.392716056216,166.442864769741,-469.97940945165
71765,1000,-0.331730072861122,0.26066259329641,9.81578769437795,700.269773229288,166.6450090135,-474.934694507698
71775,999,-0.332361550855233,0.2596649978943,9.81497600302352,689.524934800535,169.133352921002,-471.079746429849
71785,1000,-0.331240773885184,0.25891946563879,9.81519662970817,713.948812527756,149.46257832826,-471.527060919912
71795,999,-0.331445547546789,0.260049520954582,9.81494413876481,720.301588294044,166.120665807199,-469.53927466037
71805,1000,-0.331788261809454,0.259152329122622,9.81407399282459,714.625123006516,161.198899710534,-468.366755576401
71815,999,-0.330781349986554,0.259890013286915,9.8151178401021,712.509183527401,165.058023815161,-469.649308358189
71825,1000,-0.331786509357475,0.258496569833298,9.81485578676331,717.066631557444,154.731001096761,-467.047671606935
71835,999,-0.331107764064624,0.259027953102993,9.81558550919608,716.115859522655,145.120814230445,-475.068467975823
71845,1000,-0.331376955686789,0.259404981643689,9.81413441041022,710.448783786959,159.144867052285,-465.316373897011
71855,999,-0.331302281652144,0.259306613216065,9.81451016260201,702.343940571359,167.515311730149,-468.053819739801
71865,1000,-0.330845466656427,0.260285898010705,9.81434201334303,717.070232232891,151.611629501432,-474.769809011515
71875,999,-0.331493268120248,0.25993523822495,9.81459025032352,718.170853287311,150.767525818663,-480.13001807554
71885,1000,-0.331598565719601,0.259832306617185,9.81437326789125,717.215462216443,147.764730968879,-474.302633438996
71895,999,-0.331002154377374,0.260555963203341,9.81381605994969,712.687831610374,134.191616219596,-472.702743472693
71905,1000,-0.330723868279267,0.260529246789488,9.81451278841783,717.195049112991,144.222170380683,-479.743854813041
71915,999,-0.33101959680649,0.260588035463132,9.81483857319593,713.15963589092,129.684949108091,-469.731833631555
71925,999,-0.33103684194278,0.259946365796868,9.81421082918846,722.702411229124,138.050344732371,-479.552341161986
71935,1000,-0.331572346721172,0.259911281356899,9.81458974220886,721.157240615043,152.406832221944,-485.844618171821
71945,999,-0.331132529821382,0.259103735606796,9.81607457875822,700.38108191976,146.305370275737,-475.150993249187
71955,1000,-0.330734001451336,0.259449296923459,9.81466409419056,689.434535231821,162.715377156063,-474.824770843576
71965,999,-0.332144789998411,0.259900181972549,9.81510676447956,690.794246315162,158.625362381114,-473.583013055253
71975,1000,-0.331411974768856,0.260403010891366,9.81490786885132,696.995703932906,148.953571144529,-472.653778477164
71985,999,-0.331760045532348,0.259297591736032,9.81431517028751,700.167559017024,152.989428020527,-475.233518522552
71995,1000,-0.33165022360038,0.259959272321381,9.81519553332796,688.503712698907,144.879491000185,-472.571335729073
72005,999,-0.331938431776098,0.260304745519547,9.81523557560517,701.185126300037,155.445580379296,-476.361363925207
72015,1000,-0.331154776697278,0.26054739953345,9.81566864625604,712.65448822759,148.961873378295,-467.047671606935
72025,999,-0.331352382010246,0.259135423868328,9.81536816833895,718.894929372027,150.327433841599,-468.906580897905
72035,1000,-0.331735999088907,0.259336025407699,9.81593541306584,724.623897447111,148.698456888716,-475.51179374434
72045,999,-0.331935268876124,0.2604106751997,9.81496587291551,722.950073044862,154.888480200456,-478.837122126157
72055,1000,-0.33040056050318,0.25993491828415,9.81426965313742,736.740508502749,129.982982882355,-475.236984584034
72065,999,-0.331115179700426,0.259378873851483,9.81550924040962,736.131398643363,131.501707628275,-490.693253066256
72075,1000,-0.330117329423245,0.259654011748369,9.81467904976236,746.193251325553,122.070341385234,-495.820190690904
72085,999,-0.329923540824147,0.259370532031666,9.81479794407142,739.818764580897,114.438027502268,-484.696416535069
72095,1000,-0.330746456131135,0.259003826049065,9.81366346057135,721.117925746065,136.510814018822,-487.630877713805
72105,999,-0.330895376383839,0.260341644802612,9.81430828433279,733.437730500407,140.902113951738,-478.644563154971
72115,1000,-0.33022120273097,0.259917501354637,9.81403879889021,728.335688009203,137.339170044691,-490.736221225256
72125,999,-0.330741621110444,0.259272865154136,9.8136218867612,733.433441896372,145.592815759127,-490.335643548342
72135,999,-0.330186392358269,0.258483081546398,9.81401928260073,744.392528344285,139.412555412465,-501.504063877068
72145,1000,-0.331324035972889,0.258910594432985,9.81539132306816,744.707962025857,145.514121548316,-488.45530519472
72155,999,-0.331087596273947,0.258685554125531,9.81397818333619,757.774589850087,130.255051862724,-494.076789274221
72165,1000,-0.331184487502339,0.259510650094829,9.81542164451074,753.07096369132,134.659088407601,-489.856831912278
72175,999,-0.331068326221157,0.260165557283855,9.81397145055012,733.398539271146,146.279775691328,-495.259651525785
72185,1000,-0.330939659072046,0.260117936434692,9.81439063972373,736.5531468069,144.501694184106,-497.249198324493
72195,999,-0.3310403993138,0.259628412679816,9.81636409951466,716.280977814075,145.567261783413,-493.444095511756
72205,1000,-0.331884645223752,0.260481082754876,9.81534259749687,730.741968502925,151.915665511718,-482.849198324492
72215,999,-0.330949117016783,0.259205506115801,9.81585632820809,738.883010917355,137.727360845726,-491.601031073272
72225,1000,-0.330499767545295,0.259294677676435,9.81640485364977,751.382293385989,143.046842233959,-494.363702141287
72235,999,-0.330762028381085,0.260150058661595,9.81606768690614,750.89883747319,159.448553478633,-482.6607931254
72245,1000,-0.331649501675552,0.259555206901851,9.81556890594689,735.125352746765,150.126279424196,-485.432404431362
72255,999,-0.331366670146304,0.260054336362726,9.81455916260302,744.109481397819,144.601808372765,-485.796753513269
72265,1000,-0.331052625904875,0.259177858567435,9.81577448853971,735.834431051932,137.676009508563,-492.440038019149
72275,999,-0.330982581214608,0.25863035839819,9.8149845772078,726.536862331589,148.301453709943,-489.125272872323
72285,1000,-0.331557472335571,0.259651319754089,9.81529561219222,727.625163583268,148.118083796832,-492.137747942813
72295,999,-0.330943550244421,0.259453846254588,9.81512545974655,732.924887623422,161.024866629046,-493.554129209576
72305,1000,-0.331144349836048,0.258898566641526,9.81498998584756,740.832791215979,150.364054135067,-499.66751893518
72315,999,-0.330591490036876,0.25913455554717,9.81612941875732,744.283953810071,142.763939100886,-503.044535646548
72325,999,-0.33068892560646,0.259945279269424,9.81462613620181,724.943344309006,151.142960915651,-480.900253960281
72335,1000,-0.330778771381286,0.259115584371027,9.81504826450429,754.035901766159,132.16059051595,-483.618663973347
72345,999,-0.330426400646917,0.258607947359171,9.81328267593592,729.849549426375,137.74369056015,-487.529784253933
72355,1000,-0.330261502651139,0.259979117308489,9.81317875916521,721.188892272362,158.371905036769,-482.656831912279
72365,999,-0.330445943037237,0.259935455278613,9.81325591053816,729.970198327813,143.271175435462,-492.371266958012
72375,1000,-0.330307090222936,0.259477806831164,9.81443282176281,737.248532297297,150.247310391335,-494.418663973348
72385,999,-0.330442370602585,0.259518793674899,9.81207192023672,739.127426345574,152.474676512222,-489.895508757063
72395,1000,-0.330549303583834,0.259067749264392,9.81496043232839,726.175390938514,158.773202092068,-488.015610538232
72405,999,-0.330819635505189,0.260981164801783,9.81385970650782,722.435333521105,154.831320444259,-487.199683160473
72415,1000,-0.330865259560011,0.259522428636496,9.81299082550145,734.026890056904,160.042783394822,-482.491946416095
72425,999,-0.331053406301022,0.25925381168983,9.81249695569662,724.964119067561,167.53939995615,-486.264396729003
72435,1000,-0.332113171411455,0.260109867713454,9.81501533779105,729.817443279692,141.455404050379,-495.490419698538
72445,999,-0.330664768801761,0.259667721394448,9.81419900011344,746.269418568404,128.846597110077,-487.997427469668
72455,1000,-0.331289355453701,0.259548096143516,9.81566955785193,743.588021616204,146.275270878769,-482.849198324492
72465,999,-0.330955789201158,0.25972997159834,9.81365670519174,731.280374847392,148.24028491852,-484.3112985927
72475,1000,-0.331606463207305,0.260382285224012,9.81417631663879,717.25978689677,149.724603682763,-475.072099087851
72485,999,-0.331308229036153,0.260798610650218,9.81580268842575,729.214261770447,164.742585311037,-490.225609850522
72495,1000,-0.331089031666488,0.260160096682863,9.8140283132558,721.377786112393,165.715525738724,-490.543854813042
72505,999,-0.331323839878737,0.260153045162589,9.81558654628641,733.611739807193,167.524795023,-485.274093448623
72515,999,-0.332031963688108,0.260147596656377,9.81489050770445,725.378180207727,178.99600980506,-475.866212285017
72525,1000,-0.331279376938856,0.260835227535404,9.81522679154182,716.647555954989,178.459841653328,-494.611030385562
72535,999,-0.331951964226341,0.259457959611399,9.8155796411363,720.911064063045,163.296964835834,-480.95527080919
72545,1000,-0.33173754471242,0.259585523191078,9.81645248222395,711.715529386358,170.390970628228,-478.369809011515
72555,999,-0.332075747008946,0.259542607008246,9.81435795520201,728.75060800814,181.727127818491,-475.481094342647
72565,1000,-0.331664153560162,0.25930459640522,9.81536538256502,721.932585464906,151.328056,-480.595763209988
72575,999,-0.331242325045498,0.258696130834299,9.81443883811635,735.46735830011,160.502665179154,-485.576686117628
72585,1000,-0.330849063882692,0.258897522689554,9.81379770348857,724.211339494742,165.112177609022,-491.533167790141
72595,999,-0.330228798297085,0.2579888139835,9.81418924545055,721.185952798035,176.472262056195,-482.523251003125
72605,1000,-0.331586669585581,0.258888274810791,9.81383410466918,720.177733325769,166.034436018915,-490.846144889377
72615,999,-0.331665803168703,0.259500052580832,9.81433598967765,720.171162037955,154.812831828049,-494.461907216591
72625,1000,-0.331276158092696,0.261043126587853,9.81376116918908,711.371374232676,154.292247971788,-486.33927466037
72635,999,-0.332032003892126,0.260326730740877,9.81514971778107,726.009991351391,165.392595163425,-486.814565218103
72645,1000,-0.330705336024269,0.260373710916776,9.81337838378976,725.033214568855,151.948510426208,-486.476679240522
72655,999,-0.331924134761022,0.259595917915391,9.81566785517498,732.618615680909,151.277399394268,-488.960222325592
72665,1000,-0.331261496056014,0.259876905847091,9.81338056175663,741.934944952743,139.567667793701,-490.736221225256
72675,999,-0.331624385844911,0.260071888382295,9.81415322364078,730.251220641593,139.231945757778,-477.984360968052
72685,1000,-0.331612830743921,0.259597875071616,9.81463168510565,732.90108227441,132.651411060511,-496.204923515332
72695,999,-0.331268093015465,0.260064777946091,9.81588305574291,733.88818236895,158.343298835385,-487.804868498484
72705,1000,-0.331071166280907,0.259084386989763,9.81593343603865,729.83434770819,157.215851510516,-492.165228858844
72715,999,-0.331729495958331,0.259585715418132,9.81573267374194,738.469235431689,149.880772450319,-491.078371008627
72725,999,-0.332053567801224,0.259065333902929,9.81603667129813,743.149055840251,129.301323637841,-490.363151972797
72735,1000,-0.331157512152732,0.259428682900736,9.81566539231646,733.849148133162,147.867243382272,-492.769809011515
72745,999,-0.331907135227559,0.260237107758703,9.81707823426481,744.782610109049,146.398428551207,-478.589546306061
72755,1000,-0.331508981444845,0.260655151299293,9.81573621715253,745.76548506664,138.430325820195,-482.244618171821
72765,999,-0.331789808742768,0.260526629369277,9.81708510766197,738.438227926019,133.985147939729,-478.672071579426
72775,1000,-0.33241122481502,0.259903893885327,9.81613070409191,742.487453356328,133.896114880379,-470.785076187088
72785,999,-0.330858697948065,0.260150512636559,9.81697842070623,742.219237018107,141.30758283574,-493.251536540571
72795,1000,-0.331675397184826,0.259417593764592,9.81639923718071,748.095713037356,143.344105719726,-493.814083820676
72805,999,-0.330881884423082,0.260761098861212,9.81537088723532,736.173440629237,147.136128634755,-489.812983483698
72815,1000,-0.331374662010773,0.258592603220502,9.81571534327211,744.554778758615,142.959944912609,-483.426297561133
72825,999,-0.330773595835061,0.260641149029527,9.81647188810286,736.505254047852,144.507243499377,-486.897090491468
72835,1000,-0.331635443333455,0.260813638139841,9.81677971659117,734.199852210749,142.584286062686,-483.096526568767
72845,999,-0.331945603038425,0.260320282168089,9.81653376721578,729.533938934124,142.874960496208,-476.966549263217
72855,1000,-0.330983192197119,0.259557846140276,9.81705449605095,741.181424767139,154.496719853759,-484.498053286324
72865,999,-0.331701512992213,0.259337080211859,9.81782703526382,734.170465032674,144.314621160937,-486.677023095829
72875,1000,-0.331331353495174,0.260974600537701,9.81493836311653,734.795186790663,149.737462281002,-487.575915881745
72885,999,-0.331102659325376,0.260167885486912,9.81563606469713,739.512659299133,151.735936881048,-485.08153447744
72895,1000,-0.331718777609903,0.260620851889153,9.81741942372977,728.283950392818,140.235184016948,-481.832404431363
72905,999,-0.330838630412934,0.260086835520244,9.81774604531367,735.788547613789,147.246919753638,-486.099346182275
72915,1000,-0.330657792574828,0.260097558773548,9.81588355886227,721.517850021814,143.189113363113,-478.479732675637
72925,999,-0.331747131525346,0.260022124500403,9.81804607052577,729.989733129499,145.904330219911,-483.128436341135
72935,999,-0.331535572989817,0.260042917599502,9.81875555618191,743.510311256378,130.567099138288,-493.251536540571
72945,1000,-0.331503562998189,0.259783729100494,9.81814760856338,731.382962658071,145.179017683978,-489.966755576401
72955,999,-0.332294757026331,0.259768240639865,9.81670514199659,729.26860419721,140.787510273632,-494.18682297204
72965,1000,-0.331404244505356,0.260847468270098,9.81651351343614,737.460086014193,139.320424555614,-489.582022751974
72975,999,-0.331922923315509,0.260821941648636,9.81728817426171,737.091345769544,147.211168072286,-495.0670925546
72985,1000,-0.331727617545089,0.260278543658872,9.81589969594642,724.987765973961,153.33978374897,-485.130114355026
72995,999,-0.331280765551253,0.260200013413171,9.81641331943128,735.533404523098,152.936112820931,-491.931132166731
73005,1000,-0.331958454353833,0.260626033040693,9.81842483798873,736.787481237548,150.486696844555,-504.036984584035
73015,999,-0.331280735740206,0.259764504593816,9.81647029219761,729.175357186011,167.498498601766,-485.411635570899
73025,1000,-0.331602708927683,0.258817545988859,9.81851815117429,749.920561732676,152.268515233357,-486.943854813042
73035,999,-0.331614049225511,0.260132641384022,9.81709760546321,737.839737106045,145.307238460509,-489.372848692418
73045,1000,-0.331739146140588,0.25923853370205,9.81750855572403,731.913264672232,146.771534695475,-490.681259393194
73055,999,-0.332084649471727,0.259421812473169,9.81706232104482,739.966242915485,141.200652804669,-485.961804059999
73065,1000,-0.332005741454951,0.260134403630402,9.81801203062569,741.501559700995,147.683775900521,-490.543854813043
73075,999,-0.332148857955438,0.260190066366363,9.81704116124373,737.274974249565,146.502768020478,-476.443889198572
73085,1000,-0.331358353013492,0.26054551370509,9.81597952091265,748.732806203918,136.263050210313,-486.476679240523
73095,999,-0.331226916491988,0.260935235216356,9.81817764614086,735.631982387039,147.197595117958,-492.233724835736
73105,1000,-0.330878348501614,0.25980847043737,9.81785133609212,757.799071001849,148.49829159233,-485.872099087851
73115,999,-0.331526785341191,0.260011585187917,9.81851329242989,767.409196155045,143.097406120273,-486.814565218103
73125,1000,-0.330883563567976,0.259009733932922,9.81831405491725,769.470421211478,139.076931436894,-500.327060919913
73135,999,-0.331670447315228,0.259270167246925,9.81849471575411,753.570780801378,146.833557813251,-501.118945934698
73145,999,-0.331619787542316,0.260350396401322,9.81918954408404,758.904156079827,166.690740816887,-493.169011267207
73155,1000,-0.332334152165963,0.259120420959645,9.81888357424297,757.010607043504,157.800430660601,-501.481259393195
73165,999,-0.331308523395582,0.259267030253448,9.8184845383113,764.733714759227,151.756665818273,-496.82763171972
73175,1000,-0.331687510371934,0.259801576148078,9.81761293349561,751.8550982146,167.923506855699,-480.568282293958
73185,999,-0.331308831517454,0.259642637747431,9.81654746899168,752.301840374894,160.682169060736,-482.44072572976
73195,1000,-0.332992154970966,0.258459532160861,9.81787982712336,756.891770976924,154.185620155196,-496.149961683271
73205,999,-0.331482765593824,0.259837284705874,9.81788491654201,757.554974632552,164.467586582164,-491.490997375452
73215,1000,-0.330909874374314,0.258726641893455,9.81722690021942,770.40109376957,155.158145952571,-497.963702141288
73225,999,-0.333017006088574,0.259518945718104,9.81812351842117,769.451558766007,161.293659094694,-493.829213454126
73235,1000,-0.33129450483711,0.259977824651243,9.81707544817454,772.481270462368,154.676774793064,-491.615610538232
73245,999,-0.331754910198435,0.259752802340707,9.81799439806801,759.774655224276,144.302688446577,-494.709483036686
73255,1000,-0.332605986965325,0.26053831193236,9.81901473322698,789.633637709035,159.060081185979,-486.146908248156
73265,999,-0.330962575789537,0.260711183683357,9.81862857396478,768.49000910169,155.065079061382,-495.314668374695
73275,1000,-0.33139730447595,0.259607939111294,9.81891337422757,775.670225711163,143.517994220787,-495.600343362661
73285,999,-0.331731161799155,0.260249448617248,9.81881447928978,759.550365028578,151.715424447032,-486.814565218103
73295,1000,-0.33194170777939,0.259507800752573,9.81957927982003,770.966907809867,151.489740465607,-489.856831912278
73305,999,-0.331323414262447,0.260347353480102,9.81821554387554,747.745666683611,153.089094879393,-481.973082514026
73315,1000,-0.332489413747153,0.260284443475114,9.81799590479763,755.191892354066,157.389165223313,-507.664465500065
73325,999,-0.332116681803795,0.260210796221393,9.81787473113714,751.078190017971,159.511053722032,-501.008912236878
73335,1000,-0.331981246509042,0.260569222652734,9.81703377812081,747.106874351744,155.826658190631,-492.440038019148
73345,999,-0.331961320782402,0.259279295082151,9.81715210541073,746.46831612991,160.269626688528,-499.523457316309
73355,1000,-0.331569149623424,0.260179632208513,9.81776436354826,739.873236656673,157.250167212577,-490.653778477164
73365,999,-0.332076128975512,0.260175640166396,9.8173549741906,747.084398933527,168.997538898167,-494.29685666986
73375,999,-0.331844829675302,0.259819969410475,9.8179438019222,746.789491601558,164.527615892402,-488.657629656587
73385,1000,-0.332082255521722,0.25988510690437,9.8174865289945,752.781693410208,155.098494390072,-486.31179374434
73395,999,-0.331045972206578,0.260568082509464,9.8173722892726,746.669104266306,153.339006903459,-479.029681097341
73405,1000,-0.330629806307023,0.260635316128665,9.81770149640736,740.714248485219,148.602782730269,-479.386602904644
73415,999,-0.331599131235482,0.259924697173557,9.81785794846871,731.176627371441,172.55485450175,-485.631702966538
73425,1000,-0.331503983943383,0.259168738068201,9.81885960470906,737.477530108939,169.833881538859,-477.957595271057
73435,999,-0.331527300772591,0.260335754019899,9.81727059211106,741.393274768977,151.742356635859,-481.120321355921
73445,1000,-0.331435832251799,0.259642224654063,9.81835800095412,732.137247026503,154.778583615777,-487.053778477164
73455,999,-0.33110772222891,0.259322383681208,9.81790441988688,760.788387229902,151.622931896189,-492.481300655831
73465,1000,-0.331616262691102,0.260702081176626,9.81860168640485,736.177985207245,153.303634788009,-493.401870080217
73475,999,-0.332733506701294,0.260162267258454,9.8178158486455,741.298388578767,161.497223965372,-488.520087534313
73485,1000,-0.332496523068431,0.259909976702591,9.81614714551398,728.330001738753,178.304903102442,-499.722480767241
73495,999,-0.331672902197926,0.260054565502385,9.81761040717097,708.549539286226,156.150677018416,-486.842073642558
73505,1000,-0.331523681223771,0.259636156489025,9.81713907732099,741.776417677216,148.245228776781,-490.98354946953
73515,999,-0.331332504573096,0.259559176031474,9.81883600780408,733.758087240015,155.089299198592,-494.654466187777
73525,1000,-0.331506644413895,0.260010035707797,9.81751542272659,746.692898326975,145.615069616361,-491.505686874111
73535,999,-0.331686097714101,0.260503277097044,9.81753829353407,726.371259448534,160.116959364888,-489.482882390237
73545,1000,-0.33112557702351,0.261310449248867,9.81712884898796,738.576316577845,161.139040519619,-477.490419698538
73555,999,-0.330329076642658,0.260094727626929,9.81724148985146,744.728982896058,154.826047423354,-486.099346182274
73565,1000,-0.33114215669731,0.260124128885032,9.8186770551591,752.31756238077,154.292946111798,-493.154541835942
73575,999,-0.330393130181924,0.260795636557425,9.81704724062155,752.200998222891,156.084216671001,-488.712646505498
73585,1000,-0.330586365995367,0.259627820341357,9.81885770918197,751.661810364841,156.897684475055,-480.485839545866
73595,999,-0.331090698528687,0.259405801312624,9.8179119238533,743.890242257055,158.021982447194,-488.547595958768
73605,999,-0.331644661778424,0.260174343448548,9.8174522179537,744.223091549383,165.681030148074,-479.579849586441
73615,1000,-0.331554799199211,0.259950640472108,9.81684543118425,740.451178235823,156.264112505373,-483.453778477164
73625,999,-0.331544686942226,0.259588181419902,9.81722916701306,746.952533511942,168.334317155006,-497.982985546829
73635,1000,-0.330482542292678,0.259776833815168,9.81877208514296,725.133342198323,167.050267082414,-485.569809011516
73645,999,-0.331184262985548,0.258318107468125,9.81700133482001,731.865613098572,159.166482488316,-482.71580997431
73655,1000,-0.331114206953135,0.259120458025442,9.81782165374306,739.450723271756,153.55237044461,-490.049198324492
73665,999,-0.331347385284397,0.259917915172389,9.81695456683806,731.398054680075,148.679409757379,-502.906993524274
73675,1000,-0.331867115827377,0.260171827110936,9.81779572750287,735.079369381176,151.480671809009,-503.542328095485
73685,999,-0.33235553956076,0.260214506899073,9.81830638812968,734.152203605214,151.446568952395,-493.994264000856
73695,1000,-0.332686460469733,0.260431782831011,9.81822126631268,732.897560731511,138.416209957314,-488.043091454264
73705,999,-0.332224742792497,0.259856464592506,9.81732272702721,754.539531132288,146.998664060751,-489.675441361423
73715,1000,-0.331551710511984,0.260345631830783,9.81829728240674,756.582420766229,147.189286231256,-487.411030385561
73725,999,-0.331615365420886,0.260254664673113,9.81732093495867,743.853074031787,149.202874611928,-485.796753513269
73735,1000,-0.333147208388207,0.260623468645262,9.81755528536318,732.647131035418,169.534925923469,-485.734694507699
73745,999,-0.331456099913877,0.260422753781811,9.81724465676122,727.418152932297,169.022908449978,-494.379381943225
73755,1000,-0.331701880505015,0.259642812149121,9.81672898761136,724.397446321509,178.645691296992,-490.049198324492
73765,999,-0.331687448347648,0.26117710319062,9.81656048621878,729.283992718438,165.390725917047,-492.976452296021
73775,1000,-0.332986310909124,0.260595726242155,9.81625075085107,744.628624961681,168.507196933299,-481.914847179455
73785,999,-0.331496488322163,0.26022679924315,9.81736910915951,734.467127910413,166.482746628588,-487.639817951754
73795,1000,-0.331887351458544,0.260312141443409,9.81788209530853,732.293175366007,170.408892851172,-481.969809011515
73805,999,-0.330536940408824,0.260498992720533,9.81769845749297,734.323548448748,158.600921757227,-493.389078662847
73815,1000,-0.332095460981802,0.260526582387927,9.81703336582241,736.588616552308,169.352535991872,-493.978969316859
73825,999,-0.330965295459752,0.260273806987162,9.8175687308956,737.422630132053,147.095579779957,-494.516924065501
73835,999,-0.330619304910766,0.260192963375044,9.81761922662509,752.821429610816,160.043206044725,-487.364733707203
73845,1000,-0.331252568692825,0.259586257223291,9.81596323194951,772.149178600835,145.42072030628,-498.65072504205
73855,999,-0.33045447206257,0.26069009904347,9.81691875751323,739.746818341886,160.454544739061,-503.787263106832
73865,1000,-0.330816209833598,0.2605665058061,9.81643129845789,735.667355929133,144.270940126996,-497.908740309225
73875,999,-0.331442023551525,0.259571070616689,9.81760692631557,730.963110769258,153.829073790086,-501.146454359153
73885,1000,-0.330792858692621,0.260246196309857,9.81766982776442,732.595820807003,154.589628462859,-500.849198324493
73895,999,-0.330720001423822,0.259863839392533,9.81766976568644,735.961192962281,154.849879336123,-496.77261487081
73905,1000,-0.330568122805254,0.259854674682465,9.81708704608501,733.193777685211,169.264377058542,-500.436984584035
73915,999,-0.331543784110372,0.25949264538624,9.81791496956981,728.134313764889,159.603373743906,-496.11241268389
73925,1000,-0.331975389276705,0.259333478644737,9.81807509902573,724.383234299798,153.641617807623,-504.119427332126
73935,999,-0.331496535836529,0.259590565511226,9.81785224143831,730.159995465963,162.775421165645,-491.353455253177
73945,1000,-0.332249695137377,0.259412641566156,9.81776833228708,727.864081761898,154.90415594144,-500.656831912279
73955,999,-0.331157266190152,0.259132109751331,9.81778573360716,745.327314896239,134.019450626532,-490.665744641802
73965,1000,-0.330200353523849,0.259734548255912,9.81746257863396,733.977892873811,144.069541924237,-488.070572370294
73975,999,-0.332220763781043,0.259191374021415,9.81689030904292,719.22244650276,161.05667676443,-496.827631719719
73985,1000,-0.331388476970282,0.25911077481041,9.8186772490437,733.656929215373,148.734613430512,-500.849198324492
73995,999,-0.330960256754551,0.259773411512261,9.818732640763,743.19504697483,148.319432977498,-494.104297698676
74005,1000,-0.330883454197182,0.259920521724383,9.8175129508866,739.530752851248,141.590083839242,-489.032404431362
74015,999,-0.331041019500493,0.259115666154206,9.81667029755839,739.313607657312,144.270716273924,-485.026517628529
74025,1000,-0.331726917580449,0.259361057249347,9.81755364180905,743.330784358657,149.918955199369,-495.985076187088
74035,999,-0.331801680732172,0.259452876482366,9.81818132849429,735.888160687404,147.303414991344,-484.80645023289
74045,999,-0.331991413915865,0.2592021562045,9.81836903186528,745.093659452519,156.160889634833,-480.185034924451
74055,1000,-0.330475011550971,0.259960046598784,9.81883982464575,745.031848058585,158.543686176067,-482.574389164187
74065,999,-0.331102154156876,0.258211806502154,9.81797310891228,740.682689648998,151.725317988993,-489.895508757063
74075,1000,-0.33104550549608,0.259304552581841,9.81858832673764,760.974206726231,143.940715035999,-499.337747942813
74085,999,-0.330392695549653,0.259606107825695,9.81848734644421,764.868811470919,144.282362429364,-495.314668374695
74095,1000,-0.330798031332674,0.25901597957599,9.8201366752052,766.183581811394,140.684956734271,-496.836984584034
74105,999,-0.331834178100269,0.259880144455342,9.81876580293236,755.459687559099,156.645298944243,-498.285578215833
74115,1000,-0.33156776329857,0.259384422845379,9.81725982860498,742.551435185515,152.116620150294,-498.925534202355
74125,999,-0.331932867319044,0.259363894694389,9.81813286619027,751.838585108195,156.057763368565,-493.499112360665
74135,1000,-0.332086939436477,0.259007973501703,9.81690823747835,761.55167286989,166.741037497412,-507.554541835943
74145,999,-0.332043305736981,0.258545581537408,9.81955268703636,750.762123578619,161.704131344379,-498.368103489199
74155,1000,-0.332238793856891,0.258640949883038,9.81929531161814,764.903749438982,154.626559086207,-500.079732675637
74165,999,-0.332321908139847,0.259601969327551,9.82011492825311,755.467346043387,161.500325393883,-489.152781296777
74175,1000,-0.330620341109356,0.25881505599793,9.81991484985819,769.018378685045,155.058622863249,-485.652251759607
74185,999,-0.332302903983999,0.259512450450027,9.8194722840643,775.909464653544,150.649082535269,-492.178707986826
74195,1000,-0.33210709374016,0.258579355599919,9.82009500948903,761.049870705805,134.170345140489,-491.972862446629
74205,999,-0.331696168215693,0.259257429660802,9.81938312142419,767.722827536733,153.747011168074,-487.997427469668
74215,1000,-0.332047889180052,0.258927294173404,9.81776924131838,771.340486455365,140.457292667274,-503.404923515333
74225,999,-0.332147073002886,0.259657142834449,9.81797080817042,756.562997651621,143.544870207688,-499.578474165219
74235,1000,-0.331728555990369,0.259658987973764,9.81883486976956,765.931967026754,150.578223448125,-497.084312828309
74245,999,-0.332226206866913,0.26024406070791,9.81992933813852,778.205935338318,153.283710467844,-499.523457316309
74255,1000,-0.331140742106168,0.25903375809314,9.81971525083304,777.532456652745,161.337004617207,-493.01713725579
74265,999,-0.332210646845934,0.259909201580147,9.82017413867003,773.490096658701,148.149723332203,-495.589752619246
74275,999,-0.331770977005464,0.259455270850453,9.81848626453685,773.588128867772,146.39941665043,-483.7611301036
74285,1000,-0.331629005271462,0.258599700972578,9.818809191871,773.505291289213,143.266335744531,-485.734694507698
74295,999,-0.331084393917635,0.259589142215783,9.81864700366714,769.155910050005,154.880508133929,-494.049280849765
74305,1000,-0.331630029405824,0.259165606221107,9.8188138341952,774.600322093714,150.086628490882,-498.403396797775
74315,999,-0.332120440560601,0.259644385252931,9.81785634033498,750.627704757108,139.470598087829,-503.677229409013
74325,1000,-0.332096996812195,0.259328432392749,9.81887493769323,756.549652312595,152.406302865678,-484.80034336266
74335,999,-0.332155558251938,0.259807754904558,9.81820760901706,758.95953255398,154.844555804526,-493.526620785122
74345,1000,-0.332476263850491,0.259926234072826,9.81950438840726,757.33609098194,153.95034637273,-497.056831912279
74355,999,-0.331390048383724,0.260459258674283,9.81928686939681,768.63673834745,156.729192468591,-503.347128315553
74365,1000,-0.332548829898084,0.259364590980366,9.81772870679466,773.908588702899,145.779706162731,-495.05072504205
74375,999,-0.330750452736231,0.259685113672674,9.81894578233848,763.167574756002,146.30661213126,-488.877697052228
74385,1000,-0.331030379367697,0.260046962061657,9.8198370078731,761.43401990088,153.43153342936,-494.858358629836
74395,999,-0.331964494752979,0.259376304928398,9.81964805668014,777.483009164945,153.615121154043,-480.267560197816
74405,1000,-0.331392760347479,0.258918560908731,9.82008975208497,787.322389386394,144.797365914872,-488.949961683271
74415,999,-0.331196972844702,0.258744057129686,9.81988840335091,784.904616214862,143.047803313419,-493.169011267206
74425,1000,-0.331698623655724,0.259370629069593,9.82045427617895,794.556419628122,136.197456266002,-486.806450232889
74435,999,-0.332283461585255,0.258828006895081,9.81910476438991,783.744291583306,145.560216674693,-487.832376922937
74445,1000,-0.331815233590236,0.258904735893149,9.82118860614319,786.862184197366,147.050779131774,-482.656831912278
74455,999,-0.332437137395809,0.260695684365944,9.82015679028351,793.583971012331,152.939444204477,-488.162478016398
74465,1000,-0.33221381579987,0.259169216209091,9.8207786511893,777.745672663457,149.751831952114,-481.310267026782
74475,999,-0.330898526324402,0.25884123793774,9.8192265813519,772.412717554322,150.201331099967,-489.070256023412
74485,1000,-0.331923055759459,0.259297971733379,9.82025740760129,761.414347337692,158.16741033268,-487.026297561134
74495,999,-0.330739562341725,0.258726272309267,9.82023901824404,759.806831194051,158.78046918777,-494.90204200787
74505,999,-0.332137767137888,0.259460702704342,9.82243266010195,772.33019144866,147.171642437807,-486.291905153458
74515,1000,-0.331269696897132,0.259615350948767,9.8213686176845,768.740780227013,148.83108074157,-482.904160156553
74525,999,-0.330279146114265,0.259136928911256,9.82083247841235,765.855702123652,135.955461569037,-480.075001226631
74535,1000,-0.331106802132984,0.258348988643529,9.81994079020034,773.302173879629,151.276489801904,-484.113320461897
74545,999,-0.330967835343733,0.258687950515947,9.82009250730435,769.108742397248,147.426262724369,-487.419750556112
74555,1000,-0.330719745301094,0.257932545958751,9.82053601574634,782.45935599223,153.301051666186,-489.307213591668
74565,999,-0.331145990707726,0.257700483848196,9.81954475809375,774.310120640553,141.196203414188,-482.853352096584
74575,1000,-0.330753758930315,0.259303668845647,9.82190992058827,770.056472413445,127.153648922791,-496.946908248156
74585,999,-0.330613121129365,0.259303175582265,9.81959877333562,755.543849196526,146.479007568901,-490.418168821707
74595,1000,-0.330710532524463,0.25957148765027,9.81967430748912,765.739303880246,160.218952074529,-496.369809011516
74605,999,-0.330990658650247,0.259435749914656,9.82042165250533,784.539321264207,153.713145823121,-484.20126489488
74615,1000,-0.330453784848275,0.25822344944767,9.82129940086778,789.296264188029,158.003984712399,-493.896526568767
74625,999,-0.331664856347029,0.258706769614972,9.81927636598218,788.617206071962,154.240177756925,-500.981403812423
74635,1000,-0.330864020948539,0.25896884335712,9.82003389148622,800.096378578757,161.236348060465,-507.41713725579
74645,999,-0.330955685132936,0.258257345924142,9.81880283410121,804.868929135933,154.787279310949,-502.631909279722
74655,1000,-0.330811987848731,0.259833820944681,9.81967382028484,794.569955734561,162.90099316839,-502.195763209988
74665,999,-0.33036766784465,0.259717179110493,9.81875468660158,804.491811884937,170.730448833805,-501.531572301523
74675,1000,-0.331074106224872,0.259393986741874,9.81858395293928,784.177612813553,173.762963847509,-511.731641072584
74685,999,-0.331518009291089,0.260932077754696,9.81953905165332,786.19990955386,163.587037118048,-506.290529732236
74695,1000,-0.331071113101703,0.260559455010606,9.81915956088037,776.792966770429,147.490771499398,-504.669045652737
74705,999,-0.330658095477643,0.26032892520299,9.81992098311784,784.024416569134,165.102313634671,-494.104297698675
74715,1000,-0.331114889107753,0.260475497715054,9.81868738878525,786.06542774073,166.222405796757,-497.716373897012
74725,999,-0.331501273384308,0.259938469942972,9.81957534746417,777.813452804529,174.293188187478,-493.719179756306
74735,1000,-0.330807177175879,0.260034198186795,9.81993619131388,773.075029605646,181.319436365453,-496.754541835943
74745,999,-0.331397120230598,0.259845971935942,9.82099853571469,787.969398622209,161.960452238005,-493.994264000856
74755,999,-0.330996737136675,0.259719283392668,9.8201831453431,767.85656251746,158.883768676671,-503.237094617732
74765,1000,-0.331107795083443,0.259839763089651,9.8205048163901,792.093036418995,171.092058827282,-500.739274660371
74775,999,-0.330960239549473,0.260173418849579,9.82055441509637,789.177213726333,162.149002989511,-499.495948891853
74785,1000,-0.330395399676583,0.259361796559169,9.8211144128392,776.620846209722,169.981120479529,-484.937747942813
74795,999,-0.331476571332019,0.259440057252457,9.82051173691196,778.773785030553,160.686540120416,-503.347128315552
74805,1000,-0.331936625878123,0.259998012034202,9.82007913840761,770.182140446131,165.252985516387,-497.551488400829
74815,999,-0.332910436018312,0.260397296287375,9.81952625691955,770.205994030382,170.948046280847,-494.049280849766
74825,1000,-0.331296113933231,0.259525311652774,9.8205948400056,780.697610183193,163.27182772103,-499.942328095485
74835,999,-0.331464270474654,0.259968721880886,9.82106260311325,782.48741418804,155.510673271495,-491.215913130901
74845,1000,-0.331725025718446,0.260065527145676,9.82136268302397,789.589408682115,152.220582085353,-500.024770843577
74855,999,-0.331600635201097,0.2609139477196,9.82193411145736,773.601149131483,165.028515493328,-498.42312033811
74865,1000,-0.331198447709077,0.260597657979515,9.8205157027599,781.436231869501,162.836709286229,-484.717900614569
74875,999,-0.332011843981235,0.260607446073296,9.82087679879202,775.798453579344,153.070165794737,-499.275881496214
74885,1000,-0.331415143128541,0.259885792462189,9.8224337775291,773.549841198137,158.732159437795,-502.800343362661
74895,999,-0.332000554386565,0.259470181193037,9.82236798352515,770.234211907375,168.690312287188,-497.570359180004
74905,1000,-0.33014872405993,0.259829259195933,9.81954859535955,769.607015583693,165.524465314132,-495.60034336266
74915,999,-0.329835197098639,0.260650904396005,9.82008890042003,774.694611783293,163.207818719709,-494.104297698676
74925,1000,-0.33121559696506,0.259253698384413,9.82021376274964,773.130757681138,168.113309536327,-501.618663973347
74935,999,-0.331199251373315,0.260017793012127,9.82150860931217,763.875599989059,168.546308833275,-503.292111466643
74945,1000,-0.33039103867416,0.259420191666972,9.82078205406718,776.673522819025,170.173648626445,-500.739274660371
74955,999,-0.331269670407968,0.259407755606991,9.82171910519555,764.926652746699,168.289534886019,-503.732246257922
74965,1000,-0.330609398319871,0.259725865475981,9.81910137221066,753.495924703964,170.781080053988,-506.043091454264
74975,999,-0.331659532867745,0.25878848773392,9.82105788469578,765.452099880137,168.378559922741,-494.984567281235
74985,1000,-0.330705666577242,0.259421030816152,9.82139099905237,758.329693970265,168.080952382245,-499.914847179454
74995,999,-0.33067979070299,0.2598933048245,9.82067280145861,770.885455259111,175.837041805389,-501.449047028158
75005,999,-0.331305224393606,0.260077033087595,9.82037536610486,762.815842259458,172.025767532063,-496.27746323062
75015,1000,-0.330063924802197,0.259698893182383,9.82093685829556,759.284413959883,149.346198056614,-502.800343362661
75025,999,-0.330368396021625,0.260215417396682,9.821760300578,758.328204409687,162.993730971485,-499.165847798394
75035,1000,-0.331150946244007,0.259790245627711,9.82168958175864,773.444134348006,152.544651048244,-497.414083820676
75045,999,-0.331208065489283,0.260482255913044,9.81973769748854,767.970933329926,144.170613091142,-505.465276998586
75055,1000,-0.331018360478138,0.260025608435954,9.81980478895846,773.369929759025,160.26141655813,-503.542328095486
75065,999,-0.330533020656061,0.259863471512762,9.81993894767363,780.846000835672,160.526614435641,-506.125479185507
75075,1000,-0.330394786546074,0.259372488994002,9.82079691758377,766.684594704498,180.194558150603,-491.120954049683
75085,999,-0.330901549554575,0.260629772912301,9.81998081070849,776.641761270358,181.968323611984,-497.625376028914
75095,1000,-0.33047518316274,0.259895694516241,9.82079664129954,767.793411740584,184.247335955865,-497.084312828309
75105,999,-0.330165492846652,0.259798993031669,9.8207185475515,778.081355440259,169.26218084996,-505.822886516501
75115,1000,-0.330950300537686,0.259801763707951,9.82102748140808,778.022871790436,146.478146356058,-509.258358629838
75125,999,-0.33038966569203,0.26077163728463,9.82164546971747,775.663070564026,159.646860572116,-499.908575258679
75135,1000,-0.33046561002503,0.259939467943634,9.82022448012225,774.631615060793,158.800075309992,-500.162175423729
75145,999,-0.330213676924101,0.259673116128389,9.82060001944691,785.965588921099,151.729150647903,-495.424702072515
75155,1000,-0.330631716583297,0.260061269506252,9.82057294026912,787.580949647359,160.945025657858,-491.230877713805
75165,999,-0.329980085426237,0.259562895009768,9.82157509473157,790.231136716921,153.68829389509,-501.201471208063
75175,1000,-0.330193722654017,0.260410422720546,9.82126922914681,763.84642091601,159.341923613402,-496.232404431363
75185,999,-0.330775646707093,0.260145791904602,9.82277836849887,763.970292333951,146.926016871559,-502.604400855268
75195,1000,-0.330473439404739,0.260169468532512,9.82216557359157,770.624181211444,146.012567077078,-505.603396797775
75205,999,-0.330982297089049,0.259741836226533,9.82215799139789,770.868507225696,150.754381193032,-498.53315403593
75215,1000,-0.330934881907432,0.259657882278994,9.82159282257735,768.863046082835,159.841601319098,-501.7560685535
75225,999,-0.330029679254299,0.260657858529199,9.82058545229233,771.950575391797,145.557634712123,-498.533154035929
75235,1000,-0.329855042244801,0.25997327880085,9.82201541306047,781.611071355881,137.088368835542,-499.640038019149
75245,999,-0.331062126824765,0.260466218395712,9.82012227662655,781.339850292042,160.958013519784,-492.151199562372
75255,999,-0.331140580787516,0.260546502520073,9.82039100549848,792.017062260615,162.975949419748,-483.953689074784
75265,1000,-0.331227341481203,0.26015772762919,9.82256717146591,791.146436237814,168.35540275271,-494.775915881745
75275,999,-0.330474066000427,0.260130463066358,9.82092239710991,789.096445790343,152.741435183814,-510.471810249394
75285,1000,-0.330564897568518,0.25971522655188,9.82165515342311,779.971358142721,150.1292048737,-503.32248076724
75295,999,-0.330292914270342,0.259522797220896,9.8209868251863,774.851866583811,167.381153160994,-492.783893324836
75305,1000,-0.329987695963745,0.259692701106472,9.81932868385347,779.326737698214,164.023792692141,-498.788129622203
75315,999,-0.331667951362194,0.259950417441685,9.82194877416629,768.938433861837,153.808535144557,-495.369685223606
75325,1000,-0.331246055852275,0.25976392759591,9.81982306866283,789.079756893025,146.25526478147,-494.061412064951
75335,999,-0.330180190568806,0.26000025361271,9.8204806058504,790.70847949464,145.600965165084,-504.805074811667
75345,1000,-0.330495693585741,0.260288008763518,9.82071594637142,795.825413686326,156.249550787275,-511.45683191228
75355,999,-0.329771177602894,0.260041322807804,9.82172345727949,790.243051342302,142.939474060228,-499.963592107588
75365,1000,-0.330163592901272,0.259649372100743,9.82150547514515,785.843905830138,156.163157660804,-499.17286244663
75375,999,-0.330230469204747,0.259475034141848,9.82096574399604,785.520984274052,146.701085524816,-502.576892430813
75385,1000,-0.330630828951333,0.259230705468366,9.82224059379826,779.237968068525,149.623746803887,-496.644618171821
75395,999,-0.330222272270828,0.258723315766054,9.82073848665293,784.189083805634,148.401078730429,-499.193356222849
75405,1000,-0.331048806188656,0.259254188345444,9.82095681652007,812.505706826785,127.443635125239,-508.076679240523
75415,999,-0.330149479029884,0.259607452241289,9.82155826799402,796.148710551894,130.551040308671,-499.028305676118
75425,1000,-0.330688398720459,0.259085164583891,9.8220010419874,795.3265387708,150.8352033992,-504.119427332126
75435,999,-0.330118323751491,0.260023760655204,9.82281804229256,788.76152376042,153.044470849379,-508.51871211309
75445,1000,-0.329661275802808,0.259136546911163,9.8233003972064,778.048615431875,168.456534529339,-498.843091454264
75455,999,-0.330455933963761,0.260021435667775,9.82267690115981,786.094408403024,140.25138126524,-509.39898169565
75465,1000,-0.330700892622943,0.259685368655504,9.82305754629156,791.710626967981,170.240535201537,-514.09499985121
75475,999,-0.329866317607594,0.259860838942569,9.82351817185992,782.593229947253,168.314135669672,-504.667532689392
75485,1000,-0.331998732298774,0.25918788251791,9.82336196556821,785.983338206321,167.69581605374,-506.317900614569
75495,999,-0.331400257597362,0.261217696670856,9.82061156492993,780.835543557122,169.135298778511,-503.044535646547
75505,1000,-0.331435860136994,0.260451987631273,9.82204556870953,778.647028734026,169.478754537846,-513.627824278691
75515,999,-0.331619893842125,0.260894959118163,9.82192016548813,786.452325743446,163.598110603871,-517.458950060962
75525,999,-0.331091083426854,0.259428799056096,9.82140268709615,783.821656878024,154.26066457866,-499.660999438583
75535,1000,-0.330964105690681,0.259768624650022,9.82325325943058,790.292549072059,161.516389864705,-509.807976950447
75545,999,-0.330890158997372,0.259561551176223,9.82280973220125,778.003086887925,161.253964564418,-515.120733982287
75555,1000,-0.3316162025901,0.260252862126369,9.82252202931345,771.957846461755,164.439316161168,-503.212557103118
75565,999,-0.330865565414064,0.259780957246786,9.82345551756216,766.418650838919,156.126395460651,-505.630327545317
75575,1000,-0.33181445927017,0.260733356063407,9.82319377977122,762.093285025956,165.216475365935,-507.307213591668
75585,999,-0.330884415120811,0.259018627187002,9.82288539386815,770.980865723436,159.833334610177,-514.680599191009
75595,1000,-0.331537628287177,0.259624106002135,9.82401791965123,769.003809084736,163.963303076765,-507.582022751973
75605,999,-0.331557414180997,0.259087202685727,9.82410020145184,784.389667702041,151.809815962221,-512.589958932429
75615,1000,-0.331423349580518,0.258796605104453,9.82347988043506,774.555530015719,161.755556395929,-513.957595271059
75625,999,-0.330763399692482,0.259574151117801,9.82255019839062,766.482939101724,172.59538197872,-499.110830949484
75635,1000,-0.332034351676821,0.259742469009778,9.82192302822632,755.972487326708,169.233863691466,-500.656831912278
75645,999,-0.332041927180453,0.260567118877618,9.82213714931496,775.688647815214,157.404051719489,-496.304971655076
75655,1000,-0.332354589587029,0.260244447274982,9.82298217106874,761.181295156764,161.175385526963,-496.232404431362
75665,999,-0.331625090765238,0.26104137893658,9.82297426402024,757.995880795216,161.599638727059,-502.796959826453
75675,1000,-0.331890566712953,0.259888482537418,9.82295834142541,771.292896858682,163.528070990361,-499.72248076724
75685,999,-0.331017344858816,0.260050142093655,9.82331397911353,776.620478543384,166.991666792348,-500.156151078774
75695,1000,-0.331000514730308,0.260083350780101,9.82387281351338,776.410178477076,172.715136722574,-515.276679240523
75705,999,-0.33142956176856,0.258851531037354,9.82292024636564,784.712272650223,170.817019753267,-510.499318673849
75715,1000,-0.331108467522378,0.258868595103265,9.82347975821552,786.725192518985,171.269510377952,-502.553015118385
75725,999,-0.331691229850883,0.25939654856373,9.82209947032433,796.769455761464,180.620201668881,-492.976452296021
75735,1000,-0.330140413580716,0.258715747728013,9.82332345998127,802.37349383275,162.015487410604,-490.956068553501
75745,999,-0.329904804589775,0.260326138942726,9.82349062496942,794.650106470312,163.098806723919,-508.13359417072
75755,1000,-0.330496402511691,0.258750029195605,9.82360901781662,808.725180422584,144.947665421891,-500.71179374434
75765,999,-0.329977764706845,0.259032220673418,9.82351873091292,800.238947915315,141.964159605288,-499.303389920669
75775,1000,-0.330420013445573,0.259001447381426,9.82355518666908,803.496188337248,142.498915156361,-510.549961683271
75785,999,-0.32990448674688,0.258290150219401,9.82192059005606,802.24293307416,147.123496709308,-504.667532689392
75795,999,-0.330037558624303,0.259214565686528,9.82163367889044,802.467268566365,145.048262732678,-498.203052942469
75805,1000,-0.330890504310955,0.259833130144926,9.82121082030174,811.120220851853,148.200846357046,-501.288892980981
75815,999,-0.330208654941028,0.258728812316664,9.8218349394361,806.890997946899,136.38830665636,-496.66258117299
75825,1000,-0.330920156231559,0.258547516399426,9.82190159503516,809.700929562974,144.330275246026,-503.047671606935
75835,999,-0.331305208910778,0.258528252611712,9.82156598054587,787.008034272189,154.575462892828,-498.9182719783
75845,1000,-0.331453162934068,0.259762204003318,9.82204410475256,795.39586311466,151.223866864877,-503.020190690905
75855,999,-0.331246273792119,0.259655651657972,9.82109890818583,815.303332921069,153.704476587781,-502.136757639533
75865,1000,-0.330830179995643,0.259547784311219,9.82133841922433,803.155085273444,163.013418831216,-499.392709774874
75875,999,-0.330506217534795,0.259955499619494,9.82117188458203,801.685391529559,160.611749928493,-515.863461442572
75885,1000,-0.331543271049971,0.259226434820213,9.82004554767503,799.656926233243,151.118666053412,-507.38965633976
75895,999,-0.331549630936537,0.25929243311414,9.82211319909243,806.561350705702,154.150535422673,-504.997633782851
75905,1000,-0.330618358474304,0.25952088653353,9.82302682825879,798.977358349328,162.465666808858,-500.739274660371
75915,999,-0.331348008935201,0.259398074454635,9.8231069585805,804.88393016584,170.600282227058,-499.853558409768
75925,1000,-0.329792603310998,0.259026958465786,9.82272198079035,831.648970433377,148.743299098717,-505.575915881744
75935,999,-0.330037759756064,0.259119226009409,9.82226651043539,817.797906325986,156.371165115374,-508.738779508731
75945,1000,-0.330631688550795,0.259284735093656,9.82212744781001,802.283459799743,172.286762365346,-497.908740309225
75955,999,-0.330490562627289,0.259242235732176,9.82281498095403,800.824015482271,161.919778201211,-504.502482142662
75965,1000,-0.330205641795252,0.258482773268434,9.82191268838976,804.395484065468,155.54195104463,-504.586602904646
75975,999,-0.329781995416751,0.258904376618611,9.82346648606168,794.110777816644,158.609847169877,-502.219282912897
75985,1000,-0.33008611570599,0.259305373380424,9.82202302647668,792.667501067104,159.91624641062,-499.447671606935
75995,999,-0.330577286286382,0.259036798227365,9.82262550036462,788.024026020265,156.668866224633,-500.871370114603
76005,1000,-0.330732382870007,0.259064830368222,9.82302532997837,782.633173571923,167.979567438015,-507.307213591668
76015,999,-0.330065114760125,0.259799928977255,9.82170603756175,773.976673614375,175.394148041721,-510.2242344293
76025,1000,-0.331152044080572,0.258760127988015,9.8222174421822,779.430452392156,162.21514114256,-509.120954049684
76035,999,-0.330133612290528,0.25842461947689,9.8231147237177,783.644761559429,177.999027953071,-501.036420661333
76045,1000,-0.330745142229431,0.259472424324023,9.82202081562381,786.455853542018,168.500996596342,-500.546908248156
76055,999,-0.330136506850308,0.259727989141067,9.82315620955541,781.962469895487,163.770538915119,-499.826049985314
76065,999,-0.329586285850213,0.258160439890446,9.82197943585371,783.556789055898,166.725473124955,-502.439350308538
76075,1000,-0.329659254516897,0.258957935610446,9.82197022582078,793.100364044701,158.44338163823,-503.377442599302
76085,999,-0.330116644812233,0.259735110497366,9.82282802018635,790.39619091935,161.252848728253,-492.343758533557
